,STATE,Year,CO (in ppm)
0,Alabama,1980,2.234426229508197
1,Alabama,1981,2.2311461794019936
2,Alabama,1982,2.0289049919484703
3,Alabama,1983,2.6281879194630875
4,Alabama,1984,2.4226955848179705
5,Alabama,1985,2.027469358327325
6,Alabama,1986,2.33296783625731
7,Alabama,1987,2.296934225195095
8,Alabama,1988,2.0219330855018587
9,Alabama,1989,1.8940009229349333
10,Alabama,1990,1.834164705882353
11,Alabama,1991,1.6408876298394712
12,Alabama,1992,1.708287037037037
13,Alabama,1993,1.6930583501006038
14,Alabama,1994,1.6120224719101124
15,Alabama,1995,1.303912828132739
16,Alabama,1996,1.2189133777549974
17,Alabama,1997,1.282488986784141
18,Alabama,1998,1.4455382436260622
19,Alabama,1999,1.7887190684133913
20,Alabama,2000,1.6331914893617023
21,Alabama,2001,2.268198874296435
22,Alabama,2002,1.1782608695652175
23,Alabama,2003,0.77137490608565
24,Alabama,2004,0.9544292237442922
25,Alabama,2005,1.2816836262719704
26,Alabama,2006,1.3852941176470588
27,Alabama,2007,1.1036290322580644
28,Alabama,2008,1.091469194312796
29,Alabama,2009,0.8542357274401474
30,Alabama,2010,0.5584513692162417
31,Alabama,2011,0.5018772563176895
32,Alabama,2012,0.5215805471124619
33,Alabama,2013,0.46034482758620693
34,Alabama,2014,0.5333085501858735
35,Alabama,2015,0.5302962962962963
36,Alabama,2016,0.5132337246531483
37,Alabama,2017,0.449051094890511
38,Alabama,2018,0.3926272066458983
39,Alabama,2019,0.4226027397260274
40,Alaska,1980,3.300657276995305
41,Alaska,1981,2.9822605169792196
42,Alaska,1982,3.2653751030502884
43,Alaska,1983,3.9561664190193166
44,Alaska,1984,3.6718026796589527
45,Alaska,1985,3.7084615384615383
46,Alaska,1986,3.583824378971693
47,Alaska,1987,3.361044176706827
48,Alaska,1988,3.58484429065744
49,Alaska,1989,3.347146932952924
50,Alaska,1990,3.5312283136710616
51,Alaska,1991,3.0126995645863572
52,Alaska,1992,3.2197064989517816
53,Alaska,1993,3.193758573388203
54,Alaska,1994,3.152231520223152
55,Alaska,1995,3.1902492668621703
56,Alaska,1996,3.2391744548286607
57,Alaska,1997,2.8981436642453593
58,Alaska,1998,3.166991078669911
59,Alaska,1999,2.764047619047619
60,Alaska,2000,2.4349256068911513
61,Alaska,2001,2.366216216216216
62,Alaska,2002,2.0262923351158646
63,Alaska,2003,1.6826589595375723
64,Alaska,2004,1.81552210724365
65,Alaska,2005,1.6277844311377245
66,Alaska,2006,1.390596892886345
67,Alaska,2007,1.2936283185840707
68,Alaska,2008,1.376619718309859
69,Alaska,2009,1.2163636363636363
70,Alaska,2010,1.4460858585858585
71,Alaska,2011,1.0201417004048583
72,Alaska,2012,1.0857589984350546
73,Alaska,2013,0.8855567805953694
74,Alaska,2014,0.9162237762237763
75,Alaska,2015,0.7362549800796813
76,Alaska,2016,0.7497277676950999
77,Alaska,2017,0.7302912621359223
78,Alaska,2018,0.6155844155844156
79,Alaska,2019,0.6437386569872958
80,Arizona,1980,3.381896551724138
81,Arizona,1981,2.8947559591373437
82,Arizona,1982,3.203594856992915
83,Arizona,1983,2.734907120743034
84,Arizona,1984,2.89211097708082
85,Arizona,1985,2.933852496564361
86,Arizona,1986,3.317578239251243
87,Arizona,1987,2.737842023748064
88,Arizona,1988,2.3221223021582733
89,Arizona,1989,2.424815361890694
90,Arizona,1990,2.1343537414965987
91,Arizona,1991,2.0352519343272313
92,Arizona,1992,2.0814783347493626
93,Arizona,1993,1.8819045911047345
94,Arizona,1994,2.0101792705542962
95,Arizona,1995,2.2322655918540515
96,Arizona,1996,2.0776096149565992
97,Arizona,1997,1.8293924466338258
98,Arizona,1998,1.6448509485094853
99,Arizona,1999,1.8822130854486951
100,Arizona,2000,1.687593778591034
101,Arizona,2001,1.4754185963662272
102,Arizona,2002,1.4271711711711712
103,Arizona,2003,1.3053809171597632
104,Arizona,2004,1.0712468649229667
105,Arizona,2005,1.0078153072224219
106,Arizona,2006,0.9192608991825613
107,Arizona,2007,0.8124775260697591
108,Arizona,2008,0.6673920994879298
109,Arizona,2009,0.6513915005641219
110,Arizona,2010,0.6308622078968573
111,Arizona,2011,0.5934429777104523
112,Arizona,2012,0.6142208774583964
113,Arizona,2013,0.5526382173638849
114,Arizona,2014,0.6019006137398535
115,Arizona,2015,0.5825953613187655
116,Arizona,2016,0.5479368658399097
117,Arizona,2017,0.4792814635221512
118,Arizona,2018,0.4804300024431957
119,Arizona,2019,0.45377464788732397
120,Arkansas,1982,1.093560606060606
121,Arkansas,1983,1.0533333333333335
122,Arkansas,1991,0.22252747252747251
123,Arkansas,1992,0.3170731707317073
124,Arkansas,1993,2.105785123966942
125,Arkansas,1994,2.195890410958904
126,Arkansas,1995,2.0422651933701657
127,Arkansas,1996,1.858241758241758
128,Arkansas,1997,1.8142011834319527
129,Arkansas,1998,2.333888888888889
130,Arkansas,1999,1.7708333333333333
131,Arkansas,2000,1.503551912568306
132,Arkansas,2001,1.103370786516854
133,Arkansas,2002,0.8860869565217391
134,Arkansas,2003,0.7134078212290503
135,Arkansas,2004,0.5788461538461538
136,Arkansas,2005,0.5868131868131868
137,Arkansas,2006,0.7636363636363636
138,Arkansas,2007,0.7306629834254144
139,Arkansas,2008,0.5591780821917808
140,Arkansas,2009,0.5337016574585635
141,Arkansas,2010,0.5593837535014006
142,Arkansas,2011,0.5388429752066115
143,Arkansas,2012,0.5612104539202201
144,Arkansas,2013,0.4695054945054945
145,Arkansas,2014,0.4178082191780822
146,Arkansas,2015,0.3784530386740331
147,Arkansas,2016,0.3760989010989011
148,Arkansas,2017,0.47624309392265196
149,Arkansas,2018,0.3427397260273972
150,Arkansas,2019,0.4495890410958904
151,Arkansas,2020,0.3510869565217391
152,California,1980,2.6322798047873577
153,California,1981,2.2567941507311584
154,California,1982,2.1208987506992356
155,California,1983,2.0938847788446404
156,California,1984,2.1893764798737174
157,California,1985,2.118015838957594
158,California,1986,2.0025165711717783
159,California,1987,1.8692494292237445
160,California,1988,1.8722424422491273
161,California,1989,1.9328974267449783
162,California,1990,1.7637616259042368
163,California,1991,1.7315220141700405
164,California,1992,1.555479304508386
165,California,1993,1.4445045364541773
166,California,1994,1.4392070221532216
167,California,1995,1.3404581789225445
168,California,1996,1.22458553358713
169,California,1997,1.1703883795837462
170,California,1998,1.162950777369202
171,California,1999,1.1809677748664376
172,California,2000,1.0222240365774005
173,California,2001,0.9441882133706033
174,California,2002,0.878720668595307
175,California,2003,0.8031639501438159
176,California,2004,0.7142543713848813
177,California,2005,0.6651115063620194
178,California,2006,0.6769084509891177
179,California,2007,0.6233958739441195
180,California,2008,0.5831177182629746
181,California,2009,0.538203292480686
182,California,2010,0.482303664921466
183,California,2011,0.5113469524728387
184,California,2012,0.4888827173680837
185,California,2013,0.4950869080549936
186,California,2014,0.45023978357994837
187,California,2015,0.4559481790470079
188,California,2016,0.44174885206628073
189,California,2017,0.4549208051476654
190,California,2018,0.4448834275949058
191,California,2019,0.42218589656268446
192,Colorado,1980,3.2879990321800143
193,Colorado,1981,3.2773083313553286
194,Colorado,1982,3.3592234923137565
195,Colorado,1983,3.1699315654405478
196,Colorado,1984,2.8815659955257273
197,Colorado,1985,2.6064590013742555
198,Colorado,1986,2.825872873769024
199,Colorado,1987,2.6533279710436357
200,Colorado,1988,1.8877211941104957
201,Colorado,1989,1.6942313038643313
202,Colorado,1990,1.510403984504704
203,Colorado,1991,1.5308591065292096
204,Colorado,1992,1.5790495867768595
205,Colorado,1993,1.4765015400410677
206,Colorado,1994,1.5294832453663927
207,Colorado,1995,1.5466354897375942
208,Colorado,1996,1.4604461905430055
209,Colorado,1997,1.4299477655252468
210,Colorado,1998,1.4058939096267191
211,Colorado,1999,1.3902690810627856
212,Colorado,2000,1.2274503199730549
213,Colorado,2001,1.1772653575932264
214,Colorado,2002,1.1339945280437755
215,Colorado,2003,1.047056229327453
216,Colorado,2004,0.9281662781662782
217,Colorado,2005,0.8503748733535968
218,Colorado,2006,0.7574429037520392
219,Colorado,2007,0.7008923076923077
220,Colorado,2008,0.635755258126195
221,Colorado,2009,0.5809333333333333
222,Colorado,2010,0.577206121784435
223,Colorado,2011,0.5105430387059503
224,Colorado,2012,0.4740850277264326
225,Colorado,2013,0.47309523809523807
226,Colorado,2014,0.5138211382113821
227,Colorado,2015,0.5495902982628647
228,Colorado,2016,0.5113388429752066
229,Colorado,2017,0.4571203528670448
230,Colorado,2018,0.4513249211356467
231,Colorado,2019,0.45216619318181817
232,Colorado,2020,0.6135135135135135
233,Connecticut,1980,4.030239704978488
234,Connecticut,1981,3.6583533653846154
235,Connecticut,1982,3.300821596244132
236,Connecticut,1983,3.2635045317220546
237,Connecticut,1984,3.4225806451612906
238,Connecticut,1985,2.887705382436261
239,Connecticut,1986,2.8749101796407186
240,Connecticut,1987,2.5768595041322313
241,Connecticut,1988,2.4320393974507533
242,Connecticut,1989,2.3872988505747124
243,Connecticut,1990,2.2584255042290176
244,Connecticut,1991,2.2830061693774537
245,Connecticut,1992,2.0388355002826453
246,Connecticut,1993,1.9126059920859244
247,Connecticut,1994,1.9744736842105262
248,Connecticut,1995,1.6766608896591566
249,Connecticut,1996,1.484904323175053
250,Connecticut,1997,1.5355128974205159
251,Connecticut,1998,1.4947134112409572
252,Connecticut,1999,1.268352272727273
253,Connecticut,2000,1.195814479638009
254,Connecticut,2001,1.2295959021058622
255,Connecticut,2002,1.2665711009174312
256,Connecticut,2003,1.1843714609286522
257,Connecticut,2004,1.0788502484031228
258,Connecticut,2005,1.1726775956284152
259,Connecticut,2006,0.953409090909091
260,Connecticut,2007,0.7037690839694656
261,Connecticut,2008,0.6583249243188698
262,Connecticut,2009,0.6105465004793863
263,Connecticut,2010,0.5320457796852647
264,Connecticut,2011,0.48872255489021954
265,Connecticut,2012,0.45052884615384614
266,Connecticut,2013,0.4128485511208311
267,Connecticut,2014,0.363319791062101
268,Connecticut,2015,0.39197530864197533
269,Connecticut,2016,0.36511226252158896
270,Connecticut,2017,0.3682337139019476
271,Connecticut,2018,0.3615862068965517
272,Connecticut,2019,0.3555860178204249
273,Delaware,1980,2.0318230852211436
274,Delaware,1981,1.8834115805946792
275,Delaware,1982,1.9048211508553654
276,Delaware,1983,2.1920065252854815
277,Delaware,1984,2.7850427350427354
278,Delaware,1985,2.3490054249547923
279,Delaware,1986,2.0117760617760614
280,Delaware,1987,1.7506796116504855
281,Delaware,1988,1.5632825719120136
282,Delaware,1989,1.6308231173380037
283,Delaware,1990,1.345205479452055
284,Delaware,1991,1.3792738275340395
285,Delaware,1992,1.3579510703363915
286,Delaware,1993,1.1815
287,Delaware,1994,1.1701317715959005
288,Delaware,1995,1.0813504823151125
289,Delaware,1996,1.0836705202312138
290,Delaware,1997,1.029243937232525
291,Delaware,1998,0.8705202312138728
292,Delaware,1999,0.7810509554140127
293,Delaware,2000,0.7628279883381923
294,Delaware,2001,0.6950151057401813
295,Delaware,2002,0.6180397727272727
296,Delaware,2003,0.6220505617977528
297,Delaware,2004,0.6014064697609002
298,Delaware,2005,0.597799174690509
299,Delaware,2006,0.5293539325842697
300,Delaware,2007,0.42365439093484425
301,Delaware,2008,0.39663394109396916
302,Delaware,2009,0.34542897327707456
303,Delaware,2010,0.4377745241581259
304,Delaware,2011,0.36737588652482267
305,Delaware,2012,0.35494137353433836
306,Delaware,2013,0.3614307931570762
307,Delaware,2014,0.30632318501170963
308,Delaware,2015,0.3975206611570248
309,Delaware,2016,0.3559077809798271
310,Delaware,2017,0.3524590163934426
311,Delaware,2018,0.32416666666666666
312,Delaware,2019,0.3247813411078717
313,Delaware,2020,0.3766666666666667
314,District Of Columbia,1980,2.990686274509804
315,District Of Columbia,1981,3.3106075216972033
316,District Of Columbia,1982,2.6713426853707416
317,District Of Columbia,1983,3.119818913480885
318,District Of Columbia,1984,3.1459086078639746
319,District Of Columbia,1985,2.8198863636363636
320,District Of Columbia,1986,2.770664739884393
321,District Of Columbia,1987,2.6096774193548384
322,District Of Columbia,1989,2.39093567251462
323,District Of Columbia,1990,2.1709876543209874
324,District Of Columbia,1991,2.2102601156069364
325,District Of Columbia,1992,2.00990371389271
326,District Of Columbia,1993,2.1446716899892357
327,District Of Columbia,1994,2.0649580615097856
328,District Of Columbia,1995,1.717304015296367
329,District Of Columbia,1996,1.681858407079646
330,District Of Columbia,1997,1.5561549100968186
331,District Of Columbia,1998,1.6697260273972605
332,District Of Columbia,1999,1.5492434662998624
333,District Of Columbia,2000,1.548968363136176
334,District Of Columbia,2001,1.4133704735376045
335,District Of Columbia,2002,1.4111724137931034
336,District Of Columbia,2003,1.2835904628330996
337,District Of Columbia,2004,1.0234482758620689
338,District Of Columbia,2005,1.1202479338842974
339,District Of Columbia,2006,1.1513736263736265
340,District Of Columbia,2007,1.0946927374301676
341,District Of Columbia,2008,1.0854595336076818
342,District Of Columbia,2009,1.0198060941828255
343,District Of Columbia,2010,1.0142857142857142
344,District Of Columbia,2011,0.8573829531812726
345,District Of Columbia,2012,0.803329752953813
346,District Of Columbia,2013,0.5302136317395728
347,District Of Columbia,2014,0.5640099626400996
348,District Of Columbia,2015,0.5726966292134832
349,District Of Columbia,2016,0.639984532095901
350,District Of Columbia,2017,0.4700573065902579
351,District Of Columbia,2018,0.4444444444444444
352,District Of Columbia,2019,0.45486968449931414
353,Florida,1980,2.1644015444015445
354,Florida,1981,2.212231466534211
355,Florida,1982,2.096553665953373
356,Florida,1983,2.0135138133806723
357,Florida,1984,1.8204455790206544
358,Florida,1985,1.7710158768055388
359,Florida,1986,1.6147939829954219
360,Florida,1987,1.5878483159680155
361,Florida,1988,1.5416217571124202
362,Florida,1989,1.6685560215698023
363,Florida,1990,1.5132414892405783
364,Florida,1991,1.3645454545454545
365,Florida,1992,1.2921390198443155
366,Florida,1993,1.2738616141526222
367,Florida,1994,1.2011344579264083
368,Florida,1995,1.2642226411350332
369,Florida,1996,1.133485747640821
370,Florida,1997,1.1196126652320935
371,Florida,1998,1.0671383817651507
372,Florida,1999,1.0278309127405834
373,Florida,2000,0.9798683889836705
374,Florida,2001,0.9298761399210562
375,Florida,2002,0.8757317575924144
376,Florida,2003,0.8787496716574731
377,Florida,2004,0.8566842746850873
378,Florida,2005,0.7280505852280372
379,Florida,2006,0.6975330516559902
380,Florida,2007,0.6289124293785311
381,Florida,2008,0.5325315694527962
382,Florida,2009,0.46814053537284894
383,Florida,2010,0.39670091941590047
384,Florida,2011,0.3331631205673759
385,Florida,2012,0.32700811642877137
386,Florida,2013,0.2725014442518775
387,Florida,2014,0.33258106355382616
388,Florida,2015,0.34582349151814473
389,Florida,2016,0.42272642737586014
390,Florida,2017,0.39740417765159197
391,Florida,2018,0.3714173228346456
392,Florida,2019,0.34654765914449315
393,Georgia,1980,2.9629510825982357
394,Georgia,1981,2.4763765541740677
395,Georgia,1982,2.3091653027823242
396,Georgia,1983,2.239890377588307
397,Georgia,1984,2.0728033472803347
398,Georgia,1985,1.554337899543379
399,Georgia,1986,1.9078125
400,Georgia,1987,1.4739357729648992
401,Georgia,1988,1.375475687103594
402,Georgia,1989,1.5918401332223147
403,Georgia,1990,1.782409638554217
404,Georgia,1991,1.6474534161490684
405,Georgia,1992,1.5108597285067873
406,Georgia,1993,1.5297546012269938
407,Georgia,1994,1.6394422310756973
408,Georgia,1995,1.6947740112994352
409,Georgia,1996,1.5072327044025158
410,Georgia,1997,1.3495879120879122
411,Georgia,1998,1.3731638418079097
412,Georgia,1999,1.2495738636363638
413,Georgia,2000,1.0670406732117812
414,Georgia,2001,1.1011510791366905
415,Georgia,2002,0.8454882571075402
416,Georgia,2003,0.7399454049135579
417,Georgia,2004,0.6541666666666667
418,Georgia,2005,0.6699630314232902
419,Georgia,2006,0.6589696412143514
420,Georgia,2007,0.5591123701605288
421,Georgia,2008,0.4868565169769989
422,Georgia,2009,0.38820960698689955
423,Georgia,2010,0.4265286923800564
424,Georgia,2011,0.42212885154061625
425,Georgia,2012,0.4332082551594747
426,Georgia,2013,0.42343173431734316
427,Georgia,2014,0.45364583333333336
428,Georgia,2015,0.59267364414843
429,Georgia,2016,0.7306250000000001
430,Georgia,2017,0.6405487804878048
431,Georgia,2018,0.5991701244813278
432,Georgia,2019,0.6171145685997171
433,Hawaii,1980,0.27468750000000003
434,Hawaii,1981,1.9732418524871356
435,Hawaii,1982,1.8980496453900708
436,Hawaii,1983,1.7925547445255476
437,Hawaii,1984,1.6003976143141152
438,Hawaii,1985,1.4928149606299213
439,Hawaii,1986,1.5023668639053254
440,Hawaii,1987,1.4231778425655977
441,Hawaii,1988,1.2705459770114942
442,Hawaii,1989,1.346372239747634
443,Hawaii,1990,0.9952104499274311
444,Hawaii,1991,0.9432457786116323
445,Hawaii,1992,0.870078125
446,Hawaii,1993,0.8385039370078741
447,Hawaii,1994,0.7861218195836546
448,Hawaii,1995,0.7947033898305085
449,Hawaii,1996,0.8147794117647058
450,Hawaii,1997,0.7477172312223859
451,Hawaii,1998,0.6711988304093568
452,Hawaii,1999,0.5935386927122465
453,Hawaii,2000,0.603719298245614
454,Hawaii,2001,0.6232934553131598
455,Hawaii,2002,0.6172746042670337
456,Hawaii,2003,0.7463788300835654
457,Hawaii,2004,0.7336309523809523
458,Hawaii,2005,0.6011210762331839
459,Hawaii,2006,0.4904707233065442
460,Hawaii,2007,0.42959326788218793
461,Hawaii,2008,0.4306092124814265
462,Hawaii,2009,0.40028901734104044
463,Hawaii,2010,0.3371104815864023
464,Hawaii,2011,0.3800718132854578
465,Hawaii,2012,0.42266473569876906
466,Hawaii,2013,0.4670766319772942
467,Hawaii,2014,0.4100235849056604
468,Hawaii,2015,0.4437699680511182
469,Hawaii,2016,0.3990673575129534
470,Hawaii,2017,0.32020100502512566
471,Hawaii,2018,0.37682926829268293
472,Hawaii,2019,0.21940298507462686
473,Idaho,1980,4.799710144927537
474,Idaho,1981,4.698080614203454
475,Idaho,1982,4.652714535901926
476,Idaho,1983,4.9182539682539685
477,Idaho,1984,3.2321180555555555
478,Idaho,1985,3.248746081504702
479,Idaho,1986,3.153602811950791
480,Idaho,1987,2.84122965641953
481,Idaho,1988,2.5102389078498293
482,Idaho,1989,3.634920634920635
483,Idaho,1990,4.11474358974359
484,Idaho,1991,3.6236994219653176
485,Idaho,1992,3.593888888888889
486,Idaho,1993,2.882102272727273
487,Idaho,1994,2.725462962962963
488,Idaho,1995,2.271652421652422
489,Idaho,1996,1.8558171745152356
490,Idaho,1997,1.9688988095238094
491,Idaho,1998,1.804551724137931
492,Idaho,1999,2.1139449541284403
493,Idaho,2000,1.8030358785648575
494,Idaho,2001,1.7473438956197578
495,Idaho,2002,1.127710843373494
496,Idaho,2003,1.2697542533081285
497,Idaho,2004,1.4594972067039107
498,Idaho,2005,1.344551724137931
499,Idaho,2006,0.9192634560906515
500,Idaho,2007,0.781439393939394
501,Idaho,2008,1.0145454545454546
502,Idaho,2009,0.6737160120845922
503,Idaho,2010,0.4531502423263328
504,Idaho,2011,0.42019914651493595
505,Idaho,2012,0.4219961240310077
506,Idaho,2013,0.4201251303441084
507,Idaho,2014,0.4040604343720491
508,Idaho,2015,0.5017159199237369
509,Idaho,2016,0.447900113507378
510,Idaho,2017,0.45327225130890053
511,Idaho,2018,0.5573002754820937
512,Idaho,2019,0.49368131868131865
513,Illinois,1980,2.760347728547392
514,Illinois,1981,2.621339779005525
515,Illinois,1982,2.5364696931270605
516,Illinois,1983,2.5036124401913877
517,Illinois,1984,2.3930771125893076
518,Illinois,1985,2.0266280417149476
519,Illinois,1986,2.0951559726096884
520,Illinois,1987,2.132679550043265
521,Illinois,1988,1.7593513303554087
522,Illinois,1989,1.6961685823754789
523,Illinois,1990,1.6300189593427428
524,Illinois,1991,1.6489025695931478
525,Illinois,1992,1.6471406086044071
526,Illinois,1993,1.5597897129866438
527,Illinois,1994,1.6159084932947674
528,Illinois,1995,1.3794237798322941
529,Illinois,1996,1.2015986882557903
530,Illinois,1997,1.184804972138877
531,Illinois,1998,1.3053841839596185
532,Illinois,1999,1.3190714484292465
533,Illinois,2000,1.1111886160714286
534,Illinois,2001,1.127853177051203
535,Illinois,2002,1.0911233547597183
536,Illinois,2003,0.9766274238227147
537,Illinois,2004,0.9488107549120993
538,Illinois,2005,0.8479930191972077
539,Illinois,2006,0.7451725339839665
540,Illinois,2007,0.6252399232245681
541,Illinois,2008,0.5782595325953259
542,Illinois,2009,0.5679910998092816
543,Illinois,2010,0.5679016393442623
544,Illinois,2011,0.5714285714285714
545,Illinois,2012,0.525724404378622
546,Illinois,2013,0.295273631840796
547,Illinois,2014,0.3180942184154176
548,Illinois,2015,0.32906976744186045
549,Illinois,2016,0.28986415882967603
550,Illinois,2017,0.2913227513227513
551,Illinois,2018,0.3053886010362694
552,Illinois,2019,0.40574585635359117
553,Illinois,2020,0.3515625
554,Indiana,1980,3.1884976525821593
555,Indiana,1981,2.7636239782016347
556,Indiana,1982,2.2591496232508073
557,Indiana,1983,2.1558380008616975
558,Indiana,1984,2.0310286103542237
559,Indiana,1985,1.8401442307692308
560,Indiana,1986,1.6397361153728136
561,Indiana,1987,1.4367676767676767
562,Indiana,1988,1.4647939091625097
563,Indiana,1989,1.2191483516483517
564,Indiana,1990,1.1865530799475754
565,Indiana,1991,1.0872015281757401
566,Indiana,1992,1.2282701929949964
567,Indiana,1993,1.1553903345724907
568,Indiana,1994,1.2934337997847147
569,Indiana,1995,1.145529899348727
570,Indiana,1996,1.0568512217754409
571,Indiana,1997,1.1560606060606062
572,Indiana,1998,1.0859180035650624
573,Indiana,1999,1.1028457092040909
574,Indiana,2000,0.9959032383925088
575,Indiana,2001,0.980810354530107
576,Indiana,2002,1.0054576463899942
577,Indiana,2003,0.942857142857143
578,Indiana,2004,0.85234375
579,Indiana,2005,0.7387927991528415
580,Indiana,2006,0.7264632848527847
581,Indiana,2007,0.6663047848813831
582,Indiana,2008,0.671656976744186
583,Indiana,2009,0.7442595673876873
584,Indiana,2010,0.7602364320257926
585,Indiana,2011,0.7406175771971496
586,Indiana,2012,0.7556139512661252
587,Indiana,2013,0.5708015267175574
588,Indiana,2014,0.564935064935065
589,Indiana,2015,0.6114040465971796
590,Indiana,2016,0.4902923976608187
591,Indiana,2017,0.5938443670150987
592,Indiana,2018,0.4892078071182549
593,Indiana,2019,0.4812572087658593
594,Indiana,2020,0.32087912087912085
595,Iowa,1980,2.525488232348523
596,Iowa,1981,2.389143627781524
597,Iowa,1982,2.431703703703704
598,Iowa,1983,2.5150693985459354
599,Iowa,1984,2.4383061889250817
600,Iowa,1985,1.644676549865229
601,Iowa,1986,1.5546127946127946
602,Iowa,1987,1.5016686531585222
603,Iowa,1988,1.2407877169559414
604,Iowa,1989,1.2450261780104712
605,Iowa,1990,1.397240551889622
606,Iowa,1991,1.3341931613677265
607,Iowa,1992,1.254144305307096
608,Iowa,1993,1.393590582079791
609,Iowa,1994,1.1915188470066518
610,Iowa,1995,1.1886859163229229
611,Iowa,1996,1.1794312169312169
612,Iowa,1997,1.0030649038461539
613,Iowa,1998,1.026435474701535
614,Iowa,1999,0.9228861330326945
615,Iowa,2000,0.7194491287240024
616,Iowa,2001,0.7605609616485404
617,Iowa,2002,0.6862809917355371
618,Iowa,2003,0.6837557603686636
619,Iowa,2004,0.6632304299889746
620,Iowa,2005,0.4405594405594406
621,Iowa,2006,0.41513706793802146
622,Iowa,2007,0.3343195266272189
623,Iowa,2008,0.3434093161546085
624,Iowa,2009,0.33
625,Iowa,2010,0.33021868787276343
626,Iowa,2011,0.28552894211576846
627,Iowa,2012,0.3148936170212766
628,Iowa,2013,0.2873481781376518
629,Iowa,2014,0.28389261744966443
630,Iowa,2015,0.28982387475538157
631,Iowa,2016,0.27482724580454093
632,Iowa,2017,0.2805300713557594
633,Iowa,2018,0.27716981132075474
634,Iowa,2019,0.26289655172413795
635,Iowa,2020,0.2278688524590164
636,Kansas,1980,2.1597042513863216
637,Kansas,1981,1.9048076923076922
638,Kansas,1982,2.256781802864364
639,Kansas,1983,2.227307692307692
640,Kansas,1984,1.7422053231939163
641,Kansas,1985,2.2078783151326054
642,Kansas,1986,2.0844349680170575
643,Kansas,1987,1.7393981805458363
644,Kansas,1988,1.5795725958516655
645,Kansas,1989,1.449755501222494
646,Kansas,1990,1.3721059113300493
647,Kansas,1991,1.1267844002943341
648,Kansas,1992,1.025531914893617
649,Kansas,1993,1.0075120192307692
650,Kansas,1994,1.053921007441328
651,Kansas,1995,0.9132119788608338
652,Kansas,1996,0.9012244897959183
653,Kansas,1997,0.8192613636363637
654,Kansas,1998,1.0066319895968792
655,Kansas,1999,0.9621917808219178
656,Kansas,2000,0.8690550363447559
657,Kansas,2001,0.6360875706214689
658,Kansas,2002,0.7002588996763754
659,Kansas,2003,0.5468131868131868
660,Kansas,2004,0.5915181753385602
661,Kansas,2005,0.6773598820058997
662,Kansas,2006,0.593491124260355
663,Kansas,2007,0.6175789473684211
664,Kansas,2008,0.5460185185185186
665,Kansas,2009,0.47330827067669173
666,Kansas,2010,0.5881278538812785
667,Kansas,2011,0.43330206378986863
668,Kansas,2012,0.54993531694696
669,Kansas,2013,0.49699812382739206
670,Kansas,2014,0.3782857142857143
671,Kansas,2015,0.4099706744868036
672,Kansas,2016,0.33964497041420116
673,Kansas,2017,0.31097560975609756
674,Kansas,2018,0.3050632911392405
675,Kansas,2019,0.30666666666666664
676,Kentucky,1980,2.209016393442623
677,Kentucky,1981,2.2235189422832446
678,Kentucky,1982,2.4313960639606393
679,Kentucky,1983,2.5440989847715736
680,Kentucky,1984,2.410802361931226
681,Kentucky,1985,1.9695908346972177
682,Kentucky,1986,1.8743750000000001
683,Kentucky,1987,1.848118548118548
684,Kentucky,1988,1.7839785961598993
685,Kentucky,1989,1.7880417589370452
686,Kentucky,1990,1.6175186846038865
687,Kentucky,1991,1.5193270300333703
688,Kentucky,1992,1.39047831917747
689,Kentucky,1993,1.3363221253632211
690,Kentucky,1994,1.3447345705653864
691,Kentucky,1995,1.1959574468085106
692,Kentucky,1996,1.1158359170045313
693,Kentucky,1997,1.0461627637375377
694,Kentucky,1998,1.026568886751623
695,Kentucky,1999,0.7987515923566879
696,Kentucky,2000,0.5274861181221605
697,Kentucky,2001,0.6088384592415647
698,Kentucky,2002,0.5990867579908675
699,Kentucky,2003,0.7084729981378026
700,Kentucky,2004,0.8719495091164096
701,Kentucky,2005,0.737759336099585
702,Kentucky,2006,0.8990112994350282
703,Kentucky,2007,0.7904964539007091
704,Kentucky,2008,0.5822931785195936
705,Kentucky,2009,0.8043933054393305
706,Kentucky,2010,0.5504437869822486
707,Kentucky,2011,0.5366929133858268
708,Kentucky,2012,0.42931034482758623
709,Kentucky,2013,0.3673499267935578
710,Kentucky,2014,0.352636815920398
711,Kentucky,2015,0.32140391254315304
712,Kentucky,2016,0.35454545454545455
713,Kentucky,2017,0.30626204238921
714,Kentucky,2018,0.3102175969725639
715,Kentucky,2019,0.31363636363636366
716,Kentucky,2020,0.19062500000000002
717,Louisiana,1981,2.3359778597785974
718,Louisiana,1982,1.6152272727272727
719,Louisiana,1983,1.7971428571428572
720,Louisiana,1984,2.110367577756833
721,Louisiana,1985,1.97294921875
722,Louisiana,1986,2.0137104506232024
723,Louisiana,1987,1.7688038277511962
724,Louisiana,1988,1.6801519468186135
725,Louisiana,1989,1.3132022471910112
726,Louisiana,1990,1.0575559701492538
727,Louisiana,1991,1.1443413729128014
728,Louisiana,1992,1.3585526315789473
729,Louisiana,1993,1.2457081545064377
730,Louisiana,1994,1.2937361827560796
731,Louisiana,1995,1.1594494047619048
732,Louisiana,1996,1.1757391963608794
733,Louisiana,1997,1.0403940886699508
734,Louisiana,1998,1.1508212560386473
735,Louisiana,1999,1.0831568816169395
736,Louisiana,2000,1.0157250470809793
737,Louisiana,2001,1.1129970902036856
738,Louisiana,2002,0.9166834170854271
739,Louisiana,2003,1.0385192127460168
740,Louisiana,2004,0.8903917910447762
741,Louisiana,2005,0.7259809119830329
742,Louisiana,2006,0.5402061855670103
743,Louisiana,2007,0.5118155619596542
744,Louisiana,2008,0.41813031161473085
745,Louisiana,2009,0.30964187327823695
746,Louisiana,2010,0.3636111111111111
747,Louisiana,2011,0.3125
748,Louisiana,2012,0.3189265536723164
749,Louisiana,2013,0.28515406162464985
750,Louisiana,2014,0.3414084507042254
751,Louisiana,2015,0.5655807365439094
752,Louisiana,2016,0.4697222222222222
753,Louisiana,2017,0.4830609212481427
754,Louisiana,2018,0.45084033613445373
755,Louisiana,2019,0.31307471264367814
756,Louisiana,2020,0.36885245901639346
757,Maine,1980,2.292244224422442
758,Maine,1981,1.5472035794183445
759,Maine,1982,1.355958549222798
760,Maine,1983,2.1025069637883007
761,Maine,1984,2.27875
762,Maine,1985,2.307514450867052
763,Maine,1986,2.1710801393728225
764,Maine,1987,2.1256578947368423
765,Maine,1988,2.041954022988506
766,Maine,1989,2.2323529411764707
767,Maine,1990,0.18850931677018634
768,Maine,1991,0.36875
769,Maine,2001,0.47597402597402594
770,Maine,2002,0.4030386740331492
771,Maine,2003,0.4373015873015873
772,Maine,2004,0.29876543209876544
773,Maine,2005,0.21530398322851155
774,Maine,2006,0.19616368286445013
775,Maine,2007,0.18440145102781136
776,Maine,2008,0.20803673938002298
777,Maine,2009,0.24173640167364016
778,Maine,2010,0.26646403242147926
779,Maine,2011,0.2564500484966053
780,Maine,2012,0.2875616979269497
781,Maine,2013,0.2213235294117647
782,Maine,2014,0.22084690553745928
783,Maine,2015,0.26133603238866393
784,Maine,2016,0.229607250755287
785,Maine,2017,0.22877767083734363
786,Maine,2018,0.20896273917421954
787,Maine,2019,0.19440820130475303
788,Maine,2020,0.23684210526315788
789,Maryland,1980,2.1838235294117645
790,Maryland,1981,3.2818028643639425
791,Maryland,1982,2.8642857142857143
792,Maryland,1983,2.7367004852227614
793,Maryland,1984,3.036159712875729
794,Maryland,1985,2.741042654028436
795,Maryland,1986,2.573326913818007
796,Maryland,1987,2.310336341263331
797,Maryland,1988,2.210528488852188
798,Maryland,1989,2.0219161184210526
799,Maryland,1990,2.1483250961010434
800,Maryland,1991,1.780155979202773
801,Maryland,1992,1.6014912280701754
802,Maryland,1993,1.526908576814326
803,Maryland,1994,1.4997615641392466
804,Maryland,1995,1.3364622641509434
805,Maryland,1996,1.3248821372446307
806,Maryland,1997,1.2201725282017253
807,Maryland,1998,1.2871361502347418
808,Maryland,1999,1.1610455311973018
809,Maryland,2000,0.9214743589743589
810,Maryland,2001,0.7428779069767443
811,Maryland,2002,0.8230235783633841
812,Maryland,2003,0.7073103448275861
813,Maryland,2004,0.6719054242002782
814,Maryland,2005,0.6027576197387519
815,Maryland,2006,0.679502196193265
816,Maryland,2007,0.5639344262295082
817,Maryland,2008,0.44985734664764626
818,Maryland,2009,0.41213235294117645
819,Maryland,2010,0.41374893253629375
820,Maryland,2011,0.3519089574155653
821,Maryland,2012,0.2994538834951456
822,Maryland,2013,0.26486033519553076
823,Maryland,2014,0.284559585492228
824,Maryland,2015,0.3192982456140351
825,Maryland,2016,0.2722222222222222
826,Maryland,2017,0.24370546318289787
827,Maryland,2018,0.2631313131313131
828,Maryland,2019,0.27562076749435666
829,Massachusetts,1980,3.1057985257985257
830,Massachusetts,1981,3.0307336417713153
831,Massachusetts,1982,3.233081998114986
832,Massachusetts,1983,3.223830467812875
833,Massachusetts,1984,2.857659574468085
834,Massachusetts,1985,2.604089083607156
835,Massachusetts,1986,2.5333619210977703
836,Massachusetts,1987,2.2953648462597522
837,Massachusetts,1988,2.0619746233148297
838,Massachusetts,1989,1.9539595619208088
839,Massachusetts,1990,1.8152660550458717
840,Massachusetts,1991,1.7104498760184204
841,Massachusetts,1992,1.7087871700634814
842,Massachusetts,1993,1.6539149888143179
843,Massachusetts,1994,1.6973817034700316
844,Massachusetts,1995,1.4023158571888068
845,Massachusetts,1996,1.5271271585557298
846,Massachusetts,1997,1.3461367249602545
847,Massachusetts,1998,1.2319255071499835
848,Massachusetts,1999,1.090661478599222
849,Massachusetts,2000,0.90456998920475
850,Massachusetts,2001,0.8303149606299213
851,Massachusetts,2002,0.793383101459111
852,Massachusetts,2003,0.7642597087378641
853,Massachusetts,2004,0.5287694974003466
854,Massachusetts,2005,0.5345413363533409
855,Massachusetts,2006,0.5850847457627119
856,Massachusetts,2007,0.4710776102735902
857,Massachusetts,2008,0.43558515699333966
858,Massachusetts,2009,0.444959772834832
859,Massachusetts,2010,0.3567005937234945
860,Massachusetts,2011,0.3955583756345178
861,Massachusetts,2012,0.3723831775700934
862,Massachusetts,2013,0.3473821989528796
863,Massachusetts,2014,0.3393989296006587
864,Massachusetts,2015,0.33022477283596363
865,Massachusetts,2016,0.3197501201345507
866,Massachusetts,2017,0.30825732117138743
867,Massachusetts,2018,0.34971050454921426
868,Massachusetts,2019,0.33527013251783894
869,Massachusetts,2020,0.41025641025641024
870,Michigan,1980,1.8237889273356402
871,Michigan,1981,1.6346962892933112
872,Michigan,1982,1.6250116333178224
873,Michigan,1983,1.6266700277287622
874,Michigan,1984,1.6721744471744473
875,Michigan,1985,1.3721779548472774
876,Michigan,1986,1.3980807412309728
877,Michigan,1987,1.349158249158249
878,Michigan,1988,1.2887388870595984
879,Michigan,1989,1.2611849390919156
880,Michigan,1990,1.0996075133165126
881,Michigan,1991,1.0518947963800904
882,Michigan,1992,1.0369329896907218
883,Michigan,1993,0.9847088607594936
884,Michigan,1994,1.0369352708058124
885,Michigan,1995,0.9779607163489312
886,Michigan,1996,0.9209794437726723
887,Michigan,1997,0.7842414355628058
888,Michigan,1998,0.7846553002223869
889,Michigan,1999,0.7404805914972273
890,Michigan,2000,0.5861797752808988
891,Michigan,2001,0.5143261837312829
892,Michigan,2002,0.5352785145888593
893,Michigan,2003,0.5022596548890715
894,Michigan,2004,0.4768386834620073
895,Michigan,2005,0.44725925925925925
896,Michigan,2006,0.4369968340117594
897,Michigan,2007,0.3854741896758704
898,Michigan,2008,0.3807984790874525
899,Michigan,2009,0.3961820851688693
900,Michigan,2010,0.4106936416184971
901,Michigan,2011,0.43582089552238806
902,Michigan,2012,0.3869686411149825
903,Michigan,2013,0.35322916666666665
904,Michigan,2014,0.39547844374342794
905,Michigan,2015,0.43828730995966486
906,Michigan,2016,0.4392845936617509
907,Michigan,2017,0.4920585487387107
908,Michigan,2018,0.48749632244777874
909,Michigan,2019,0.5150637711134092
910,Minnesota,1980,3.7106551204819276
911,Minnesota,1981,3.2350456235214597
912,Minnesota,1982,3.2250083808246734
913,Minnesota,1983,3.144347826086957
914,Minnesota,1984,3.3313865546218486
915,Minnesota,1985,3.0917180616740088
916,Minnesota,1986,2.8703045685279185
917,Minnesota,1987,2.841512859304085
918,Minnesota,1988,2.9286849950314675
919,Minnesota,1989,2.6994960806270996
920,Minnesota,1990,2.171858993672793
921,Minnesota,1991,2.341931330472103
922,Minnesota,1992,2.0910141685309473
923,Minnesota,1993,2.0558862001308045
924,Minnesota,1994,1.727302968270215
925,Minnesota,1995,1.5855187517109224
926,Minnesota,1996,1.4511251125112512
927,Minnesota,1997,1.2143034055727553
928,Minnesota,1998,1.2462807135644562
929,Minnesota,1999,0.9732945855001529
930,Minnesota,2000,0.8480979827089338
931,Minnesota,2001,0.7413371266002845
932,Minnesota,2002,0.6346298619824341
933,Minnesota,2003,0.5338175046554935
934,Minnesota,2004,0.4758730158730159
935,Minnesota,2005,0.4690988835725678
936,Minnesota,2006,0.3782866166600869
937,Minnesota,2007,0.371310181531176
938,Minnesota,2008,0.2970356646595646
939,Minnesota,2009,0.3074712643678161
940,Minnesota,2010,0.43208999407933685
941,Minnesota,2011,0.20762376237623764
942,Minnesota,2012,0.17236482796286184
943,Minnesota,2013,0.17189265536723164
944,Minnesota,2014,0.23202273803884416
945,Minnesota,2015,0.2721212121212121
946,Minnesota,2016,0.30145409223099295
947,Minnesota,2017,0.3470285261489699
948,Minnesota,2018,0.42950257289879934
949,Minnesota,2019,0.3845703125
950,Mississippi,1980,1.4712609970674486
951,Mississippi,1981,1.6663492063492062
952,Mississippi,1982,1.4714285714285713
953,Mississippi,1983,1.741337386018237
954,Mississippi,1984,1.5811111111111111
955,Mississippi,1985,1.8202777777777777
956,Mississippi,1986,1.5452722063037247
957,Mississippi,1987,1.6129476584022038
958,Mississippi,1988,1.9800000000000002
959,Mississippi,1989,1.8663663663663663
960,Mississippi,1990,1.4709497206703912
961,Mississippi,1991,1.3142857142857143
962,Mississippi,1992,1.076595744680851
963,Mississippi,1993,1.0478386167146976
964,Mississippi,1994,0.8193103448275862
965,Mississippi,1995,0.7758765778401122
966,Mississippi,1996,0.6191516709511568
967,Mississippi,1997,0.5598048780487804
968,Mississippi,1998,0.5634078212290502
969,Mississippi,1999,0.5777622377622378
970,Mississippi,2000,0.6098314606741573
971,Mississippi,2001,0.8137829912023461
972,Mississippi,2002,0.6295890410958904
973,Mississippi,2003,0.6855555555555556
974,Mississippi,2004,0.5903682719546742
975,Mississippi,2005,0.6466480446927374
976,Mississippi,2010,0.34838709677419355
977,Mississippi,2011,0.3146814404432133
978,Mississippi,2012,0.2723756906077348
979,Mississippi,2013,0.34619565217391307
980,Mississippi,2014,0.3256267409470752
981,Mississippi,2015,0.416986301369863
982,Mississippi,2016,0.3202185792349727
983,Mississippi,2017,0.3565096952908587
984,Mississippi,2018,0.22536764705882353
985,Mississippi,2019,0.24027397260273972
986,Mississippi,2020,0.2918032786885246
987,Missouri,1980,2.5189516129032254
988,Missouri,1981,1.8942701798410706
989,Missouri,1982,1.8119768477292963
990,Missouri,1983,1.5947070572569906
991,Missouri,1984,1.7372168284789644
992,Missouri,1985,1.444597643519679
993,Missouri,1986,1.6264975715056664
994,Missouri,1987,1.5512484548825711
995,Missouri,1988,1.405309523809524
996,Missouri,1989,1.2990714285714287
997,Missouri,1990,1.319459868753155
998,Missouri,1991,1.1759594496741492
999,Missouri,1992,1.1454176610978521
1000,Missouri,1993,1.1520240213523132
1001,Missouri,1994,1.1344492440604752
1002,Missouri,1995,1.1283748925193464
1003,Missouri,1996,1.0824470482199189
1004,Missouri,1997,1.1203959484346224
1005,Missouri,1998,1.1582978723404254
1006,Missouri,1999,1.0390945472736368
1007,Missouri,2000,0.9334568187080342
1008,Missouri,2001,0.8512533875338754
1009,Missouri,2002,0.8470063694267516
1010,Missouri,2003,0.7954649827784156
1011,Missouri,2004,0.6408333333333333
1012,Missouri,2005,0.6412483912483913
1013,Missouri,2006,0.5673111782477341
1014,Missouri,2007,0.5505168849069607
1015,Missouri,2008,0.4326685006877579
1016,Missouri,2009,0.3847445766270119
1017,Missouri,2010,0.3548109965635739
1018,Missouri,2011,0.37095890410958904
1019,Missouri,2012,0.3773224043715847
1020,Missouri,2013,0.37276995305164323
1021,Missouri,2014,0.3689275893675527
1022,Missouri,2015,0.39066918001885015
1023,Missouri,2016,0.41145539906103284
1024,Missouri,2017,0.3728797763280522
1025,Missouri,2018,0.3694977168949772
1026,Missouri,2019,0.36090573012939003
1027,Montana,1980,2.943143143143143
1028,Montana,1981,2.364232209737828
1029,Montana,1982,2.6778242677824267
1030,Montana,1983,2.8846607669616517
1031,Montana,1984,2.0869727047146402
1032,Montana,1985,2.268774193548387
1033,Montana,1986,2.8896028037383177
1034,Montana,1987,3.2636042402826857
1035,Montana,1988,3.230675422138837
1036,Montana,1989,2.832462686567164
1037,Montana,1990,2.4542239685658154
1038,Montana,1991,2.718001978239367
1039,Montana,1992,2.5697412823397077
1040,Montana,1993,2.4414348462664717
1041,Montana,1994,2.200426136363636
1042,Montana,1995,2.174180041870202
1043,Montana,1996,1.913177570093458
1044,Montana,1997,1.7762567324955116
1045,Montana,1998,1.7278046811945118
1046,Montana,1999,1.4367245657568237
1047,Montana,2000,1.3137023593466426
1048,Montana,2001,1.2570941627609715
1049,Montana,2002,1.0544212523719165
1050,Montana,2003,1.0831779331779332
1051,Montana,2004,0.9328339575530586
1052,Montana,2005,0.86168430335097
1053,Montana,2006,0.814708886618999
1054,Montana,2007,0.6391857506361324
1055,Montana,2008,0.5988320355951057
1056,Montana,2009,0.5432488360062079
1057,Montana,2010,0.5006184291898578
1058,Montana,2011,0.3087
1059,Montana,2012,0.12129337539432178
1060,Montana,2013,0.120404984423676
1061,Montana,2014,0.15834522111269614
1062,Montana,2015,0.2037974683544304
1063,Montana,2016,0.23367799113737073
1064,Montana,2017,0.21203007518796993
1065,Montana,2018,0.1875
1066,Montana,2019,0.18118518518518517
1067,Montana,2020,0.1625
1068,Nebraska,1980,1.8393288590604027
1069,Nebraska,1981,2.0321377331420374
1070,Nebraska,1982,2.214796283059328
1071,Nebraska,1983,1.6601164483260553
1072,Nebraska,1984,1.6059667673716014
1073,Nebraska,1985,1.2890231621349446
1074,Nebraska,1986,1.8114146341463415
1075,Nebraska,1987,1.6994837758112094
1076,Nebraska,1988,1.7929875821767713
1077,Nebraska,1989,1.532199861207495
1078,Nebraska,1990,1.5881735479356194
1079,Nebraska,1991,1.5636557610241821
1080,Nebraska,1992,1.5545454545454545
1081,Nebraska,1993,1.3070588235294118
1082,Nebraska,1994,1.2525487256371814
1083,Nebraska,1995,1.2643515237420269
1084,Nebraska,1996,1.0730848861283644
1085,Nebraska,1997,1.0694362017804153
1086,Nebraska,1998,1.263876651982379
1087,Nebraska,1999,1.3443213296398893
1088,Nebraska,2000,0.9254394079555966
1089,Nebraska,2001,0.9317968015051741
1090,Nebraska,2002,0.9260617760617761
1091,Nebraska,2003,0.8728624535315985
1092,Nebraska,2004,0.8265668849391955
1093,Nebraska,2005,0.8013546798029557
1094,Nebraska,2006,0.7851485148514852
1095,Nebraska,2007,0.7391910739191074
1096,Nebraska,2008,0.6890603085553997
1097,Nebraska,2009,0.6968275862068966
1098,Nebraska,2010,0.6770308123249299
1099,Nebraska,2011,0.4867745004757374
1100,Nebraska,2012,0.4756064690026954
1101,Nebraska,2013,0.4015277777777778
1102,Nebraska,2014,0.47394366197183097
1103,Nebraska,2015,0.4536652835408022
1104,Nebraska,2016,0.3968275862068965
1105,Nebraska,2017,0.3814245810055866
1106,Nebraska,2018,0.37672176308539945
1107,Nebraska,2019,0.3629834254143647
1108,Nevada,1980,4.305004314063848
1109,Nevada,1981,3.363444976076555
1110,Nevada,1982,3.0665515256188836
1111,Nevada,1983,2.377685950413223
1112,Nevada,1984,2.754472843450479
1113,Nevada,1985,3.3234454638124364
1114,Nevada,1986,2.973873873873874
1115,Nevada,1987,2.7269724770642205
1116,Nevada,1988,2.786970338983051
1117,Nevada,1989,2.577025641025641
1118,Nevada,1990,2.2120696038504257
1119,Nevada,1991,2.0045091918140825
1120,Nevada,1992,1.9177210765466621
1121,Nevada,1993,1.772566371681416
1122,Nevada,1994,1.9327673410404622
1123,Nevada,1995,1.7566345873432487
1124,Nevada,1996,1.5768161112443058
1125,Nevada,1997,1.5943259636079046
1126,Nevada,1998,1.2830993745656705
1127,Nevada,1999,1.3199325201141967
1128,Nevada,2000,1.0971151454861974
1129,Nevada,2001,1.0352204288123343
1130,Nevada,2002,1.024898493778651
1131,Nevada,2003,1.0240496857228374
1132,Nevada,2004,1.0896354166666666
1133,Nevada,2005,1.0245985401459854
1134,Nevada,2006,0.9712136822583969
1135,Nevada,2007,0.8619199659429545
1136,Nevada,2008,0.7910907003444316
1137,Nevada,2009,0.7261735419630156
1138,Nevada,2010,0.6314943760042849
1139,Nevada,2011,0.6349162011173185
1140,Nevada,2012,0.6543307086614173
1141,Nevada,2013,0.6137299126021991
1142,Nevada,2014,0.5518585131894485
1143,Nevada,2015,0.5217768595041322
1144,Nevada,2016,0.4953003677973028
1145,Nevada,2017,0.5659822678488101
1146,Nevada,2018,0.5663793103448276
1147,Nevada,2019,0.4776811594202898
1148,New Hampshire,1980,3.715929203539823
1149,New Hampshire,1981,4.513164556962026
1150,New Hampshire,1982,4.899134199134199
1151,New Hampshire,1983,4.674395448079658
1152,New Hampshire,1984,4.059401709401709
1153,New Hampshire,1985,4.203238866396761
1154,New Hampshire,1986,3.7872126436781612
1155,New Hampshire,1987,3.058920539730135
1156,New Hampshire,1988,2.536098981077147
1157,New Hampshire,1989,1.8571839080459769
1158,New Hampshire,1990,1.8195530726256983
1159,New Hampshire,1991,1.8584637268847795
1160,New Hampshire,1992,1.7870129870129872
1161,New Hampshire,1993,1.8468390804597703
1162,New Hampshire,1994,1.86056338028169
1163,New Hampshire,1995,1.4095170454545454
1164,New Hampshire,1996,1.6245714285714286
1165,New Hampshire,1997,1.5254261363636366
1166,New Hampshire,1998,1.3613636363636363
1167,New Hampshire,1999,1.2879756468797565
1168,New Hampshire,2000,1.0160058737151247
1169,New Hampshire,2001,0.886039886039886
1170,New Hampshire,2002,0.6523415977961433
1171,New Hampshire,2003,0.8257790368271954
1172,New Hampshire,2004,0.7397774687065368
1173,New Hampshire,2005,0.7803977272727273
1174,New Hampshire,2006,0.736615811373093
1175,New Hampshire,2007,0.6686440677966101
1176,New Hampshire,2008,0.6408839779005525
1177,New Hampshire,2009,0.6137142857142858
1178,New Hampshire,2010,0.5917355371900826
1179,New Hampshire,2011,0.39810964083175804
1180,New Hampshire,2012,0.30861079219288173
1181,New Hampshire,2013,0.24209215442092155
1182,New Hampshire,2014,0.19929378531073447
1183,New Hampshire,2015,0.20525587828492395
1184,New Hampshire,2016,0.1882183908045977
1185,New Hampshire,2017,0.1853658536585366
1186,New Hampshire,2018,0.18971830985915494
1187,New Hampshire,2019,0.17862266857962697
1188,New Jersey,1980,2.8383244503664224
1189,New Jersey,1981,2.657889430347841
1190,New Jersey,1982,2.593432055749129
1191,New Jersey,1983,3.0306777645659926
1192,New Jersey,1984,3.2153136946255905
1193,New Jersey,1985,2.8053189235007414
1194,New Jersey,1986,2.608230452674897
1195,New Jersey,1987,2.3595623215984776
1196,New Jersey,1988,2.294601889338731
1197,New Jersey,1989,2.188434763081069
1198,New Jersey,1990,2.049735935706085
1199,New Jersey,1991,2.03919259882254
1200,New Jersey,1992,2.047222222222222
1201,New Jersey,1993,1.9447078054760931
1202,New Jersey,1994,1.9710041841004184
1203,New Jersey,1995,1.6958557481570034
1204,New Jersey,1996,1.6785028022417934
1205,New Jersey,1997,1.5086019163763067
1206,New Jersey,1998,1.5177369353410097
1207,New Jersey,1999,1.4599552071668533
1208,New Jersey,2000,1.271246077991932
1209,New Jersey,2001,1.1339990817263543
1210,New Jersey,2002,0.9988300068823124
1211,New Jersey,2003,0.9699748110831234
1212,New Jersey,2004,0.8670401250651381
1213,New Jersey,2005,0.842156862745098
1214,New Jersey,2006,0.6936507936507936
1215,New Jersey,2007,0.5653158188932365
1216,New Jersey,2008,0.5166260492824263
1217,New Jersey,2009,0.5122135346454569
1218,New Jersey,2010,0.48111282843894904
1219,New Jersey,2011,0.559009227780476
1220,New Jersey,2012,0.5864488808227465
1221,New Jersey,2013,0.5286272321428571
1222,New Jersey,2014,0.4960115329168669
1223,New Jersey,2015,0.4996771217712177
1224,New Jersey,2016,0.44493494423791824
1225,New Jersey,2017,0.413844714686623
1226,New Jersey,2018,0.4368833563854311
1227,New Jersey,2019,0.42993135011441647
1228,New Mexico,1980,2.850908479138627
1229,New Mexico,1981,2.9648023862788966
1230,New Mexico,1982,2.7202490170380083
1231,New Mexico,1983,2.8246540070807855
1232,New Mexico,1984,2.6570013661202183
1233,New Mexico,1985,2.153174872665535
1234,New Mexico,1986,2.384143023707734
1235,New Mexico,1987,2.222822822822823
1236,New Mexico,1988,1.7905848787446506
1237,New Mexico,1989,1.8429993964996982
1238,New Mexico,1990,1.6082562958240358
1239,New Mexico,1991,1.5447089096172402
1240,New Mexico,1992,1.4667327293318233
1241,New Mexico,1993,1.411011293634497
1242,New Mexico,1994,1.346344580777096
1243,New Mexico,1995,1.2933871387659464
1244,New Mexico,1996,1.0759506421556284
1245,New Mexico,1997,0.8754985044865404
1246,New Mexico,1998,1.0090282727488715
1247,New Mexico,1999,1.0271332436069986
1248,New Mexico,2000,0.9314651721377101
1249,New Mexico,2001,0.9779530588687956
1250,New Mexico,2002,0.7938232161874333
1251,New Mexico,2003,0.7327202323330105
1252,New Mexico,2004,0.564885290148448
1253,New Mexico,2005,0.5588268792710706
1254,New Mexico,2006,0.5195703354914656
1255,New Mexico,2007,0.47784568372803665
1256,New Mexico,2008,0.5467430207587688
1257,New Mexico,2009,0.6037096774193549
1258,New Mexico,2010,0.5082427536231884
1259,New Mexico,2011,0.587177033492823
1260,New Mexico,2012,0.5105882352941177
1261,New Mexico,2013,0.3532423208191126
1262,New Mexico,2014,0.3360655737704918
1263,New Mexico,2015,0.31405325443786986
1264,New Mexico,2016,0.3353566009104704
1265,New Mexico,2017,0.31255742725880553
1266,New Mexico,2018,0.31668965517241376
1267,New Mexico,2019,0.27023319615912206
1268,New York,1980,1.9778948909383691
1269,New York,1981,2.0563046757164405
1270,New York,1982,1.9520247809005742
1271,New York,1983,2.1643353783231083
1272,New York,1984,2.805759395152324
1273,New York,1985,3.0315917644454284
1274,New York,1986,2.9368051118210863
1275,New York,1987,2.9361819727891154
1276,New York,1988,2.3367258464079272
1277,New York,1989,2.2855143721633886
1278,New York,1990,2.108569166831585
1279,New York,1991,2.057887623093261
1280,New York,1992,1.8698892843020956
1281,New York,1993,1.7618785656071718
1282,New York,1994,1.7462771353215663
1283,New York,1995,1.5203954802259887
1284,New York,1996,1.4547374539817863
1285,New York,1997,1.2785200605601816
1286,New York,1998,1.1673676706469436
1287,New York,1999,1.1350219520432288
1288,New York,2000,1.0274434782608697
1289,New York,2001,0.9028631652907079
1290,New York,2002,0.7722607189259421
1291,New York,2003,0.8112187429601262
1292,New York,2004,0.6820089601509078
1293,New York,2005,0.6107606207071992
1294,New York,2006,0.575955289836236
1295,New York,2007,0.5330094466936572
1296,New York,2008,0.4676143706384079
1297,New York,2009,0.4376163391933816
1298,New York,2010,0.45691797845898924
1299,New York,2011,0.42817893624515674
1300,New York,2012,0.3703409467063886
1301,New York,2013,0.3480546357615894
1302,New York,2014,0.3441594317284925
1303,New York,2015,0.32378068218042716
1304,New York,2016,0.2973156532988357
1305,New York,2017,0.21790160047421459
1306,New York,2018,0.32193422519509474
1307,New York,2019,0.3140716069941715
1308,New York,2020,0.35571955719557197
1309,North Carolina,1980,3.642168674698795
1310,North Carolina,1981,3.1306153265383165
1311,North Carolina,1982,3.0462787015043546
1312,North Carolina,1983,3.01307974641308
1313,North Carolina,1984,3.0809551043751786
1314,North Carolina,1985,2.6028500276701716
1315,North Carolina,1986,2.92716119828816
1316,North Carolina,1987,2.5898785425101214
1317,North Carolina,1988,2.4879249388088116
1318,North Carolina,1989,2.37590051457976
1319,North Carolina,1990,2.241574867401061
1320,North Carolina,1991,2.1006458333333335
1321,North Carolina,1992,1.8935995414596867
1322,North Carolina,1993,1.6753811503811502
1323,North Carolina,1994,1.4802281368821293
1324,North Carolina,1995,1.3567510250247419
1325,North Carolina,1996,1.312891986062718
1326,North Carolina,1997,1.3267055879899918
1327,North Carolina,1998,1.3394701986754967
1328,North Carolina,1999,1.2387932960893855
1329,North Carolina,2000,1.0887625236934741
1330,North Carolina,2001,1.0321853475266125
1331,North Carolina,2002,0.9917254174397031
1332,North Carolina,2003,0.9881076388888889
1333,North Carolina,2004,0.8713863060016905
1334,North Carolina,2005,0.8212871287128712
1335,North Carolina,2006,0.7626698641087131
1336,North Carolina,2007,0.6600394477317555
1337,North Carolina,2008,0.5917450812660393
1338,North Carolina,2009,0.5263703703703704
1339,North Carolina,2010,0.5374160206718347
1340,North Carolina,2011,0.5008138903960934
1341,North Carolina,2012,0.42064308681672025
1342,North Carolina,2013,0.42841803865425915
1343,North Carolina,2014,0.42240484429065744
1344,North Carolina,2015,0.40753623188405796
1345,North Carolina,2016,0.3524425287356322
1346,North Carolina,2017,0.3718021201413428
1347,North Carolina,2018,0.3668302945301543
1348,North Carolina,2019,0.4013831258644536
1349,North Carolina,2020,0.40053763440860213
1350,North Dakota,1990,0.3229166666666667
1351,North Dakota,1991,1.1038709677419354
1352,North Dakota,1992,1.160759493670886
1353,North Dakota,1993,1.1271084337349397
1354,North Dakota,1994,1.1311827956989247
1355,North Dakota,2008,0.21460674157303372
1356,North Dakota,2009,0.20336134453781515
1357,North Dakota,2010,0.20974930362116992
1358,North Dakota,2011,0.19646017699115048
1359,North Dakota,2012,0.20921787709497208
1360,North Dakota,2013,0.18115015974440896
1361,North Dakota,2014,0.1917763157894737
1362,North Dakota,2015,0.20222222222222222
1363,North Dakota,2016,0.20656250000000004
1364,North Dakota,2017,0.21448863636363635
1365,North Dakota,2018,0.2029325513196481
1366,North Dakota,2019,0.1978082191780822
1367,Ohio,1980,2.258804228946409
1368,Ohio,1981,2.0689882136843716
1369,Ohio,1982,2.076962951669462
1370,Ohio,1983,1.9952338792976245
1371,Ohio,1984,1.987524965432478
1372,Ohio,1985,1.8208551215010766
1373,Ohio,1986,1.8113576594345824
1374,Ohio,1987,1.8686414891712906
1375,Ohio,1988,1.853659000190078
1376,Ohio,1989,1.6854428044280443
1377,Ohio,1990,1.5408304498269898
1378,Ohio,1991,1.327973228076197
1379,Ohio,1992,1.3717100200092351
1380,Ohio,1993,1.1843551484709705
1381,Ohio,1994,1.2417025063028324
1382,Ohio,1995,1.0529904306220095
1383,Ohio,1996,1.0687863191100782
1384,Ohio,1997,0.956086956521739
1385,Ohio,1998,0.9750552224676553
1386,Ohio,1999,0.9193968358602504
1387,Ohio,2000,0.8845727565248481
1388,Ohio,2001,0.826336011177087
1389,Ohio,2002,0.7676285414480588
1390,Ohio,2003,0.7719347482897737
1391,Ohio,2004,0.7511944755505786
1392,Ohio,2005,0.6911658767772512
1393,Ohio,2006,0.5992959163146248
1394,Ohio,2007,0.5700324412003245
1395,Ohio,2008,0.5366856871136472
1396,Ohio,2009,0.46638418079096045
1397,Ohio,2010,0.5201820940819424
1398,Ohio,2011,0.4567878077373974
1399,Ohio,2012,0.49407343162763806
1400,Ohio,2013,0.5102701181767023
1401,Ohio,2014,0.37975115881922417
1402,Ohio,2015,0.3577191129883844
1403,Ohio,2016,0.36083283041641523
1404,Ohio,2017,0.316021986970684
1405,Ohio,2018,0.3185700099304866
1406,Ohio,2019,0.29015421115065243
1407,Ohio,2020,0.2928783382789318
1408,Oklahoma,1980,2.4868715083798882
1409,Oklahoma,1981,2.0479582146248814
1410,Oklahoma,1982,1.8350037965072132
1411,Oklahoma,1983,1.518970893970894
1412,Oklahoma,1984,1.3828543594739406
1413,Oklahoma,1985,1.379932950191571
1414,Oklahoma,1986,1.5848571428571427
1415,Oklahoma,1987,1.5509433962264152
1416,Oklahoma,1988,1.4635235732009924
1417,Oklahoma,1989,1.590068493150685
1418,Oklahoma,1990,1.3792273236282195
1419,Oklahoma,1991,1.3692480359147026
1420,Oklahoma,1992,1.2791420118343195
1421,Oklahoma,1993,1.2064591078066915
1422,Oklahoma,1994,1.1927556818181817
1423,Oklahoma,1995,1.2508474576271187
1424,Oklahoma,1996,1.1549693251533741
1425,Oklahoma,1997,1.1229098090849243
1426,Oklahoma,1998,1.0768310196266155
1427,Oklahoma,1999,0.9323704333050128
1428,Oklahoma,2000,0.7512384473197782
1429,Oklahoma,2001,0.7024327784891166
1430,Oklahoma,2002,0.6161406969099277
1431,Oklahoma,2003,0.5265127388535031
1432,Oklahoma,2004,0.27632020117351214
1433,Oklahoma,2005,0.3044067796610169
1434,Oklahoma,2006,0.3536935704514364
1435,Oklahoma,2007,0.4039655172413793
1436,Oklahoma,2008,0.3391574585635359
1437,Oklahoma,2009,0.4258137774413323
1438,Oklahoma,2010,0.37481840193704596
1439,Oklahoma,2011,0.31858695652173913
1440,Oklahoma,2012,0.2679245283018868
1441,Oklahoma,2013,0.25100401606425704
1442,Oklahoma,2014,0.23131604226705094
1443,Oklahoma,2015,0.3225419664268585
1444,Oklahoma,2016,0.3449573863636364
1445,Oklahoma,2017,0.36262848751835536
1446,Oklahoma,2018,0.3540560471976401
1447,Oklahoma,2019,0.34942084942084944
1448,Oklahoma,2020,0.45483870967741935
1449,Oregon,1980,4.3676735798016235
1450,Oregon,1981,4.068641362185172
1451,Oregon,1982,3.595356145251397
1452,Oregon,1983,3.6700801114594217
1453,Oregon,1984,3.497379454926625
1454,Oregon,1985,3.5369360597208694
1455,Oregon,1986,3.457098860486603
1456,Oregon,1987,3.24447123665174
1457,Oregon,1988,3.2409580193756726
1458,Oregon,1989,3.5103065005052208
1459,Oregon,1990,3.4385855624770976
1460,Oregon,1991,3.42417695473251
1461,Oregon,1992,3.0539676966292135
1462,Oregon,1993,2.90216271884655
1463,Oregon,1994,2.800345184673801
1464,Oregon,1995,2.5864027538726333
1465,Oregon,1996,2.507430997876858
1466,Oregon,1997,2.4657731958762885
1467,Oregon,1998,2.2609899619245413
1468,Oregon,1999,2.122031523642732
1469,Oregon,2000,1.9902226861517047
1470,Oregon,2001,1.8143557422969188
1471,Oregon,2002,1.7119451461566222
1472,Oregon,2003,1.5494826311899481
1473,Oregon,2004,1.428026412325752
1474,Oregon,2005,1.2854977468250717
1475,Oregon,2006,1.0814224402207235
1476,Oregon,2007,0.8590496156533892
1477,Oregon,2008,0.7123066104078762
1478,Oregon,2009,0.6683588317107093
1479,Oregon,2010,0.6041899441340782
1480,Oregon,2011,0.5191780821917809
1481,Oregon,2012,0.47031700288184436
1482,Oregon,2013,0.44540059347181005
1483,Oregon,2014,0.394017094017094
1484,Oregon,2015,0.49
1485,Oregon,2016,0.3993630573248408
1486,Oregon,2017,0.3852713178294574
1487,Oregon,2018,0.42344827586206896
1488,Oregon,2019,0.31666666666666665
1489,Pennsylvania,1980,2.7644465740297077
1490,Pennsylvania,1981,2.7875739644970414
1491,Pennsylvania,1982,1.9171736869474778
1492,Pennsylvania,1983,1.8884640241275312
1493,Pennsylvania,1984,1.8379612792812063
1494,Pennsylvania,1985,1.6468315109343938
1495,Pennsylvania,1986,1.7106890459363957
1496,Pennsylvania,1987,1.7202541883304447
1497,Pennsylvania,1988,1.594700045105999
1498,Pennsylvania,1989,1.6395959846325443
1499,Pennsylvania,1990,1.556156626506024
1500,Pennsylvania,1991,1.374701127177502
1501,Pennsylvania,1992,1.3088627276765883
1502,Pennsylvania,1993,1.2205931595312127
1503,Pennsylvania,1994,1.259121791645697
1504,Pennsylvania,1995,1.086656690360394
1505,Pennsylvania,1996,1.119463741620963
1506,Pennsylvania,1997,0.8355538081330038
1507,Pennsylvania,1998,0.786517199017199
1508,Pennsylvania,1999,0.7106787992887773
1509,Pennsylvania,2000,0.6387583148558759
1510,Pennsylvania,2001,0.6377960636050262
1511,Pennsylvania,2002,0.5178538812785388
1512,Pennsylvania,2003,0.5243071593533487
1513,Pennsylvania,2004,0.5364663757413002
1514,Pennsylvania,2005,0.4510421491431218
1515,Pennsylvania,2006,0.4397002398081535
1516,Pennsylvania,2007,0.405793991416309
1517,Pennsylvania,2008,0.3204965662968833
1518,Pennsylvania,2009,0.3183954933954934
1519,Pennsylvania,2010,0.37649097209556814
1520,Pennsylvania,2011,0.33106150962685293
1521,Pennsylvania,2012,0.32173988239363543
1522,Pennsylvania,2013,0.2454347096341054
1523,Pennsylvania,2014,0.32561933534743204
1524,Pennsylvania,2015,0.37712712712712715
1525,Pennsylvania,2016,0.3505750063889599
1526,Pennsylvania,2017,0.32941024980685035
1527,Pennsylvania,2018,0.3570155902004455
1528,Pennsylvania,2019,0.36121246140892505
1529,Puerto Rico,1981,3.6885608856088563
1530,Puerto Rico,1982,3.863038277511962
1531,Puerto Rico,1983,3.3808486238532107
1532,Puerto Rico,1984,2.8585798816568047
1533,Puerto Rico,1985,3.358947368421053
1534,Puerto Rico,1986,3.2001574803149606
1535,Puerto Rico,1987,2.142123287671233
1536,Puerto Rico,1988,2.9393700787401578
1537,Puerto Rico,1989,2.7850694444444444
1538,Puerto Rico,1990,2.406462035541195
1539,Puerto Rico,1991,2.869565217391304
1540,Puerto Rico,1992,2.8650695517774345
1541,Puerto Rico,1993,2.773037037037037
1542,Puerto Rico,1994,2.4771028037383176
1543,Puerto Rico,1995,2.7581569115815694
1544,Puerto Rico,1996,2.715204081632653
1545,Puerto Rico,1997,2.4078749999999998
1546,Puerto Rico,1998,2.6391592920353983
1547,Puerto Rico,1999,2.750802139037433
1548,Puerto Rico,2000,2.3904761904761904
1549,Puerto Rico,2001,2.103903903903904
1550,Puerto Rico,2002,2.000433839479393
1551,Puerto Rico,2003,2.2160344827586207
1552,Puerto Rico,2004,2.1009541984732825
1553,Puerto Rico,2005,1.8118032786885248
1554,Puerto Rico,2006,1.56840490797546
1555,Puerto Rico,2007,1.3487101669195751
1556,Puerto Rico,2008,1.2845564074479736
1557,Puerto Rico,2009,1.2126086956521738
1558,Puerto Rico,2010,1.0541069100391134
1559,Puerto Rico,2011,1.037725631768953
1560,Puerto Rico,2012,1.121483942414175
1561,Puerto Rico,2013,0.9764762826718296
1562,Puerto Rico,2014,0.9383867832847425
1563,Puerto Rico,2015,0.7661607142857143
1564,Puerto Rico,2016,0.984093023255814
1565,Puerto Rico,2017,0.5022222222222222
1566,Puerto Rico,2018,0.5592997811816193
1567,Puerto Rico,2019,0.6227305737109659
1568,Rhode Island,1980,3.0857657657657658
1569,Rhode Island,1981,2.3595065312046444
1570,Rhode Island,1982,2.5223011363636365
1571,Rhode Island,1983,2.3903631284916202
1572,Rhode Island,1984,2.3689111747851004
1573,Rhode Island,1985,2.080952380952381
1574,Rhode Island,1986,2.2684285714285717
1575,Rhode Island,1987,2.204857142857143
1576,Rhode Island,1988,2.0322268326417703
1577,Rhode Island,1989,1.7419540229885058
1578,Rhode Island,1990,1.7057665260196906
1579,Rhode Island,1991,1.5612499999999998
1580,Rhode Island,1992,1.5556868537666175
1581,Rhode Island,1993,1.653808752025932
1582,Rhode Island,1994,1.3932650073206443
1583,Rhode Island,1995,1.2635153129161119
1584,Rhode Island,1996,1.298047419804742
1585,Rhode Island,1997,1.1516129032258065
1586,Rhode Island,1998,1.2894308943089432
1587,Rhode Island,1999,1.1024311183144246
1588,Rhode Island,2000,1.0985714285714285
1589,Rhode Island,2001,1.0084210526315789
1590,Rhode Island,2002,0.9746774193548386
1591,Rhode Island,2003,0.8681020733652312
1592,Rhode Island,2004,0.7457317073170732
1593,Rhode Island,2005,0.7139802631578948
1594,Rhode Island,2006,0.685243328100471
1595,Rhode Island,2007,0.5011428571428572
1596,Rhode Island,2008,0.33152866242038215
1597,Rhode Island,2009,0.35119047619047616
1598,Rhode Island,2010,0.29430379746835444
1599,Rhode Island,2011,0.32870967741935486
1600,Rhode Island,2012,0.29620689655172416
1601,Rhode Island,2013,0.30063291139240506
1602,Rhode Island,2014,0.5054927302100162
1603,Rhode Island,2015,0.5681620839363242
1604,Rhode Island,2016,0.5188034188034187
1605,Rhode Island,2017,0.5123308270676692
1606,Rhode Island,2018,0.4767932489451477
1607,Rhode Island,2019,0.4870165745856354
1608,South Carolina,1980,2.4374352331606217
1609,South Carolina,1981,2.177570921985816
1610,South Carolina,1982,1.6898270600203458
1611,South Carolina,1983,1.8613953488372093
1612,South Carolina,1984,2.238517618469016
1613,South Carolina,1985,1.911608623548922
1614,South Carolina,1986,1.6385630498533725
1615,South Carolina,1987,1.5434383202099737
1616,South Carolina,1988,1.8053956834532374
1617,South Carolina,1989,1.8254612546125462
1618,South Carolina,1990,1.6175131348511385
1619,South Carolina,1991,1.4272189349112425
1620,South Carolina,1992,1.1870838881491346
1621,South Carolina,1993,1.0333611342785656
1622,South Carolina,1994,1.1930720145852325
1623,South Carolina,1995,1.2522641509433963
1624,South Carolina,1996,1.0878260869565217
1625,South Carolina,1997,1.0455078125
1626,South Carolina,1998,1.116600790513834
1627,South Carolina,1999,1.0828571428571427
1628,South Carolina,2000,0.9100096246390761
1629,South Carolina,2001,0.8875354107648725
1630,South Carolina,2002,0.8047483380816713
1631,South Carolina,2003,0.6479790419161677
1632,South Carolina,2004,0.5280791788856305
1633,South Carolina,2005,0.44047076689445713
1634,South Carolina,2006,0.4811614730878187
1635,South Carolina,2007,0.4357142857142857
1636,South Carolina,2008,0.32575342465753426
1637,South Carolina,2009,0.23928571428571427
1638,South Carolina,2010,0.2650943396226415
1639,South Carolina,2011,0.2929640718562874
1640,South Carolina,2012,0.26169154228855723
1641,South Carolina,2013,0.2304225352112676
1642,South Carolina,2014,0.24498381877022654
1643,South Carolina,2015,0.2488095238095238
1644,South Carolina,2016,0.2768768768768769
1645,South Carolina,2017,0.27134502923976606
1646,South Carolina,2018,0.1925619834710744
1647,South Carolina,2019,0.16031250000000002
1648,South Carolina,2020,0.06388888888888888
1649,South Dakota,2009,0.18941176470588236
1650,South Dakota,2010,0.14089456869009584
1651,South Dakota,2011,0.19886039886039886
1652,South Dakota,2012,0.21165980795610426
1653,South Dakota,2013,0.19734265734265732
1654,South Dakota,2014,0.23796033994334279
1655,South Dakota,2015,0.2551428571428571
1656,South Dakota,2016,0.24093406593406594
1657,South Dakota,2017,0.23426966292134832
1658,South Dakota,2018,0.22115384615384615
1659,South Dakota,2019,0.22762430939226522
1660,Tennessee,1980,2.936730945821855
1661,Tennessee,1981,3.204906166219839
1662,Tennessee,1982,2.8371720455073137
1663,Tennessee,1983,2.7607142857142857
1664,Tennessee,1984,2.9137408312958435
1665,Tennessee,1985,2.424675661650234
1666,Tennessee,1986,2.594551458447991
1667,Tennessee,1987,2.742652084757348
1668,Tennessee,1988,2.1873750832778147
1669,Tennessee,1989,2.123904052936311
1670,Tennessee,1990,2.0461129175288204
1671,Tennessee,1991,1.89461820231051
1672,Tennessee,1992,1.8830848623853211
1673,Tennessee,1993,1.9396002317497103
1674,Tennessee,1994,1.7310334955625537
1675,Tennessee,1995,1.4662958280657394
1676,Tennessee,1996,1.3943683802634979
1677,Tennessee,1997,1.3807831158011663
1678,Tennessee,1998,1.3399529042386187
1679,Tennessee,1999,1.2686505900461775
1680,Tennessee,2000,1.1402958579881657
1681,Tennessee,2001,1.1296691568836712
1682,Tennessee,2002,0.9824937027707809
1683,Tennessee,2003,1.048888888888889
1684,Tennessee,2004,0.9596330275229358
1685,Tennessee,2005,0.8431339977851606
1686,Tennessee,2006,0.8046589018302829
1687,Tennessee,2007,0.6266739248775177
1688,Tennessee,2008,0.4643854748603352
1689,Tennessee,2009,0.4423242467718795
1690,Tennessee,2010,0.46924187725631766
1691,Tennessee,2011,0.43798133022170366
1692,Tennessee,2012,0.414438202247191
1693,Tennessee,2013,0.37024539877300616
1694,Tennessee,2014,0.34195718654434254
1695,Tennessee,2015,0.37268743914313535
1696,Tennessee,2016,0.36293103448275865
1697,Tennessee,2017,0.33691080493110953
1698,Tennessee,2018,0.3481534090909091
1699,Tennessee,2019,0.32713286713286716
1700,Tennessee,2020,0.15000000000000002
1701,Texas,1980,1.338133874239351
1702,Texas,1981,1.5683796410130317
1703,Texas,1982,1.7103344120819848
1704,Texas,1983,1.7191642651296832
1705,Texas,1984,1.814549938347719
1706,Texas,1985,1.9640066500415627
1707,Texas,1986,2.028642121931908
1708,Texas,1987,1.7761043834214565
1709,Texas,1988,1.7937916798983804
1710,Texas,1989,1.8692716110834577
1711,Texas,1990,1.7342294851519944
1712,Texas,1991,1.6851067378252167
1713,Texas,1992,1.7417013777635375
1714,Texas,1993,1.5758503949701756
1715,Texas,1994,1.5300422386483634
1716,Texas,1995,1.4178790817976075
1717,Texas,1996,1.2768504865821293
1718,Texas,1997,1.1948996113989636
1719,Texas,1998,1.0426334742445593
1720,Texas,1999,1.1608771929824562
1721,Texas,2000,1.0497832369942197
1722,Texas,2001,0.9753533939818054
1723,Texas,2002,0.8275287195292799
1724,Texas,2003,0.8681659449643805
1725,Texas,2004,0.7045612089283239
1726,Texas,2005,0.6653970826580228
1727,Texas,2006,0.595093813387424
1728,Texas,2007,0.5258247050325067
1729,Texas,2008,0.4318354148082069
1730,Texas,2009,0.3760072843159572
1731,Texas,2010,0.36269600097240795
1732,Texas,2011,0.356030534351145
1733,Texas,2012,0.35350255246738516
1734,Texas,2013,0.3088546679499519
1735,Texas,2014,0.31560870898497395
1736,Texas,2015,0.36251428571428573
1737,Texas,2016,0.4022722056460868
1738,Texas,2017,0.42814614343707713
1739,Texas,2018,0.3965485074626866
1740,Texas,2019,0.3927132146204311
1741,Utah,1980,3.298220338983051
1742,Utah,1981,3.4136779752288637
1743,Utah,1982,3.549348479786168
1744,Utah,1983,3.453746862674794
1745,Utah,1984,3.4489983974358975
1746,Utah,1985,3.452793920429146
1747,Utah,1986,3.5080852954242556
1748,Utah,1987,3.206235349273324
1749,Utah,1988,2.9347050074367873
1750,Utah,1989,2.863777239709443
1751,Utah,1990,2.644521224086871
1752,Utah,1991,2.6523322967569967
1753,Utah,1992,2.116064062120844
1754,Utah,1993,2.286118158753171
1755,Utah,1994,2.298416095890411
1756,Utah,1995,2.365869017632242
1757,Utah,1996,2.1512974051896205
1758,Utah,1997,1.9355749273557494
1759,Utah,1998,1.8978522336769759
1760,Utah,1999,1.8821231422505307
1761,Utah,2000,1.7339185953711094
1762,Utah,2001,1.470500403551251
1763,Utah,2002,1.4422921711057304
1764,Utah,2003,1.2772727272727273
1765,Utah,2004,1.1269800715380685
1766,Utah,2005,1.1065425531914894
1767,Utah,2006,1.0025355596784167
1768,Utah,2007,0.9862260654725139
1769,Utah,2008,0.8287862513426424
1770,Utah,2009,0.7269662921348314
1771,Utah,2010,0.6555020080321285
1772,Utah,2011,0.6244825124910778
1773,Utah,2012,0.53984496124031
1774,Utah,2013,0.5887086712414223
1775,Utah,2014,0.6484703632887189
1776,Utah,2015,0.562565720294427
1777,Utah,2016,0.578080229226361
1778,Utah,2017,0.5170399221032133
1779,Utah,2018,0.2746268656716418
1780,Utah,2019,0.2951690821256039
1781,Utah,2020,0.2703056768558952
1782,Vermont,1980,1.2940652818991099
1783,Vermont,1981,1.1726993865030675
1784,Vermont,1982,1.4742138364779875
1785,Vermont,1983,1.5093525179856115
1786,Vermont,1984,1.6179310344827587
1787,Vermont,1985,1.9168749999999999
1788,Vermont,1986,1.931847133757962
1789,Vermont,1987,1.8011363636363635
1790,Vermont,1988,1.8605797101449275
1791,Vermont,1989,1.6
1792,Vermont,1990,1.4946428571428572
1793,Vermont,1991,1.0903242955874535
1794,Vermont,1992,1.1316213921901528
1795,Vermont,1993,1.0930894308943089
1796,Vermont,1994,1.2511999999999999
1797,Vermont,1995,0.8238227146814404
1798,Vermont,1996,0.8678370786516854
1799,Vermont,1997,0.8460087082728592
1800,Vermont,1998,0.817952314165498
1801,Vermont,1999,0.763622754491018
1802,Vermont,2000,0.7186507936507937
1803,Vermont,2001,0.6908554572271386
1804,Vermont,2002,0.8994301994301994
1805,Vermont,2003,0.7247474747474747
1806,Vermont,2004,0.6983679525222551
1807,Vermont,2005,0.6048245614035087
1808,Vermont,2006,0.5390279823269514
1809,Vermont,2007,0.5963746223564955
1810,Vermont,2008,0.5309759547383309
1811,Vermont,2009,0.49701704545454545
1812,Vermont,2010,0.471551724137931
1813,Vermont,2011,0.4355711422845691
1814,Vermont,2012,0.364390243902439
1815,Vermont,2013,0.37905604719764013
1816,Vermont,2014,0.24884994523548742
1817,Vermont,2015,0.23901477832512313
1818,Vermont,2016,0.22144873000940735
1819,Vermont,2017,0.27253384912959383
1820,Vermont,2018,0.26472222222222225
1821,Vermont,2019,0.2590573012939002
1822,Virginia,1980,1.8201602136181574
1823,Virginia,1981,1.8570903361344537
1824,Virginia,1982,1.7209055209055208
1825,Virginia,1983,1.7213793103448276
1826,Virginia,1984,1.6823711340206187
1827,Virginia,1985,1.3683461909353904
1828,Virginia,1986,1.386873828020359
1829,Virginia,1987,1.3714217328865486
1830,Virginia,1988,1.2491073498724785
1831,Virginia,1989,1.2270925623688504
1832,Virginia,1990,1.2363519753719856
1833,Virginia,1991,1.1860724233983286
1834,Virginia,1992,1.0959178298656833
1835,Virginia,1993,1.1210893854748603
1836,Virginia,1994,1.152841173730787
1837,Virginia,1995,0.9934561776517836
1838,Virginia,1996,0.9394638694638695
1839,Virginia,1997,0.9735124760076775
1840,Virginia,1998,0.8642220019821606
1841,Virginia,1999,0.8604774535809019
1842,Virginia,2000,0.7936694021101993
1843,Virginia,2001,0.7814759782070332
1844,Virginia,2002,0.6819019893255701
1845,Virginia,2003,0.6658419591012371
1846,Virginia,2004,0.5624113475177305
1847,Virginia,2005,0.5900723025583983
1848,Virginia,2006,0.5786384976525821
1849,Virginia,2007,0.45666945140629356
1850,Virginia,2008,0.40866760168302946
1851,Virginia,2009,0.35192996418623157
1852,Virginia,2010,0.3450252177900046
1853,Virginia,2011,0.3557738572574178
1854,Virginia,2012,0.3848484848484849
1855,Virginia,2013,0.37707956600361664
1856,Virginia,2014,0.3533415841584158
1857,Virginia,2015,0.37153374233128833
1858,Virginia,2016,0.3395408163265306
1859,Virginia,2017,0.34473792818819643
1860,Virginia,2018,0.3440533980582524
1861,Virginia,2019,0.35521721477872514
1862,Washington,1980,4.089478260869565
1863,Washington,1981,4.010079973342219
1864,Washington,1982,3.5969141460433853
1865,Washington,1983,3.5157687460617515
1866,Washington,1984,3.3289204545454543
1867,Washington,1985,3.3858516263419323
1868,Washington,1986,3.5049266437239632
1869,Washington,1987,3.7930317848410757
1870,Washington,1988,3.3752095981497545
1871,Washington,1989,3.198772145237678
1872,Washington,1990,3.2767836257309946
1873,Washington,1991,3.5023107757604337
1874,Washington,1992,3.3119329176521175
1875,Washington,1993,3.0624308259889323
1876,Washington,1994,2.642002675329639
1877,Washington,1995,2.4687203791469194
1878,Washington,1996,2.3188670109748224
1879,Washington,1997,2.2800102249488754
1880,Washington,1998,2.0276384364820847
1881,Washington,1999,1.8553057553956835
1882,Washington,2000,1.7431613819214387
1883,Washington,2001,1.5740766919950522
1884,Washington,2002,1.4890969377803784
1885,Washington,2003,1.4650859678313923
1886,Washington,2004,1.3674097331240187
1887,Washington,2005,1.3270221145107544
1888,Washington,2006,1.1525432349949136
1889,Washington,2007,0.9420626895854399
1890,Washington,2008,0.6509818731117825
1891,Washington,2009,0.5432913269088213
1892,Washington,2010,0.5551330798479087
1893,Washington,2011,0.4396378269617706
1894,Washington,2012,0.4988532110091743
1895,Washington,2013,0.47117117117117113
1896,Washington,2014,0.4780373831775701
1897,Washington,2015,0.508235294117647
1898,Washington,2016,0.43709825528007346
1899,Washington,2017,0.3565714285714286
1900,Washington,2018,0.31585728444003963
1901,Washington,2019,0.330791229742612
1902,West Virginia,1980,1.7274261603375527
1903,West Virginia,1981,1.5144186046511627
1904,West Virginia,1982,2.020473933649289
1905,West Virginia,1983,1.6684782608695652
1906,West Virginia,1984,1.5577186963979417
1907,West Virginia,1985,1.2026459143968873
1908,West Virginia,1986,1.27373811265545
1909,West Virginia,1987,1.1920846394984326
1910,West Virginia,1988,1.1385630498533725
1911,West Virginia,1989,1.0975107296137339
1912,West Virginia,1990,1.2055690072639225
1913,West Virginia,1991,1.2729801324503311
1914,West Virginia,1992,1.116489028213166
1915,West Virginia,1993,1.1794744670302428
1916,West Virginia,1994,1.435309973045822
1917,West Virginia,1995,1.0897785349233389
1918,West Virginia,1996,0.9949664429530202
1919,West Virginia,1997,0.9221540178571429
1920,West Virginia,1998,1.04086859688196
1921,West Virginia,1999,0.8512720156555773
1922,West Virginia,2000,0.9007697690692793
1923,West Virginia,2001,0.9120714285714286
1924,West Virginia,2002,1.438611111111111
1925,West Virginia,2003,1.1953824948311509
1926,West Virginia,2004,0.8817528735632184
1927,West Virginia,2005,0.5464022140221402
1928,West Virginia,2006,0.4595433789954338
1929,West Virginia,2007,0.49035580524344574
1930,West Virginia,2008,0.5046746104491293
1931,West Virginia,2009,0.49211502782931354
1932,West Virginia,2010,0.44073394495412843
1933,West Virginia,2011,0.4418556701030928
1934,West Virginia,2012,0.4394167450611477
1935,West Virginia,2013,0.37291092745638205
1936,West Virginia,2014,0.377953488372093
1937,West Virginia,2015,0.31619718309859157
1938,West Virginia,2016,0.3388329979879276
1939,West Virginia,2017,0.33395061728395065
1940,West Virginia,2018,0.2964071856287425
1941,West Virginia,2019,0.26136986301369863
1942,Wisconsin,1980,1.5517839922854388
1943,Wisconsin,1981,1.2758317929759704
1944,Wisconsin,1982,1.9131568998109643
1945,Wisconsin,1983,1.7631620243232642
1946,Wisconsin,1984,1.786898839137645
1947,Wisconsin,1985,1.407551766138855
1948,Wisconsin,1986,1.3220911310008137
1949,Wisconsin,1987,1.3299800399201596
1950,Wisconsin,1988,1.6786298170494354
1951,Wisconsin,1989,1.530624556422995
1952,Wisconsin,1990,1.1550974025974026
1953,Wisconsin,1991,1.1047674758701373
1954,Wisconsin,1992,1.0237866410379626
1955,Wisconsin,1993,1.0893472584856396
1956,Wisconsin,1994,1.4162376237623762
1957,Wisconsin,1995,0.7845812370523824
1958,Wisconsin,1996,0.6925828202873058
1959,Wisconsin,1997,0.7302448094205144
1960,Wisconsin,1998,0.7835966386554621
1961,Wisconsin,1999,0.7061386138613861
1962,Wisconsin,2000,0.5352961198093942
1963,Wisconsin,2001,0.61
1964,Wisconsin,2002,0.6567132867132868
1965,Wisconsin,2003,0.6366141732283465
1966,Wisconsin,2004,0.6695345557122708
1967,Wisconsin,2005,0.5975757575757575
1968,Wisconsin,2006,0.481764705882353
1969,Wisconsin,2007,0.17857142857142858
1970,Wisconsin,2008,0.1606232294617564
1971,Wisconsin,2009,0.1258160237388724
1972,Wisconsin,2010,0.15892857142857145
1973,Wisconsin,2011,0.17282913165266106
1974,Wisconsin,2012,0.16256983240223463
1975,Wisconsin,2013,0.20952380952380953
1976,Wisconsin,2014,0.25512465373961224
1977,Wisconsin,2015,0.30758226037195996
1978,Wisconsin,2016,0.2955965909090909
1979,Wisconsin,2017,0.2481534090909091
1980,Wisconsin,2018,0.29320388349514565
1981,Wisconsin,2019,0.2692729766803841
1982,Wyoming,2001,0.32142857142857145
1983,Wyoming,2002,0.5016393442622951
1984,Wyoming,2003,0.43209876543209874
1985,Wyoming,2004,0.34622641509433966
1986,Wyoming,2005,0.24833836858006042
1987,Wyoming,2006,0.1894150417827298
1988,Wyoming,2007,0.2150070126227209
1989,Wyoming,2008,0.17948328267477204
1990,Wyoming,2009,0.2228650137741047
1991,Wyoming,2010,0.23809523809523808
1992,Wyoming,2011,0.1682748538011696
1993,Wyoming,2012,0.23733031674208147
1994,Wyoming,2013,0.17335375191424196
1995,Wyoming,2014,0.15545454545454546
1996,Wyoming,2015,0.10624203821656052
1997,Wyoming,2016,0.16569872958257714
1998,Wyoming,2017,0.18887362637362637
1999,Wyoming,2018,0.1290697674418605
2000,Wyoming,2019,0.13426443202979518
2001,Wyoming,2020,0.1
