,STATE,Year,Lead (in ug/m3 LC)
0,Alabama,1980,1.2316831683168317
1,Alabama,1981,0.8234539473684211
2,Alabama,1982,0.8457574999999999
3,Alabama,1983,0.8658318785578748
4,Alabama,1984,1.219908466819222
5,Alabama,1985,0.6802952983725136
6,Alabama,1986,0.6147662587412588
7,Alabama,1987,0.7461061415220294
8,Alabama,1988,1.0598049088359045
9,Alabama,1989,0.943093415007657
10,Alabama,1990,0.6798437500000001
11,Alabama,1991,0.5735517241379311
12,Alabama,2002,0.003835714285714286
13,Alabama,2003,0.003371559633027523
14,Alabama,2005,0.17671940298507463
15,Alabama,2006,0.23240000000000002
16,Alabama,2007,0.7054451612903226
17,Alabama,2008,0.5759603960396039
18,Alabama,2009,0.4130727272727273
19,Alabama,2010,0.6012020202020202
20,Alabama,2011,0.6212641509433963
21,Alabama,2012,0.23559861591695505
22,Alabama,2013,0.07168558951965065
23,Alabama,2014,0.03196069868995633
24,Alabama,2015,0.03294042553191489
25,Alabama,2016,0.045160220994475135
26,Alabama,2017,0.05960683760683761
27,Alabama,2018,0.06627586206896552
28,Alabama,2019,0.08451785714285713
29,Alaska,1980,0.6182914572864322
30,Alaska,1981,0.5697478991596638
31,Alaska,1982,0.46778242677824267
32,Alaska,1983,0.48208955223880595
33,Alaska,1984,0.4794193548387097
34,Alaska,1985,0.2884496
35,Alaska,1986,0.18589111111111112
36,Alaska,1987,0.09655121951219513
37,Alaska,1988,0.02666666666666667
38,Alaska,2010,0.003
39,Alaska,2011,0.018808510638297873
40,Alaska,2012,0.05455555555555556
41,Arizona,1980,0.2508694779116466
42,Arizona,1981,0.23444858919177428
43,Arizona,1982,0.15344474529600735
44,Arizona,1983,0.27110782761653474
45,Arizona,1984,0.2372911585365854
46,Arizona,1985,0.21583564463705307
47,Arizona,1986,0.16475826612903227
48,Arizona,1987,0.10308583333333333
49,Arizona,1988,0.06389722222222222
50,Arizona,1989,0.07184210526315789
51,Arizona,1990,0.057161290322580646
52,Arizona,1991,0.05026600985221675
53,Arizona,1992,0.03008920187793427
54,Arizona,1993,0.026308370044052867
55,Arizona,1994,0.02481858407079646
56,Arizona,1995,0.025218340611353713
57,Arizona,1996,0.02767873303167421
58,Arizona,1997,0.019103703703703706
59,Arizona,2010,0.021500000000000002
60,Arizona,2011,0.07597647058823528
61,Arizona,2012,0.056674622356495466
62,Arizona,2013,0.033840053050397875
63,Arizona,2014,0.03963258145363408
64,Arizona,2015,0.03185220588235294
65,Arizona,2016,0.04828032786885246
66,Arizona,2017,0.07260705596107056
67,Arizona,2018,0.062248138957816376
68,Arizona,2019,0.06179447852760736
69,Arkansas,1981,0.1752735294117647
70,Arkansas,1982,0.38896
71,Arkansas,1983,0.3411810650887574
72,Arkansas,1984,0.27963030303030306
73,Arkansas,1985,0.19049194630872482
74,Arkansas,1986,0.15208333333333332
75,Arkansas,1987,0.14183333333333334
76,Arkansas,1988,0.11760869565217391
77,Arkansas,1989,0.10370689655172413
78,Arkansas,1990,0.007288135593220339
79,Arkansas,1991,0.0
80,Arkansas,2011,0.008
81,Arkansas,2012,0.003131578947368421
82,Arkansas,2013,0.0020948275862068965
83,Arkansas,2014,0.0017500000000000003
84,Arkansas,2015,0.0013125
85,Arkansas,2016,0.0009777777777777777
86,California,1980,0.49799750312109864
87,California,1981,0.3872459499263623
88,California,1982,0.3521636839481555
89,California,1983,0.2776442355269669
90,California,1984,0.23779318181818182
91,California,1985,0.1415793993146543
92,California,1986,0.10479958924570575
93,California,1987,0.07290776053215078
94,California,1988,0.06208452868852459
95,California,1989,0.049807657657657656
96,California,1990,0.04577140077821012
97,California,1991,0.09202290076335877
98,California,1992,0.03606605222734255
99,California,1993,0.020798856900931414
100,California,1994,0.020939370418283743
101,California,1995,0.020984581497797354
102,California,1996,0.018911657083115523
103,California,1997,0.01654307441607822
104,California,1998,0.01737386934673367
105,California,1999,0.023138988095238094
106,California,2000,0.02258999192897498
107,California,2001,0.02583960612691466
108,California,2002,0.014590630048465265
109,California,2003,0.019595466666666665
110,California,2004,0.013156203288490285
111,California,2005,0.012298318042813457
112,California,2006,0.008411647727272728
113,California,2007,0.02852018779342723
114,California,2008,0.2471975732217573
115,California,2009,0.08272674591381872
116,California,2010,0.06752963988919668
117,California,2011,0.08171269841269842
118,California,2012,0.0357400314589068
119,California,2013,0.02807842340511987
120,California,2014,0.017543109203624226
121,California,2015,0.012560396168915978
122,California,2016,0.011568365122615804
123,California,2017,0.010935858310626703
124,California,2018,0.01102548456957228
125,California,2019,0.009307328719723184
126,Colorado,1982,0.192715
127,Colorado,1983,0.5797267605633803
128,Colorado,1984,0.39260204081632655
129,Colorado,1985,0.15499703703703704
130,Colorado,1986,0.07311120689655172
131,Colorado,1987,0.04544556650246306
132,Colorado,1988,0.023959875259875262
133,Colorado,1989,0.018050541516245487
134,Colorado,1990,0.04763578274760384
135,Colorado,1991,0.044847528916929544
136,Colorado,1992,0.056294536817102135
137,Colorado,1993,0.04719679633867277
138,Colorado,1994,0.030398481973434536
139,Colorado,1995,0.027473903966597078
140,Colorado,1996,0.024680851063829785
141,Colorado,1997,0.014680851063829789
142,Colorado,1998,0.026951754385964914
143,Colorado,1999,0.022294685990338164
144,Colorado,2000,0.031228070175438598
145,Colorado,2001,0.023602178217821783
146,Colorado,2002,0.020592429792429794
147,Colorado,2003,0.03225871964679912
148,Colorado,2004,0.03008235294117647
149,Colorado,2005,0.06970734908136482
150,Colorado,2006,0.021222026431718062
151,Colorado,2007,0.0071669491525423725
152,Colorado,2008,0.007973728813559322
153,Colorado,2009,0.005067543859649123
154,Colorado,2010,0.0075562500000000005
155,Colorado,2011,0.010142011834319526
156,Colorado,2012,0.009210526315789473
157,Colorado,2013,0.008605263157894737
158,Colorado,2014,0.008680851063829787
159,Colorado,2015,0.0014166666666666668
160,Connecticut,1980,0.6011904761904762
161,Connecticut,1981,0.31700109849871844
162,Connecticut,1983,0.3570453608247423
163,Connecticut,1984,0.3006896551724138
164,Connecticut,1985,0.18736194029850747
165,Connecticut,1986,0.10307285714285713
166,Connecticut,1987,0.058936538461538464
167,Connecticut,1988,0.04362727272727273
168,Connecticut,2010,0.003834782608695652
169,Connecticut,2011,0.004058823529411765
170,Connecticut,2012,0.00436
171,Connecticut,2013,0.01945679012345679
172,Connecticut,2014,0.004168539325842696
173,Connecticut,2015,0.0032441860465116283
174,Connecticut,2016,0.002769230769230769
175,Delaware,1980,0.44954347826086954
176,Delaware,1981,0.298976
177,Delaware,1982,0.3276091954022988
178,Delaware,1983,0.2077904761904762
179,Delaware,1984,0.25803424657534246
180,Delaware,1985,0.15495642857142858
181,Delaware,1986,0.08367345132743363
182,Delaware,1987,0.05473049645390071
183,Delaware,1988,0.05955223880597015
184,Delaware,1989,0.047123893805309736
185,Delaware,2003,0.005036296296296296
186,Delaware,2004,0.00595221843003413
187,Delaware,2005,0.009227317073170732
188,Delaware,2006,0.011355932203389832
189,Delaware,2007,0.012913461538461539
190,Delaware,2008,0.002647619047619048
191,Delaware,2009,0.006078181818181818
192,Delaware,2010,0.006323404255319149
193,Delaware,2011,0.005505882352941176
194,Delaware,2012,0.00358
195,Delaware,2013,0.002733870967741936
196,Delaware,2014,0.0021403508771929824
197,Delaware,2015,0.0030775862068965518
198,Delaware,2016,0.004497619047619048
199,Delaware,2017,0.004204
200,Delaware,2018,0.00309375
201,Delaware,2019,0.0
202,District Of Columbia,1981,0.328
203,District Of Columbia,1982,0.3613277777777778
204,District Of Columbia,1983,0.3058027397260274
205,District Of Columbia,1984,0.27035714285714285
206,District Of Columbia,1985,0.16398646616541354
207,District Of Columbia,1986,0.11020142857142858
208,District Of Columbia,1987,0.04380077519379845
209,District Of Columbia,1989,0.030762499999999998
210,District Of Columbia,1990,0.029550777202072543
211,District Of Columbia,1991,0.02928988764044944
212,District Of Columbia,1992,0.038796703296703296
213,District Of Columbia,1993,0.02421111111111111
214,District Of Columbia,1994,0.016994082840236686
215,District Of Columbia,1995,0.01863
216,District Of Columbia,1996,0.010938271604938272
217,District Of Columbia,1997,0.008596491228070175
218,District Of Columbia,1998,0.009552941176470587
219,District Of Columbia,1999,0.01620253164556962
220,District Of Columbia,2001,0.013961016949152543
221,District Of Columbia,2012,0.003338709677419355
222,District Of Columbia,2013,0.003433333333333334
223,District Of Columbia,2014,0.003950819672131147
224,District Of Columbia,2015,0.003271186440677966
225,District Of Columbia,2016,0.003847457627118644
226,Florida,1980,0.41497789566755083
227,Florida,1981,0.338838550247117
228,Florida,1982,0.37544787735849056
229,Florida,1983,0.3844442748091603
230,Florida,1984,0.3578200692041522
231,Florida,1985,0.2155248
232,Florida,1986,0.11129404332129963
233,Florida,1987,0.05993385214007782
234,Florida,1988,0.03445869565217391
235,Florida,1989,0.025873262032085564
236,Florida,1990,0.03727635327635328
237,Florida,1991,0.19245844155844158
238,Florida,1992,0.1014763729246488
239,Florida,1993,0.08130684931506849
240,Florida,1994,0.06500277777777777
241,Florida,1995,0.21004329608938546
242,Florida,1996,0.23056150506512302
243,Florida,1997,0.19919246031746032
244,Florida,1998,0.08073814898419865
245,Florida,1999,0.11234588235294117
246,Florida,2000,0.18203439153439152
247,Florida,2001,0.08053847167325429
248,Florida,2002,0.11856260162601626
249,Florida,2003,0.09799498806682577
250,Florida,2004,0.21484728033472805
251,Florida,2005,0.266120218579235
252,Florida,2006,0.23910614525139665
253,Florida,2007,0.37175141242937854
254,Florida,2008,0.29719101123595504
255,Florida,2009,0.14583798882681565
256,Florida,2010,0.1994039548022599
257,Florida,2011,0.20175625
258,Florida,2012,0.2281326530612245
259,Florida,2013,0.05555944055944056
260,Florida,2014,0.02538487972508591
261,Florida,2015,0.026956
262,Florida,2016,0.02776923076923077
263,Florida,2017,0.03716410256410256
264,Florida,2018,0.03409708737864078
265,Florida,2019,0.03342439024390244
266,Georgia,1980,0.3848076923076923
267,Georgia,1981,0.2627450980392157
268,Georgia,1982,0.3820771929824562
269,Georgia,1983,0.28713392857142855
270,Georgia,1984,0.22054545454545457
271,Georgia,1985,0.11773
272,Georgia,1986,0.08747547169811322
273,Georgia,1987,0.05770862068965517
274,Georgia,1988,0.0410703125
275,Georgia,2002,0.09920000000000001
276,Georgia,2003,0.00495855421686747
277,Georgia,2004,0.003370812182741117
278,Georgia,2005,0.003290498812351544
279,Georgia,2006,0.0031752173913043476
280,Georgia,2007,0.002750473933649289
281,Georgia,2008,0.003049431818181818
282,Georgia,2009,0.005901149425287356
283,Georgia,2010,0.010036781609195402
284,Georgia,2011,0.007014444444444444
285,Georgia,2012,0.03357816326530612
286,Georgia,2013,0.018052844036697248
287,Georgia,2014,0.0019252032520325204
288,Georgia,2015,0.012808391608391608
289,Georgia,2016,0.027042525773195877
290,Georgia,2017,0.01392758620689655
291,Georgia,2018,0.0177453488372093
292,Georgia,2019,0.009429530201342282
293,Hawaii,1980,0.2143684210526316
294,Hawaii,1981,0.08361363636363636
295,Hawaii,1982,0.09885098039215687
296,Hawaii,1983,0.1654181818181818
297,Hawaii,1984,0.23314465408805032
298,Hawaii,1985,0.047015428571428576
299,Hawaii,1986,0.03783546511627907
300,Hawaii,1987,0.005527272727272727
301,Hawaii,1988,0.0017902777777777776
302,Hawaii,1989,0.009454545454545455
303,Hawaii,1990,0.0016363636363636363
304,Hawaii,1991,0.0027272727272727275
305,Hawaii,1992,0.0029411764705882357
306,Hawaii,1993,0.0024390243902439024
307,Hawaii,1994,0.0
308,Hawaii,1995,0.0010526315789473684
309,Hawaii,1996,0.007526881720430108
310,Hawaii,1997,0.015517241379310345
311,Hawaii,2002,0.0018884615384615383
312,Hawaii,2003,0.001624561403508772
313,Hawaii,2004,0.0011611111111111112
314,Hawaii,2005,0.0013950819672131148
315,Hawaii,2006,0.002830508474576271
316,Hawaii,2007,0.0014066666666666667
317,Hawaii,2008,0.00172
318,Hawaii,2009,0.003558333333333333
319,Hawaii,2010,0.0015434782608695651
320,Hawaii,2012,0.0007580645161290322
321,Hawaii,2013,0.0006893203883495146
322,Hawaii,2014,0.0010576923076923077
323,Hawaii,2015,0.0012523364485981308
324,Hawaii,2016,0.0011
325,Hawaii,2017,0.0012434782608695654
326,Hawaii,2018,0.0005752212389380532
327,Idaho,1980,3.313741935483871
328,Idaho,1981,2.283294117647059
329,Idaho,1982,0.3393827160493827
330,Idaho,1983,0.21193478260869564
331,Idaho,1984,0.14850909090909092
332,Idaho,1985,0.16160919540229884
333,Idaho,1986,0.1887982832618026
334,Idaho,1987,0.15122549019607845
335,Idaho,1988,0.09047619047619047
336,Idaho,1989,0.062285714285714285
337,Idaho,1990,0.13018181818181818
338,Idaho,1991,0.08407407407407408
339,Idaho,1992,0.06428571428571428
340,Idaho,1993,0.0697560975609756
341,Idaho,1994,0.07793103448275863
342,Idaho,1995,0.1011864406779661
343,Idaho,1996,0.06758620689655172
344,Idaho,1997,0.07741379310344829
345,Idaho,1998,0.07947368421052632
346,Idaho,1999,0.03864406779661017
347,Idaho,2000,0.04704918032786885
348,Idaho,2001,0.030689655172413795
349,Idaho,2002,0.03133333333333333
350,Idaho,2011,0.001
351,Idaho,2012,0.001477777777777778
352,Idaho,2013,0.0013636363636363635
353,Idaho,2014,0.0008072289156626506
354,Idaho,2015,0.0007349397590361446
355,Idaho,2016,0.0007386363636363636
356,Illinois,1980,0.5199318801089918
357,Illinois,1981,0.33000135841170325
358,Illinois,1982,0.3309058767772512
359,Illinois,1983,0.3169513307984791
360,Illinois,1984,0.2622699619771863
361,Illinois,1985,0.15620344827586208
362,Illinois,1986,0.11018595573440643
363,Illinois,1987,0.09155854430379747
364,Illinois,1988,0.07327521598272138
365,Illinois,1989,0.08198397683397683
366,Illinois,1990,0.0860339302544769
367,Illinois,1991,0.3269362637362638
368,Illinois,1992,0.415972027972028
369,Illinois,1993,0.22752106741573033
370,Illinois,1994,0.2678933680104031
371,Illinois,1995,0.2755236907730673
372,Illinois,1996,0.18446709376820036
373,Illinois,1997,0.16616511318242344
374,Illinois,1998,0.13761645962732919
375,Illinois,1999,0.23030338389731622
376,Illinois,2000,0.18300558659217875
377,Illinois,2001,0.1487410071942446
378,Illinois,2002,0.021860776439089694
379,Illinois,2003,0.02965923984272608
380,Illinois,2004,0.02545811518324607
381,Illinois,2005,0.026576704545454546
382,Illinois,2006,0.02303070761014686
383,Illinois,2007,0.02726027397260274
384,Illinois,2008,0.025790884718498656
385,Illinois,2009,0.02227931488801054
386,Illinois,2010,0.03906007751937985
387,Illinois,2011,0.02955703211517165
388,Illinois,2012,0.03261390887290168
389,Illinois,2013,0.017632387706855792
390,Illinois,2014,0.017300184162062616
391,Illinois,2015,0.016446028513238287
392,Illinois,2016,0.01666279069767442
393,Illinois,2017,0.016548192771084335
394,Illinois,2018,0.0158705035971223
395,Illinois,2019,0.03991881918819188
396,Indiana,1980,0.4313906770255272
397,Indiana,1981,0.4000662878787879
398,Indiana,1982,0.3836503937007874
399,Indiana,1983,0.30242402287893233
400,Indiana,1984,0.34282867647058823
401,Indiana,1985,0.6076456790123457
402,Indiana,1986,0.24329867549668874
403,Indiana,1987,0.26254832887700535
404,Indiana,1988,0.37279295774647886
405,Indiana,1989,0.2754818763326226
406,Indiana,1990,0.26154989384288746
407,Indiana,1991,0.19919415807560137
408,Indiana,1992,0.18707251908396946
409,Indiana,1993,0.22020272904483432
410,Indiana,1994,0.4166289881494986
411,Indiana,1995,0.22059314179796108
412,Indiana,1996,0.15875512104283054
413,Indiana,1997,0.17699895941727367
414,Indiana,1998,0.1964507042253521
415,Indiana,1999,0.1253836565096953
416,Indiana,2000,0.1107095115681234
417,Indiana,2001,0.14356169665809768
418,Indiana,2002,0.121904400440044
419,Indiana,2003,0.12737040714995035
420,Indiana,2004,0.3941201171875
421,Indiana,2005,0.23800441839495043
422,Indiana,2006,0.2550684466019417
423,Indiana,2007,0.2443131100478469
424,Indiana,2008,0.2949360204081633
425,Indiana,2009,0.0880555900621118
426,Indiana,2010,0.03450451807228916
427,Indiana,2011,0.036356814701378255
428,Indiana,2012,0.03819732441471572
429,Indiana,2013,0.02029951690821256
430,Indiana,2014,0.024934959349593496
431,Indiana,2015,0.025763371150729335
432,Indiana,2016,0.01270826833073323
433,Indiana,2017,0.014519713261648746
434,Indiana,2018,0.04926074498567335
435,Indiana,2019,0.03093939393939394
436,Iowa,1980,0.3731955922865014
437,Iowa,1981,0.2796398305084746
438,Iowa,1982,0.308772197309417
439,Iowa,1983,0.30346106194690264
440,Iowa,1984,0.25868
441,Iowa,1985,0.2119208530805687
442,Iowa,1986,0.1450747619047619
443,Iowa,1987,0.15385826771653544
444,Iowa,1988,0.2085951754385965
445,Iowa,1989,0.17758620689655175
446,Iowa,1990,0.19098360655737706
447,Iowa,1991,0.18559322033898304
448,Iowa,1992,0.15888888888888889
449,Iowa,1993,0.2481132075471698
450,Iowa,1994,0.30833333333333335
451,Iowa,1995,0.26822429906542056
452,Iowa,1996,0.21639344262295085
453,Iowa,1997,0.06229508196721311
454,Iowa,1998,0.0016949152542372883
455,Iowa,2009,0.14404999999999998
456,Iowa,2010,0.14929268292682926
457,Iowa,2011,0.06335195530726256
458,Iowa,2012,0.12565573770491803
459,Iowa,2013,0.06450837988826816
460,Iowa,2014,0.06713529411764706
461,Iowa,2015,0.04675141242937853
462,Iowa,2016,0.047206703910614524
463,Iowa,2017,0.03716312056737589
464,Iowa,2018,0.050215686274509806
465,Iowa,2019,0.03997029702970297
466,Iowa,2020,0.0067777777777777775
467,Kansas,1980,0.3136501901140684
468,Kansas,1981,0.20690476190476192
469,Kansas,1982,0.13681159420289857
470,Kansas,1983,0.1322879518072289
471,Kansas,1984,0.11343722172751558
472,Kansas,1985,0.0801040071237756
473,Kansas,1986,0.04774586330935252
474,Kansas,1987,0.02642020905923345
475,Kansas,1988,0.02890229885057471
476,Kansas,1989,0.02113
477,Kansas,1990,0.011675916749256691
478,Kansas,1991,0.014573158425832492
479,Kansas,1992,0.010021696252465483
480,Kansas,1993,0.007433231396534149
481,Kansas,1994,0.0061822323462414576
482,Kansas,1995,0.0057630375114364136
483,Kansas,1996,0.006963213939980639
484,Kansas,1997,0.00991996320147194
485,Kansas,1998,0.0012564102564102564
486,Kansas,2010,0.2165510204081633
487,Kansas,2011,0.15507692307692308
488,Kansas,2012,0.07037190082644629
489,Kansas,2013,0.07877702702702703
490,Kansas,2014,0.0716184971098266
491,Kansas,2015,0.04523699421965318
492,Kansas,2016,0.08897931034482758
493,Kansas,2017,0.0690084745762712
494,Kansas,2018,0.031157894736842107
495,Kansas,2019,0.029886956521739134
496,Kentucky,1980,0.2953703703703704
497,Kentucky,1981,0.2170886075949367
498,Kentucky,1982,0.22807105263157895
499,Kentucky,1983,0.25965
500,Kentucky,1984,0.2263953488372093
501,Kentucky,1985,0.14294945054945055
502,Kentucky,1986,0.10281185185185185
503,Kentucky,1987,0.06806635514018691
504,Kentucky,1988,0.06455128205128205
505,Kentucky,2010,0.021006711409395973
506,Kentucky,2011,0.024801980198019807
507,Kentucky,2012,0.13006472491909385
508,Kentucky,2013,0.014581761006289306
509,Kentucky,2014,0.01373170731707317
510,Kentucky,2015,0.029561855670103096
511,Kentucky,2016,0.01713089005235602
512,Kentucky,2017,0.015426666666666667
513,Kentucky,2018,0.11028089887640449
514,Kentucky,2019,0.016417582417582417
515,Kentucky,2020,0.0085
516,Louisiana,1980,0.312
517,Louisiana,1981,0.29580645161290325
518,Louisiana,1982,0.3812765432098766
519,Louisiana,1983,0.2763732673267327
520,Louisiana,1984,0.2793454545454545
521,Louisiana,1985,0.15298947368421054
522,Louisiana,1986,0.09854333333333333
523,Louisiana,1987,0.09477464788732394
524,Louisiana,1988,0.08272235772357724
525,Louisiana,1989,0.04881146245059288
526,Louisiana,1990,0.031385614035087724
527,Louisiana,1991,0.02256770538243626
528,Louisiana,1992,0.037916114790286976
529,Louisiana,1993,0.023886993603411514
530,Louisiana,1994,0.032939330543933054
531,Louisiana,1995,0.04794904458598726
532,Louisiana,1996,0.03651207729468599
533,Louisiana,1997,0.02634013605442177
534,Louisiana,1998,0.039306620209059236
535,Louisiana,1999,0.019189814814814812
536,Louisiana,2000,0.07229090909090909
537,Louisiana,2001,0.05541818181818182
538,Louisiana,2002,0.05752631578947368
539,Louisiana,2005,0.0
540,Louisiana,2006,0.000991655076495132
541,Louisiana,2015,0.00171875
542,Louisiana,2016,0.0019316239316239316
543,Louisiana,2017,0.023248945147679324
544,Louisiana,2018,0.028613756613756616
545,Louisiana,2019,0.018724719101123596
546,Maine,1980,0.22351351351351353
547,Maine,1981,0.31589010989010985
548,Maine,1982,0.2995072289156626
549,Maine,1983,0.2102267578125
550,Maine,1984,0.18350730688935282
551,Maine,1985,0.17694725536992842
552,Maine,1986,0.08601121495327103
553,Maine,1987,0.05540823798627002
554,Maine,1988,0.04764173913043479
555,Maine,1989,0.03457337883959045
556,Maine,1990,0.021545753785385122
557,Maine,1991,0.016935185185185185
558,Maine,1992,0.02118927444794953
559,Maine,1993,0.018925619834710743
560,Maine,2008,0.002236
561,Maryland,1980,0.5659379310344828
562,Maryland,1981,0.4559700854700855
563,Maryland,1982,0.4922783171521036
564,Maryland,1983,0.34535143603133156
565,Maryland,1984,0.30866997518610423
566,Maryland,1985,0.16065541561712846
567,Maryland,1986,0.08268571428571428
568,Maryland,1987,0.06082923832923833
569,Maryland,1988,0.05171671232876712
570,Maryland,1989,0.039074698795180725
571,Maryland,1990,0.03247176079734219
572,Maryland,1991,0.030460526315789473
573,Maryland,1992,0.025864583333333333
574,Maryland,1993,0.02227142857142857
575,Maryland,1994,0.022916107382550333
576,Maryland,1995,0.023158823529411763
577,Maryland,1996,0.022672131147540985
578,Maryland,1997,0.0
579,Maryland,1998,0.0
580,Maryland,1999,0.0
581,Maryland,2000,0.0
582,Maryland,2001,0.0
583,Maryland,2002,0.0
584,Maryland,2003,0.0
585,Maryland,2012,0.0025700934579439253
586,Maryland,2013,0.0022105263157894735
587,Maryland,2014,0.0013548387096774194
588,Maryland,2015,0.002271186440677966
589,Maryland,2016,0.0013442622950819673
590,Maryland,2017,0.0011451612903225809
591,Massachusetts,1980,0.45424000000000003
592,Massachusetts,1981,0.3176829268292683
593,Massachusetts,1982,0.5579051075268817
594,Massachusetts,1983,0.3971458149779736
595,Massachusetts,1984,0.3549772727272727
596,Massachusetts,1985,0.24043487544483988
597,Massachusetts,1986,0.12817398058252427
598,Massachusetts,1987,0.08490511463844796
599,Massachusetts,1988,0.06595225988700565
600,Massachusetts,1989,0.048060344827586206
601,Massachusetts,1990,0.03638655462184874
602,Massachusetts,1991,0.014809384164222873
603,Massachusetts,1992,0.01537953795379538
604,Massachusetts,1993,0.005313531353135314
605,Massachusetts,1994,0.0
606,Massachusetts,1995,0.0
607,Massachusetts,1998,0.01870731707317073
608,Massachusetts,1999,0.017271186440677964
609,Massachusetts,2000,0.016553571428571428
610,Massachusetts,2001,0.017241379310344827
611,Massachusetts,2002,0.011999999999999999
612,Massachusetts,2003,0.02480952380952381
613,Massachusetts,2004,0.01837254901960784
614,Massachusetts,2005,0.015325
615,Massachusetts,2006,0.005305084745762712
616,Massachusetts,2007,0.006796610169491526
617,Massachusetts,2008,0.01135
618,Massachusetts,2009,0.007459016393442623
619,Massachusetts,2010,0.0033374233128834357
620,Massachusetts,2011,0.003736654804270463
621,Massachusetts,2012,0.005387686567164179
622,Massachusetts,2013,0.003418867924528302
623,Massachusetts,2014,0.002899315068493151
624,Massachusetts,2015,0.0037936507936507935
625,Massachusetts,2016,0.00309390243902439
626,Massachusetts,2017,0.0015822222222222223
627,Michigan,1980,0.17153846153846153
628,Michigan,1981,0.2207070707070707
629,Michigan,1982,0.2412062038404727
630,Michigan,1983,0.23978352
631,Michigan,1984,0.19798461538461537
632,Michigan,1985,0.10580199692780337
633,Michigan,1986,0.07250208
634,Michigan,1987,0.08735714285714286
635,Michigan,1988,0.02964
636,Michigan,1989,0.023123132969034607
637,Michigan,1990,0.01781332288401254
638,Michigan,1991,0.013479235668789809
639,Michigan,1992,0.014688372093023256
640,Michigan,1993,0.01303389423076923
641,Michigan,1994,0.01329225181598063
642,Michigan,1995,0.007787234042553192
643,Michigan,1996,0.012132530120481927
644,Michigan,1997,0.012712460063897764
645,Michigan,1998,0.015028901734104047
646,Michigan,1999,0.011623376623376624
647,Michigan,2000,0.01231958762886598
648,Michigan,2001,0.01751737012987013
649,Michigan,2002,0.014824950099800399
650,Michigan,2003,0.014114716981132076
651,Michigan,2004,0.012855772994129159
652,Michigan,2005,0.01519442735042735
653,Michigan,2006,0.014448240418118468
654,Michigan,2007,0.013872292490118577
655,Michigan,2008,0.017824188034188036
656,Michigan,2009,0.012532166666666667
657,Michigan,2010,0.03657323943661972
658,Michigan,2011,0.027349869451697126
659,Michigan,2012,0.017178640776699027
660,Michigan,2013,0.016312217194570135
661,Michigan,2014,0.012751677852348993
662,Michigan,2015,0.015723684210526313
663,Michigan,2016,0.010029556650246305
664,Michigan,2017,0.01197661870503597
665,Michigan,2018,0.012774891774891774
666,Michigan,2019,0.010577266922094508
667,Michigan,2020,0.0075
668,Minnesota,1980,0.5834728829686013
669,Minnesota,1981,0.42665267576075555
670,Minnesota,1982,0.3301581730769231
671,Minnesota,1983,0.24436932409012133
672,Minnesota,1984,0.27679856115107915
673,Minnesota,1985,0.15603755555555554
674,Minnesota,1986,0.2002150110375276
675,Minnesota,1987,0.18976957547169812
676,Minnesota,1988,0.4084014869888476
677,Minnesota,1989,0.79428
678,Minnesota,1990,0.7154545454545455
679,Minnesota,1991,0.48396484375
680,Minnesota,1992,0.34520833333333334
681,Minnesota,1993,0.20535564853556484
682,Minnesota,1994,0.04959322033898305
683,Minnesota,1995,0.15187943262411346
684,Minnesota,1996,0.2064028776978417
685,Minnesota,1997,0.1253932584269663
686,Minnesota,1998,0.05084870848708487
687,Minnesota,1999,0.1702283105022831
688,Minnesota,2000,0.14023809523809525
689,Minnesota,2001,0.069
690,Minnesota,2002,0.01764705882352941
691,Minnesota,2003,0.006890510948905109
692,Minnesota,2004,0.009606481481481481
693,Minnesota,2005,0.007532051282051282
694,Minnesota,2006,0.01955456570155902
695,Minnesota,2007,0.03859237536656891
696,Minnesota,2008,0.03743249738766981
697,Minnesota,2009,0.023342995169082125
698,Minnesota,2010,0.017410526315789474
699,Minnesota,2011,0.0105
700,Minnesota,2012,0.013540772532188843
701,Minnesota,2013,0.013725961538461538
702,Minnesota,2014,0.012005285412262156
703,Minnesota,2015,0.014826794258373206
704,Minnesota,2016,0.01207820299500832
705,Minnesota,2017,0.011438435940099833
706,Minnesota,2018,0.009065390749601276
707,Minnesota,2019,0.007740604949587534
708,Mississippi,1980,0.30411764705882355
709,Mississippi,1981,0.31073257575757574
710,Mississippi,1982,0.24920610169491525
711,Mississippi,1983,0.2565609120521173
712,Mississippi,1984,0.20744186046511628
713,Mississippi,1985,0.11919801324503311
714,Mississippi,1986,0.08993392857142857
715,Mississippi,1987,0.07943829787234044
716,Mississippi,1988,0.07112307692307693
717,Mississippi,1989,0.07315126050420168
718,Mississippi,1990,0.07
719,Mississippi,1991,0.07
720,Mississippi,1992,0.017081967213114755
721,Mississippi,1993,0.00819672131147541
722,Mississippi,1994,0.001016949152542373
723,Mississippi,1995,0.03816666666666667
724,Mississippi,1996,0.0007142857142857143
725,Mississippi,1997,0.0126
726,Mississippi,2011,0.003
727,Mississippi,2012,0.0024745762711864405
728,Mississippi,2013,0.0030701754385964912
729,Mississippi,2014,0.003061946902654867
730,Mississippi,2015,0.002372549019607843
731,Mississippi,2016,0.0021964285714285714
732,Missouri,1982,0.9431637168141593
733,Missouri,1983,1.0582488126649077
734,Missouri,1984,0.5683293556085919
735,Missouri,1985,1.001412680756396
736,Missouri,1986,0.8697982658959538
737,Missouri,1987,0.903759942084942
738,Missouri,1988,0.8994868421052632
739,Missouri,1989,0.6983429460580912
740,Missouri,1990,0.5139004302925989
741,Missouri,1991,0.7903668246445498
742,Missouri,1992,1.8036829268292682
743,Missouri,1993,2.9057412935323383
744,Missouri,1994,2.135683308119012
745,Missouri,1995,1.6789765922700055
746,Missouri,1996,1.911555430500844
747,Missouri,1997,0.615305448541552
748,Missouri,1998,0.7569222689075631
749,Missouri,1999,0.7217235859124866
750,Missouri,2000,0.6004363636363637
751,Missouri,2001,0.8999127272727273
752,Missouri,2002,0.5535609936967
753,Missouri,2003,0.5636461255967682
754,Missouri,2004,0.8057157015032211
755,Missouri,2005,0.8186311250490004
756,Missouri,2006,0.9323597850259451
757,Missouri,2007,0.8682111780455154
758,Missouri,2008,0.7971290882061447
759,Missouri,2009,0.5367466734902764
760,Missouri,2010,0.4403464740450539
761,Missouri,2011,0.36169204789683757
762,Missouri,2012,0.28478836009174313
763,Missouri,2013,0.2552977053824363
764,Missouri,2014,0.07538993020937189
765,Missouri,2015,0.05417286606523248
766,Missouri,2016,0.06054573671066714
767,Missouri,2017,0.07210544077134987
768,Missouri,2018,0.06175946035976016
769,Missouri,2019,0.048559761654398875
770,Montana,1980,0.467834008097166
771,Montana,1981,1.441255707762557
772,Montana,1982,1.2748655913978495
773,Montana,1983,2.30209395711501
774,Montana,1984,1.5422771179730799
775,Montana,1985,1.1581699714013347
776,Montana,1986,1.9672855731225296
777,Montana,1987,2.0737189753320684
778,Montana,1988,2.3814970059880243
779,Montana,1989,1.2461702127659575
780,Montana,1990,0.8567769736842105
781,Montana,1991,1.0029283018867925
782,Montana,1992,2.4099348534201956
783,Montana,1993,2.503344262295082
784,Montana,1994,3.7798159509202454
785,Montana,1995,2.926883852691218
786,Montana,1996,1.818342857142857
787,Montana,1997,0.7768975903614458
788,Montana,1998,0.7273829787234043
789,Montana,1999,0.6745494505494506
790,Montana,2000,0.71587852494577
791,Montana,2001,0.27397379912663755
792,Nebraska,1980,0.31295454545454543
793,Nebraska,1981,0.2146551724137931
794,Nebraska,1982,0.3340189655172414
795,Nebraska,1983,0.26669233576642337
796,Nebraska,1984,0.2519512195121951
797,Nebraska,1985,0.40815697115384614
798,Nebraska,1986,0.31859542168674704
799,Nebraska,1987,0.2900894736842105
800,Nebraska,1988,0.43839306930693067
801,Nebraska,1989,0.5007357859531772
802,Nebraska,1990,0.74675
803,Nebraska,1991,0.742528
804,Nebraska,1992,1.3005701754385965
805,Nebraska,1993,1.1815744157441574
806,Nebraska,1994,1.3737673830594186
807,Nebraska,1995,2.113082901554404
808,Nebraska,1996,1.4377477477477478
809,Nebraska,1997,0.4622431259044863
810,Nebraska,1998,0.09198387096774194
811,Nebraska,1999,0.23850891410048622
812,Nebraska,2000,0.03823412698412698
813,Nebraska,2001,0.03547854785478548
814,Nebraska,2002,0.022173913043478263
815,Nebraska,2010,0.045302752293577976
816,Nebraska,2011,0.035954545454545454
817,Nebraska,2012,0.02782513661202186
818,Nebraska,2013,0.028676923076923076
819,Nebraska,2014,0.016096938775510203
820,Nebraska,2015,0.015544973544973546
821,Nebraska,2016,0.011459302325581396
822,Nebraska,2017,0.011612244897959183
823,Nebraska,2018,0.016499999999999997
824,Nevada,1980,0.32992222222222223
825,Nevada,1981,0.3787625
826,Nevada,1982,0.30354137931034486
827,Nevada,1983,0.3178657894736842
828,Nevada,1984,0.20174418604651165
829,Nevada,1985,0.103668
830,Nevada,1986,0.09287142857142858
831,Nevada,1987,0.035332608695652176
832,Nevada,2011,0.009
833,Nevada,2012,0.002816666666666667
834,Nevada,2013,0.003338983050847458
835,Nevada,2014,0.003316666666666667
836,Nevada,2015,0.0032203389830508474
837,Nevada,2016,0.002366666666666667
838,New Hampshire,1980,0.13333333333333333
839,New Hampshire,1988,0.06793939393939394
840,New Hampshire,2012,0.0017586206896551726
841,New Hampshire,2013,0.0014833333333333332
842,New Hampshire,2014,0.0006666666666666666
843,New Hampshire,2015,0.0016724137931034483
844,New Hampshire,2016,0.0037241379310344828
845,New Jersey,1980,0.37144385026737964
846,New Jersey,1981,0.3324489795918367
847,New Jersey,1982,0.43419828571428576
848,New Jersey,1983,0.5202373198847262
849,New Jersey,1984,0.5184878048780488
850,New Jersey,1985,0.3113707750952986
851,New Jersey,1986,0.17524348894348896
852,New Jersey,1987,0.12157944297082228
853,New Jersey,1988,0.1712228937728938
854,New Jersey,1989,0.15124301675977653
855,New Jersey,1990,0.11959023904382471
856,New Jersey,1991,0.2736817330210773
857,New Jersey,1992,0.16472300469483567
858,New Jersey,1993,0.07478841870824053
859,New Jersey,1994,0.06398169336384439
860,New Jersey,1995,0.04708009708737864
861,New Jersey,1996,0.03568650793650794
862,New Jersey,1997,0.038665116279069774
863,New Jersey,1998,0.030931623931623933
864,New Jersey,1999,0.05181512605042017
865,New Jersey,2000,0.04495652173913044
866,New Jersey,2001,0.06757142857142857
867,New Jersey,2002,0.05540350877192982
868,New Jersey,2003,0.025275862068965517
869,New Jersey,2004,0.05338888888888889
870,New Jersey,2005,0.12639999999999998
871,New Jersey,2006,0.08228571428571428
872,New Jersey,2007,0.010370370370370372
873,New Jersey,2008,0.007375
874,New Jersey,2012,0.0034464285714285716
875,New Jersey,2013,0.003413793103448276
876,New Jersey,2014,0.00276271186440678
877,New Jersey,2015,0.0030666666666666668
878,New Jersey,2016,0.0028448275862068967
879,New Jersey,2017,0.0019491525423728814
880,New Jersey,2018,0.002017857142857143
881,New Jersey,2019,0.0020892857142857145
882,New Mexico,1980,0.6465034965034965
883,New Mexico,1981,1.2549509803921568
884,New Mexico,1982,0.739085201793722
885,New Mexico,1983,0.603079704797048
886,New Mexico,1984,0.5520188679245283
887,New Mexico,1985,0.34294531835205994
888,New Mexico,1986,0.172899203187251
889,New Mexico,1987,0.11853110236220472
890,New Mexico,1988,0.06619140271493212
891,New Mexico,1989,0.043154858934169274
892,New Mexico,1990,0.13340655737704918
893,New Mexico,1991,0.0975275
894,New Mexico,1992,0.10514754098360655
895,New Mexico,1993,0.08774754098360656
896,New Mexico,1994,0.041748360655737705
897,New Mexico,1995,0.0536224
898,New Mexico,1996,0.0519396694214876
899,New Mexico,1997,0.05489105691056911
900,New Mexico,1998,0.038663333333333334
901,New Mexico,2001,0.005260714285714285
902,New Mexico,2002,0.006149382716049382
903,New Mexico,2003,0.005746551724137931
904,New Mexico,2004,0.0023983050847457624
905,New Mexico,2008,0.002258333333333333
906,New Mexico,2009,0.004388372093023256
907,New Mexico,2012,0.0032166666666666667
908,New Mexico,2013,0.002305084745762712
909,New Mexico,2014,0.002086206896551724
910,New Mexico,2015,0.002589285714285714
911,New Mexico,2016,0.0015932203389830508
912,New Mexico,2017,0.0009482758620689655
913,New York,1980,0.26905699481865286
914,New York,1981,0.21661538461538463
915,New York,1982,0.39325846153846156
916,New York,1983,0.33257696390658176
917,New York,1984,0.3558189823874755
918,New York,1985,0.23614715596330274
919,New York,1986,0.1391439408866995
920,New York,1987,0.14447675312199806
921,New York,1988,0.12757902187902187
922,New York,1989,0.11699680511182108
923,New York,1990,0.14669378698224853
924,New York,1991,0.16363766423357665
925,New York,1992,0.0855471289274106
926,New York,1993,0.06747572815533981
927,New York,1994,0.04595641646489104
928,New York,1995,0.041
929,New York,1996,0.04155025553662692
930,New York,1997,0.05328273244781784
931,New York,1998,0.05198830409356726
932,New York,1999,0.06086309523809524
933,New York,2000,0.051833910034602075
934,New York,2001,0.05069686411149826
935,New York,2002,0.04398601398601398
936,New York,2003,0.04108823529411765
937,New York,2004,0.06109649122807018
938,New York,2005,0.04493150684931507
939,New York,2006,0.025159322033898306
940,New York,2007,0.02110791366906475
941,New York,2008,0.027708053691275165
942,New York,2009,0.02407
943,New York,2010,0.023273127753303965
944,New York,2011,0.08008130081300813
945,New York,2012,0.01491126279863481
946,New York,2013,0.016477941176470588
947,New York,2014,0.009045643153526971
948,New York,2015,0.01157627118644068
949,New York,2016,0.014304597701149424
950,New York,2017,0.006706586826347306
951,North Carolina,1980,0.3075111111111111
952,North Carolina,1981,0.22273139931740615
953,North Carolina,1982,0.29457545126353796
954,North Carolina,1983,0.2631787234042553
955,North Carolina,1984,0.23866197183098592
956,North Carolina,1985,0.12501162790697676
957,North Carolina,1986,0.06607851239669421
958,North Carolina,1987,0.045281538461538456
959,North Carolina,1988,0.026416
960,North Carolina,1996,0.042484615384615385
961,North Carolina,1997,0.04238494623655914
962,North Carolina,2011,0.001
963,North Carolina,2012,0.0019243697478991597
964,North Carolina,2013,0.001218487394957983
965,North Carolina,2014,0.0014500000000000001
966,North Carolina,2015,0.0012773109243697479
967,North Carolina,2016,0.0012142857142857144
968,North Dakota,1980,0.1532054794520548
969,North Dakota,1981,0.11256983240223463
970,North Dakota,1982,0.09390588235294119
971,North Dakota,1983,0.08642180094786729
972,Ohio,1980,0.36220689655172417
973,Ohio,1981,0.21825223367697597
974,Ohio,1982,0.24921380597014925
975,Ohio,1983,0.2691981617647059
976,Ohio,1984,0.23357400722021662
977,Ohio,1985,0.12393104838709677
978,Ohio,1986,0.1523643426294821
979,Ohio,1987,0.32964096834264434
980,Ohio,1988,0.20026776859504133
981,Ohio,1989,0.08921397379912664
982,Ohio,1990,0.21062474576271187
983,Ohio,1991,0.10194900000000001
984,Ohio,1992,2.499837398373984
985,Ohio,1993,3.50201367781155
986,Ohio,1994,0.6056111111111111
987,Ohio,2009,0.07884550898203593
988,Ohio,2010,0.045633384146341466
989,Ohio,2011,0.02340144073346431
990,Ohio,2012,0.016207537154989383
991,Ohio,2013,0.011446997389033943
992,Ohio,2014,0.010946053378762068
993,Ohio,2015,0.01079090909090909
994,Ohio,2016,0.01453890909090909
995,Ohio,2017,0.01748903878583474
996,Ohio,2018,0.021914673046251994
997,Ohio,2019,0.018337777777777776
998,Ohio,2020,0.022799999999999997
999,Oklahoma,1980,0.26666666666666666
1000,Oklahoma,1981,0.23784313725490197
1001,Oklahoma,1982,0.22682191011235953
1002,Oklahoma,1983,0.24879744897959183
1003,Oklahoma,1984,0.21617224880382774
1004,Oklahoma,1985,0.11863497536945812
1005,Oklahoma,1986,0.06786517412935324
1006,Oklahoma,1987,0.049420707070707066
1007,Oklahoma,1988,0.0543265306122449
1008,Oklahoma,1989,0.053879003558718865
1009,Oklahoma,1990,0.026282758620689656
1010,Oklahoma,1991,0.03167465753424658
1011,Oklahoma,1992,0.016671140939597314
1012,Oklahoma,1993,0.021902356902356902
1013,Oklahoma,1994,0.009672535211267605
1014,Oklahoma,1995,0.011154150197628459
1015,Oklahoma,1996,0.020434065934065937
1016,Oklahoma,1997,0.0028125
1017,Oklahoma,2005,0.025396190476190475
1018,Oklahoma,2006,0.006782
1019,Oklahoma,2007,0.008453153153153153
1020,Oklahoma,2008,0.00925531914893617
1021,Oklahoma,2009,0.003439936102236422
1022,Oklahoma,2010,0.004894953271028037
1023,Oklahoma,2011,0.0069893835616438365
1024,Oklahoma,2012,0.008343348982785603
1025,Oklahoma,2013,0.007139009287925696
1026,Oklahoma,2014,0.0069198717948717944
1027,Oklahoma,2015,0.005290219224283305
1028,Oklahoma,2016,0.005639880952380953
1029,Oklahoma,2017,0.005278637770897833
1030,Oklahoma,2018,0.005029842180774749
1031,Oklahoma,2019,0.0057241590214067275
1032,Oregon,1980,0.3964285714285714
1033,Oregon,1981,0.32535714285714284
1034,Oregon,1982,0.6113807407407408
1035,Oregon,1983,0.6233753246753246
1036,Oregon,1984,0.6645945945945946
1037,Oregon,1985,0.12833205128205127
1038,Oregon,1986,0.0652201923076923
1039,Oregon,1987,0.05389298245614035
1040,Oregon,1988,0.05727368421052632
1041,Oregon,1994,0.15790322580645164
1042,Oregon,1995,0.13892857142857143
1043,Oregon,2001,0.008336842105263158
1044,Oregon,2002,0.00679344262295082
1045,Oregon,2003,0.005436036036036036
1046,Oregon,2004,0.003675
1047,Oregon,2010,0.015636363636363636
1048,Oregon,2011,0.019306818181818182
1049,Oregon,2012,0.012693467336683415
1050,Oregon,2013,0.0029663865546218486
1051,Oregon,2014,0.0015070422535211267
1052,Oregon,2015,0.0025771812080536915
1053,Oregon,2016,0.0015107913669064749
1054,Oregon,2017,0.0015174825174825175
1055,Oregon,2018,0.0013013698630136986
1056,Pennsylvania,1980,0.3960493890020367
1057,Pennsylvania,1981,0.298870529651426
1058,Pennsylvania,1982,0.32628083593972135
1059,Pennsylvania,1983,0.28897208489388265
1060,Pennsylvania,1984,0.35841027208804643
1061,Pennsylvania,1985,0.44937168792934246
1062,Pennsylvania,1986,0.32740605914883386
1063,Pennsylvania,1987,0.34494240000000004
1064,Pennsylvania,1988,0.2875590059473237
1065,Pennsylvania,1989,0.698372541457771
1066,Pennsylvania,1990,0.4993390357698289
1067,Pennsylvania,1991,0.35823696346222067
1068,Pennsylvania,1992,0.46557082106640496
1069,Pennsylvania,1993,0.45357025876187357
1070,Pennsylvania,1994,0.48186446173800257
1071,Pennsylvania,1995,0.3724171607952564
1072,Pennsylvania,1996,0.42071858407079643
1073,Pennsylvania,1997,0.36199001152516325
1074,Pennsylvania,1998,0.23010743801652894
1075,Pennsylvania,1999,0.28072389493914157
1076,Pennsylvania,2000,0.07226018396846255
1077,Pennsylvania,2001,0.06564766839378239
1078,Pennsylvania,2002,0.06196013289036544
1079,Pennsylvania,2003,0.070992
1080,Pennsylvania,2004,0.053088888888888894
1081,Pennsylvania,2005,0.05838106951871658
1082,Pennsylvania,2006,0.05578424101969873
1083,Pennsylvania,2007,0.052720408163265314
1084,Pennsylvania,2008,0.05998899676375404
1085,Pennsylvania,2009,0.04565048859934853
1086,Pennsylvania,2010,0.05693219837157661
1087,Pennsylvania,2011,0.044536926790024134
1088,Pennsylvania,2012,0.053103247631935045
1089,Pennsylvania,2013,0.02851779701779702
1090,Pennsylvania,2014,0.020309364705882352
1091,Pennsylvania,2015,0.012717581300813009
1092,Pennsylvania,2016,0.012626937669376694
1093,Pennsylvania,2017,0.011315871979098628
1094,Pennsylvania,2018,0.012383663366336634
1095,Pennsylvania,2019,0.011899780461031833
1096,Puerto Rico,1980,0.41528608695652175
1097,Puerto Rico,1981,0.29289131736526947
1098,Puerto Rico,1982,0.4317916129032258
1099,Puerto Rico,1983,0.5181611801242236
1100,Puerto Rico,1984,0.5099365079365079
1101,Puerto Rico,1985,0.3547871698113208
1102,Puerto Rico,1986,0.1030366883116883
1103,Puerto Rico,1987,0.0628453642384106
1104,Puerto Rico,1988,0.01926954887218045
1105,Puerto Rico,1989,0.011681034482758621
1106,Puerto Rico,1990,0.011787072243346007
1107,Puerto Rico,1991,0.008522727272727272
1108,Puerto Rico,1992,0.039649122807017545
1109,Puerto Rico,1993,0.001896551724137931
1110,Puerto Rico,1997,0.0
1111,Puerto Rico,1998,0.0068
1112,Puerto Rico,1999,0.018541666666666668
1113,Puerto Rico,2000,0.00830188679245283
1114,Puerto Rico,2001,0.0007142857142857143
1115,Puerto Rico,2002,0.010377358490566039
1116,Puerto Rico,2003,0.0008771929824561404
1117,Puerto Rico,2004,0.0
1118,Puerto Rico,2005,0.003103448275862069
1119,Puerto Rico,2006,0.0008771929824561404
1120,Puerto Rico,2007,0.007090909090909091
1121,Puerto Rico,2008,0.024444444444444446
1122,Puerto Rico,2010,0.1987142857142857
1123,Puerto Rico,2011,0.13430555555555557
1124,Puerto Rico,2012,0.1363779527559055
1125,Puerto Rico,2013,0.33857677902621724
1126,Puerto Rico,2014,0.17722101449275363
1127,Puerto Rico,2015,0.07879746835443037
1128,Puerto Rico,2016,0.02865714285714286
1129,Puerto Rico,2017,0.04726605504587156
1130,Puerto Rico,2018,0.05603105590062111
1131,Puerto Rico,2019,0.027675
1132,Rhode Island,1980,0.49679285714285715
1133,Rhode Island,1981,0.30549019607843136
1134,Rhode Island,1982,0.46308625
1135,Rhode Island,1983,0.37610670926517575
1136,Rhode Island,1984,0.2813664596273292
1137,Rhode Island,1985,0.212590365448505
1138,Rhode Island,1986,0.10516730769230768
1139,Rhode Island,1987,0.07202993827160495
1140,Rhode Island,1988,0.04135458167330677
1141,Rhode Island,1989,0.04682203389830509
1142,Rhode Island,2001,0.01610263157894737
1143,Rhode Island,2002,0.013714285714285715
1144,Rhode Island,2011,0.00493939393939394
1145,Rhode Island,2012,0.00568421052631579
1146,Rhode Island,2013,0.0057
1147,Rhode Island,2014,0.005482758620689655
1148,Rhode Island,2015,0.005322033898305085
1149,Rhode Island,2016,0.005129032258064516
1150,South Carolina,1980,0.3458535789473684
1151,South Carolina,1981,0.2791881443298969
1152,South Carolina,1982,0.3029865329512894
1153,South Carolina,1983,0.22922470588235294
1154,South Carolina,1984,0.21298103266596416
1155,South Carolina,1985,0.14689760658189976
1156,South Carolina,1986,0.09772086092715232
1157,South Carolina,1987,0.059329370629370624
1158,South Carolina,1988,0.052132193158953725
1159,South Carolina,1989,0.03109677419354839
1160,South Carolina,1990,0.025034164358264083
1161,South Carolina,1991,0.01796385542168675
1162,South Carolina,1992,0.02149604743083004
1163,South Carolina,1993,0.04474368530020704
1164,South Carolina,1994,0.07292424754819074
1165,South Carolina,1995,0.01586826347305389
1166,South Carolina,1996,0.005869875222816399
1167,South Carolina,1997,0.006244759972954699
1168,South Carolina,1998,0.00892485549132948
1169,South Carolina,1999,0.005844461305007587
1170,South Carolina,2000,0.008328376703841388
1171,South Carolina,2001,0.004566144200626959
1172,South Carolina,2002,0.002356365614798694
1173,South Carolina,2003,0.002627075098814229
1174,South Carolina,2004,0.002348642172523962
1175,South Carolina,2005,0.0019620403321470936
1176,South Carolina,2006,0.0016880443388756928
1177,South Carolina,2007,0.001775
1178,South Carolina,2008,0.0016466666666666667
1179,South Carolina,2009,0.0018868778280542987
1180,South Carolina,2010,0.0009818181818181818
1181,South Carolina,2011,0.006149169435215947
1182,South Carolina,2012,0.0074160326086956515
1183,South Carolina,2013,0.01394625668449198
1184,South Carolina,2014,0.028452296819787986
1185,South Carolina,2015,0.02177157360406091
1186,South Carolina,2016,0.027457055214723927
1187,South Carolina,2017,0.023549450549450547
1188,South Carolina,2018,0.036698529411764706
1189,South Carolina,2019,0.06411575562700965
1190,South Dakota,1981,0.08303448275862069
1191,South Dakota,1982,0.0056
1192,South Dakota,1983,0.007321428571428572
1193,South Dakota,1984,0.0015333333333333334
1194,South Dakota,1985,0.0009185185185185185
1195,South Dakota,1986,0.0
1196,Tennessee,1980,0.5130254476908578
1197,Tennessee,1981,0.2698514391829155
1198,Tennessee,1982,0.42960250896057345
1199,Tennessee,1983,0.35179955555555553
1200,Tennessee,1984,0.6490580455547392
1201,Tennessee,1985,0.4684255605381166
1202,Tennessee,1986,0.26932494497432136
1203,Tennessee,1987,0.27719230199851963
1204,Tennessee,1988,0.32920330448465773
1205,Tennessee,1989,0.2611033613445378
1206,Tennessee,1990,0.7001542056074767
1207,Tennessee,1991,0.8034231499051233
1208,Tennessee,1992,0.5499804878048781
1209,Tennessee,1993,0.46193514644351463
1210,Tennessee,1994,0.44188628158844767
1211,Tennessee,1995,0.43894604767879547
1212,Tennessee,1996,0.2794294871794872
1213,Tennessee,1997,0.28322432962720734
1214,Tennessee,1998,0.3585790884718499
1215,Tennessee,1999,0.20163776493256264
1216,Tennessee,2000,0.26455083909180654
1217,Tennessee,2001,0.22484590860786396
1218,Tennessee,2002,0.21803370786516854
1219,Tennessee,2003,0.14249659613615456
1220,Tennessee,2004,0.05634239602169982
1221,Tennessee,2005,0.07290378006872852
1222,Tennessee,2006,0.07064516129032257
1223,Tennessee,2007,0.07079295154185022
1224,Tennessee,2008,0.05571940298507463
1225,Tennessee,2009,0.03457863577863578
1226,Tennessee,2010,0.030717615467239525
1227,Tennessee,2011,0.04195027746947836
1228,Tennessee,2012,0.037638157894736846
1229,Tennessee,2013,0.025362250879249707
1230,Tennessee,2014,0.01716793893129771
1231,Tennessee,2015,0.014929936305732484
1232,Tennessee,2016,0.017810160427807486
1233,Tennessee,2017,0.015223300970873786
1234,Tennessee,2018,0.013342372881355933
1235,Tennessee,2019,0.009366101694915254
1236,Tennessee,2020,0.013733333333333335
1237,Texas,1980,0.19896185688941456
1238,Texas,1981,0.2592001070090958
1239,Texas,1982,0.4847717842323651
1240,Texas,1983,0.3223722867792151
1241,Texas,1984,0.5221783783783783
1242,Texas,1985,0.2668248294162244
1243,Texas,1986,0.1453297762255853
1244,Texas,1987,0.13835478098788445
1245,Texas,1988,0.12974937993235625
1246,Texas,1989,0.1577274622573688
1247,Texas,1990,0.1437598434925865
1248,Texas,1991,0.08925572354211664
1249,Texas,1992,0.06590800681431006
1250,Texas,1993,0.07296803652968037
1251,Texas,1994,0.060399820305480675
1252,Texas,1995,0.08295422369042
1253,Texas,1996,0.0671156462585034
1254,Texas,1997,0.06290564578499613
1255,Texas,1998,0.07776241721854305
1256,Texas,1999,0.08611913696060038
1257,Texas,2000,0.09216812439261418
1258,Texas,2001,0.2704453860640302
1259,Texas,2002,0.05207307692307692
1260,Texas,2003,0.07377430167597766
1261,Texas,2004,0.07165
1262,Texas,2005,0.0854095682613769
1263,Texas,2006,0.06945564074479738
1264,Texas,2007,0.08558943781942079
1265,Texas,2008,0.14902658486707565
1266,Texas,2009,0.09039730639730639
1267,Texas,2010,0.0997536231884058
1268,Texas,2011,0.06640455120101138
1269,Texas,2012,0.04491648822269807
1270,Texas,2013,0.016924242424242425
1271,Texas,2014,0.005917241379310345
1272,Texas,2015,0.004434615384615385
1273,Texas,2016,0.003918819188191882
1274,Texas,2017,0.0043982905982905985
1275,Texas,2018,0.007548449612403101
1276,Texas,2019,0.026758620689655174
1277,Texas,2020,0.0049499999999999995
1278,Utah,1982,0.4392830882352941
1279,Utah,1983,0.45649502369668243
1280,Utah,1984,0.41644529262086516
1281,Utah,1985,0.2683098795180723
1282,Utah,1986,0.12118587786259541
1283,Utah,1987,0.12098459016393442
1284,Utah,1988,0.11062397660818712
1285,Utah,1989,0.09147239263803682
1286,Utah,1990,0.06165476190476191
1287,Utah,1991,0.06238297872340425
1288,Utah,1992,0.04222981366459627
1289,Utah,1993,0.04528313253012048
1290,Utah,1994,0.041584337349397586
1291,Utah,1995,0.04115126050420168
1292,Utah,1996,0.02352542372881356
1293,Utah,1997,0.03626666666666667
1294,Utah,1998,0.04571551724137931
1295,Utah,1999,0.043925925925925924
1296,Utah,2000,0.04506779661016949
1297,Utah,2001,0.029389830508474577
1298,Utah,2002,0.023029310344827584
1299,Utah,2003,0.032592156862745095
1300,Utah,2004,0.04445901639344262
1301,Utah,2005,0.04102439024390244
1302,Utah,2010,0.016710843373493975
1303,Utah,2011,0.027906976744186046
1304,Utah,2012,0.017489510489510487
1305,Utah,2013,0.020355704697986577
1306,Utah,2014,0.01446808510638298
1307,Utah,2015,0.020873239436619718
1308,Utah,2016,0.024179775280898878
1309,Utah,2017,0.03855555555555555
1310,Vermont,1980,0.033428571428571426
1311,Vermont,1981,0.07404545454545454
1312,Vermont,1982,0.05858275862068966
1313,Vermont,1983,0.04053703703703704
1314,Vermont,1984,0.05117241379310345
1315,Vermont,1985,0.02723703703703704
1316,Vermont,1986,0.01668695652173913
1317,Vermont,1987,0.021591428571428574
1318,Vermont,1988,0.019450000000000002
1319,Vermont,1989,0.01933333333333333
1320,Vermont,1990,0.018095238095238095
1321,Vermont,2012,0.0012846153846153845
1322,Vermont,2013,0.0012646153846153846
1323,Vermont,2014,0.0008985074626865672
1324,Virgin Islands,1980,0.056296296296296296
1325,Virgin Islands,1981,0.0534375
1326,Virgin Islands,1982,0.012814285714285714
1327,Virgin Islands,1983,0.013940740740740741
1328,Virgin Islands,1984,0.00125
1329,Virgin Islands,1985,0.0043625
1330,Virgin Islands,1986,0.0
1331,Virgin Islands,1987,0.0034923076923076926
1332,Virgin Islands,1988,0.0
1333,Virginia,1980,0.21729032258064515
1334,Virginia,1981,0.22582916666666666
1335,Virginia,1982,0.24473873684210526
1336,Virginia,1983,0.2771355042016807
1337,Virginia,1984,0.19960148514851483
1338,Virginia,1985,0.09576672661870503
1339,Virginia,1986,0.06539036885245901
1340,Virginia,1987,0.03991699604743083
1341,Virginia,1988,0.03051983967935872
1342,Virginia,1989,0.04576382978723404
1343,Virginia,1990,0.03763157894736842
1344,Virginia,1991,0.02437373737373737
1345,Virginia,1992,0.012483443708609272
1346,Virginia,1993,0.012519877675840979
1347,Virginia,1994,0.015880546075085326
1348,Virginia,1995,0.0146056338028169
1349,Virginia,1996,0.011355072463768115
1350,Virginia,1997,0.00916015625
1351,Virginia,1998,0.011855614973262032
1352,Virginia,2004,0.0046920353982300884
1353,Virginia,2005,0.005228358208955224
1354,Virginia,2006,0.00467810650887574
1355,Virginia,2007,0.0047374999999999995
1356,Virginia,2008,0.003540845070422535
1357,Virginia,2009,0.004830566037735849
1358,Virginia,2010,0.011872252747252747
1359,Virginia,2011,0.007163562753036438
1360,Virginia,2012,0.00740103734439834
1361,Virginia,2013,0.00795483193277311
1362,Virginia,2014,0.003051958224543081
1363,Virginia,2015,0.003939058823529412
1364,Virginia,2016,0.0052128463476070535
1365,Virginia,2017,0.00457915309446254
1366,Virginia,2018,0.004066763848396502
1367,Virginia,2019,0.00430576923076923
1368,Virginia,2020,0.008266666666666667
1369,Washington,1980,0.42298245614035085
1370,Washington,1981,0.30618644067796613
1371,Washington,1982,0.37249072164948455
1372,Washington,1983,0.3441658823529412
1373,Washington,1984,0.30977777777777776
1374,Washington,1985,0.18936015936254982
1375,Washington,1986,0.11757816091954022
1376,Washington,1987,0.11984904458598727
1377,Washington,1988,0.1185029197080292
1378,Washington,1989,0.1186
1379,Washington,1990,0.18257142857142858
1380,Washington,1991,0.17015151515151516
1381,Washington,1992,0.1718018018018018
1382,Washington,1993,0.13885245901639345
1383,Washington,1994,0.21333333333333335
1384,Washington,1995,0.20719101123595507
1385,Washington,1996,0.4580327868852459
1386,Washington,1997,0.5598360655737704
1387,Washington,1998,0.5419736842105263
1388,Washington,1999,0.03966292134831461
1389,Washington,2001,0.004368897637795275
1390,Washington,2002,0.004013953488372093
1391,Washington,2011,0.02333333333333333
1392,Washington,2012,0.028839160839160837
1393,Washington,2013,0.0029000000000000002
1394,Washington,2014,0.0022233333333333332
1395,Washington,2015,0.0024379310344827586
1396,Washington,2016,0.002413793103448276
1397,Washington,2017,0.0026333333333333334
1398,Washington,2018,0.001875
1399,West Virginia,1980,0.284
1400,West Virginia,1981,0.22453525641025643
1401,West Virginia,1982,0.25065070967741937
1402,West Virginia,1983,0.20029535423925668
1403,West Virginia,1984,0.16781214203894615
1404,West Virginia,1985,0.08900447427293065
1405,West Virginia,1986,0.05827383073496659
1406,West Virginia,1987,0.043781693363844396
1407,West Virginia,1988,0.030452933985330072
1408,West Virginia,1989,0.025198902606310015
1409,West Virginia,1990,0.029313186813186815
1410,West Virginia,1991,0.023187772925764193
1411,West Virginia,1992,0.027972465581977475
1412,West Virginia,1993,0.019613899613899616
1413,West Virginia,1994,0.025308310991957104
1414,West Virginia,1995,0.022329355608591884
1415,West Virginia,1996,0.01932438739789965
1416,West Virginia,1997,0.01638191632928475
1417,West Virginia,2005,0.010021621621621622
1418,West Virginia,2006,0.010443103448275863
1419,West Virginia,2007,0.007642857142857143
1420,West Virginia,2008,0.006077844311377245
1421,West Virginia,2009,0.005076271186440677
1422,West Virginia,2010,0.005559880239520958
1423,West Virginia,2011,0.004358426966292135
1424,West Virginia,2012,0.0064172549019607845
1425,West Virginia,2013,0.005907407407407407
1426,West Virginia,2014,0.006675847457627118
1427,West Virginia,2015,0.005370689655172413
1428,West Virginia,2016,0.0065836257309941516
1429,West Virginia,2017,0.006204294478527608
1430,West Virginia,2018,0.003381111111111111
1431,West Virginia,2019,0.0038526315789473684
1432,Wisconsin,1980,0.19273882978723406
1433,Wisconsin,1981,0.2223914772727273
1434,Wisconsin,1982,0.301856
1435,Wisconsin,1983,0.187076
1436,Wisconsin,1984,0.29885239852398526
1437,Wisconsin,1985,0.19429031141868514
1438,Wisconsin,1986,0.13120401606425702
1439,Wisconsin,1987,0.07385
1440,Wisconsin,1988,0.06838540145985401
1441,Wisconsin,1989,0.05776699029126214
1442,Wisconsin,1990,0.05957983193277311
1443,Wisconsin,1991,0.12389726027397259
1444,Wisconsin,1992,0.18350581395348836
1445,Wisconsin,1993,0.15364375
1446,Wisconsin,1994,0.16040588235294118
1447,Wisconsin,1995,0.22770476190476188
1448,Wisconsin,1996,0.2316551724137931
1449,Wisconsin,1997,0.15902272727272726
1450,Wisconsin,2000,0.013816666666666666
1451,Wisconsin,2001,0.01050392156862745
1452,Wisconsin,2002,0.008543037974683544
1453,Wisconsin,2003,0.008454054054054055
1454,Wisconsin,2004,0.006878431372549019
1455,Wisconsin,2005,0.00742962962962963
1456,Wisconsin,2006,0.017966666666666666
1457,Wisconsin,2007,0.00864
1458,Wisconsin,2010,0.11224943820224718
1459,Wisconsin,2011,0.07837428571428572
1460,Wisconsin,2012,0.0600752688172043
1461,Wisconsin,2013,0.04681521739130435
1462,Wisconsin,2014,0.05560869565217391
1463,Wisconsin,2015,0.023422222222222223
1464,Wisconsin,2016,0.03871739130434782
1465,Wisconsin,2017,0.014527472527472529
1466,Wisconsin,2018,0.006461538461538461
1467,Wyoming,1981,0.01056
1468,Wyoming,1982,0.001
1469,Wyoming,1983,0.007247368421052631
1470,Wyoming,1984,0.0
1471,Wyoming,1985,0.0013375
