,STATE,Year,NO2 (in ppb)
0,Alabama,1980,61.09462365591398
1,Alabama,1981,35.460732984293195
2,Alabama,1982,41.34444444444444
3,Alabama,1991,30.13186813186813
4,Alabama,1992,27.9746192893401
5,Alabama,1993,25.952293577981653
6,Alabama,1994,25.4
7,Alabama,1995,23.863147792706336
8,Alabama,1996,22.703117505995206
9,Alabama,1997,21.45614035087719
10,Alabama,1998,20.355704697986578
11,Alabama,1999,21.933962264150942
12,Alabama,2000,24.186363636363637
13,Alabama,2001,20.336244541484717
14,Alabama,2002,15.204379562043796
15,Alabama,2003,13.56338028169014
16,Alabama,2004,11.198067632850242
17,Alabama,2005,12.161290322580646
18,Alabama,2013,23.141935483870967
19,Alabama,2014,25.960182370820668
20,Alabama,2015,24.32965838509317
21,Alabama,2016,26.2790625
22,Alabama,2017,21.963124999999998
23,Alabama,2018,22.004473304473304
24,Alabama,2019,24.62591463414634
25,Alaska,1980,10.55378486055777
26,Alaska,1981,22.017341040462426
27,Alaska,1989,11.93918918918919
28,Alaska,1990,12.37984496124031
29,Alaska,1991,10.945454545454545
30,Alaska,2014,23.835028248587573
31,Alaska,2015,22.67026239067055
32,Alaska,2016,23.5715625
33,Alaska,2017,23.121159420289857
34,Alaska,2018,21.861095100864553
35,Alaska,2019,18.948768472906405
36,Arizona,1980,54.19867549668874
37,Arizona,1981,36.965124555160145
38,Arizona,1982,34.323567708333336
39,Arizona,1983,26.159368269921035
40,Arizona,1984,21.659300184162063
41,Arizona,1985,19.33304757822546
42,Arizona,1986,21.710643015521065
43,Arizona,1987,43.71760797342193
44,Arizona,1988,23.598091198303287
45,Arizona,1989,21.953518398967077
46,Arizona,1990,41.58699059561128
47,Arizona,1991,35.54010695187166
48,Arizona,1992,38.953827460510325
49,Arizona,1993,42.775731310942575
50,Arizona,1994,41.63756906077348
51,Arizona,1995,44.70319634703196
52,Arizona,1996,44.61422787738577
53,Arizona,1997,48.113846153846154
54,Arizona,1998,46.99443882709808
55,Arizona,1999,47.71710229106163
56,Arizona,2000,46.43780653950954
57,Arizona,2001,40.54443359375
58,Arizona,2002,39.10202151940006
59,Arizona,2003,36.008372093023254
60,Arizona,2004,35.508662092624355
61,Arizona,2005,33.54289736370617
62,Arizona,2006,32.68233695652174
63,Arizona,2007,36.941978329255505
64,Arizona,2008,35.484924623115575
65,Arizona,2009,33.091701534170156
66,Arizona,2010,32.07758558558559
67,Arizona,2011,33.02874720357942
68,Arizona,2012,34.636444805194806
69,Arizona,2013,31.509867629362216
70,Arizona,2014,30.783327742368336
71,Arizona,2015,27.3320697954272
72,Arizona,2016,28.641754169240272
73,Arizona,2017,31.312009890498057
74,Arizona,2018,29.87938037865749
75,Arizona,2019,27.179409672830726
76,Arkansas,1980,17.22635135135135
77,Arkansas,1981,28.294416243654823
78,Arkansas,1982,17.154302670623146
79,Arkansas,1983,19.78
80,Arkansas,1984,21.85151515151515
81,Arkansas,1985,21.252365930599368
82,Arkansas,1986,23.594900849858355
83,Arkansas,1987,23.861495844875346
84,Arkansas,1988,24.89344262295082
85,Arkansas,1989,22.38888888888889
86,Arkansas,1990,23.044817927170868
87,Arkansas,1991,21.84257206208426
88,Arkansas,1992,23.072327044025158
89,Arkansas,1993,22.58082191780822
90,Arkansas,1994,25.852054794520548
91,Arkansas,1995,24.440111420612812
92,Arkansas,1996,24.383561643835616
93,Arkansas,1997,22.835616438356166
94,Arkansas,1998,24.07611111111111
95,Arkansas,1999,26.375824175824174
96,Arkansas,2000,23.03157894736842
97,Arkansas,2001,23.489423076923078
98,Arkansas,2002,32.29916897506925
99,Arkansas,2003,30.03921568627451
100,Arkansas,2004,28.076246334310852
101,Arkansas,2005,28.39080459770115
102,Arkansas,2006,27.016438356164382
103,Arkansas,2007,25.673076923076923
104,Arkansas,2008,22.793715846994534
105,Arkansas,2009,20.298486932599726
106,Arkansas,2010,23.84478021978022
107,Arkansas,2011,22.963324175824173
108,Arkansas,2012,23.993138686131385
109,Arkansas,2013,21.336575342465753
110,Arkansas,2014,20.327534246575343
111,Arkansas,2015,18.943328748280603
112,Arkansas,2016,18.659807956104252
113,Arkansas,2017,17.905241379310343
114,Arkansas,2018,17.592328767123288
115,Arkansas,2019,18.51392757660167
116,Arkansas,2020,18.482417582417582
117,California,1980,63.47112117780294
118,California,2019,19.41304718417047
119,California,2020,14.280232558139534
120,Colorado,1980,59.41938490214352
121,Colorado,1981,55.16933638443936
122,Colorado,1982,50.62111801242236
123,Colorado,1983,60.93948339483395
124,Colorado,1984,56.4553706505295
125,Colorado,1985,54.40542907180385
126,Colorado,1986,60.78491620111732
127,Colorado,1987,54.35847208619001
128,Colorado,1988,39.07093184979138
129,Colorado,1989,36.75166719593522
130,Colorado,1990,29.872418387741504
131,Colorado,1991,35.213813813813815
132,Colorado,1992,35.960901894938836
133,Colorado,1993,32.50239442751415
134,Colorado,1994,34.16428409348763
135,Colorado,1995,31.55557868442964
136,Colorado,1996,30.546628407460545
137,Colorado,1997,29.27984496124031
138,Colorado,1998,29.265571358509074
139,Colorado,1999,28.8701171875
140,Colorado,2000,28.391568092205034
141,Colorado,2001,31.48240244835501
142,Colorado,2002,36.25467775467776
143,Colorado,2003,33.311051693404636
144,Colorado,2004,27.58924570575056
145,Colorado,2005,27.83923076923077
146,Colorado,2006,23.50174621653085
147,Colorado,2007,24.67956469165659
148,Colorado,2008,20.091172214182343
149,Colorado,2009,18.2326656394453
150,Colorado,2010,17.924735830931798
151,Colorado,2011,16.55821806346623
152,Colorado,2012,15.205899925317402
153,Colorado,2013,16.21619545175169
154,Colorado,2014,17.581907894736844
155,Colorado,2015,18.882346027268454
156,Colorado,2016,22.607206012378427
157,Colorado,2017,18.944085521729026
158,Colorado,2018,18.761386811692727
159,Colorado,2019,21.129292107404392
160,Colorado,2020,40.682065217391305
161,Connecticut,1980,46.79634464751958
162,Connecticut,1981,40.343058350100605
163,Connecticut,1982,45.54802680565897
164,Connecticut,1983,46.940441882805
165,Connecticut,1984,46.46866230121609
166,Connecticut,1985,45.10707635009311
167,Connecticut,1986,44.23371647509578
168,Connecticut,1987,42.72675521821632
169,Connecticut,1988,43.39341262580055
170,Connecticut,1989,41.67524752475248
171,Connecticut,1990,40.196360153256705
172,Connecticut,1991,40.563654033041786
173,Connecticut,1992,37.2895256916996
174,Connecticut,1993,39.709193245778614
175,Connecticut,1994,42.34313725490196
176,Connecticut,1995,34.13612565445026
177,Connecticut,1996,35.13082583810303
178,Connecticut,1997,34.71166892808684
179,Connecticut,1998,35.98705501618123
180,Connecticut,1999,33.79927272727273
181,Connecticut,2000,31.610878661087867
182,Connecticut,2001,36.293661971830986
183,Connecticut,2002,37.030744336569576
184,Connecticut,2003,34.20551181102362
185,Connecticut,2004,31.710650329877474
186,Connecticut,2005,33.90996168582375
187,Connecticut,2006,30.186666666666667
188,Connecticut,2007,26.853746397694525
189,Connecticut,2008,23.777620396600568
190,Connecticut,2009,21.652298850574713
191,Connecticut,2010,21.03840579710145
192,Connecticut,2011,21.145770392749245
193,Connecticut,2012,17.599717114568598
194,Connecticut,2013,20.05868118572293
195,Connecticut,2014,20.228720324261726
196,Connecticut,2015,21.229218407596786
197,Connecticut,2016,25.789074074074076
198,Connecticut,2017,25.171259509721047
199,Connecticut,2018,21.774223163841807
200,Connecticut,2019,21.289210716871832
201,Delaware,1980,61.078998073217726
202,Delaware,1981,54.40298507462686
203,Delaware,1982,38.64646464646464
204,Delaware,1983,47.443729903536976
205,Delaware,1984,46.01719197707737
206,Delaware,1985,47.82392026578073
207,Delaware,1986,46.061093247588424
208,Delaware,1987,48.469539375928676
209,Delaware,1988,48.52080123266564
210,Delaware,1989,49.18505942275043
211,Delaware,1990,46.78649635036496
212,Delaware,1991,46.669669669669666
213,Delaware,1992,28.980662983425415
214,Delaware,1993,32.53346080305927
215,Delaware,1994,33.84775641025641
216,Delaware,1995,30.77151799687011
217,Delaware,1996,34.23906705539358
218,Delaware,1997,30.755963302752292
219,Delaware,1998,28.041407867494826
220,Delaware,1999,32.84498480243161
221,Delaware,2000,35.264462809917354
222,Delaware,2001,37.18320610687023
223,Delaware,2002,34.787425149700596
224,Delaware,2003,35.40652818991098
225,Delaware,2004,33.56928838951311
226,Delaware,2005,32.4178674351585
227,Delaware,2006,34.257861635220124
228,Delaware,2007,32.89224137931034
229,Delaware,2008,31.348973607038122
230,Delaware,2009,30.5
231,Delaware,2010,26.085043988269796
232,Delaware,2011,23.30380228136882
233,Delaware,2012,17.592393736017897
234,Delaware,2013,12.660329341317366
235,Delaware,2014,14.508235294117648
236,Delaware,2015,24.845714285714287
237,Delaware,2016,23.582565789473687
238,Delaware,2017,22.276988636363637
239,Delaware,2018,20.359818731117826
240,Delaware,2019,21.53920265780731
241,Delaware,2020,30.465384615384615
242,District Of Columbia,1980,68.77747252747253
243,District Of Columbia,1981,53.892561983471076
244,District Of Columbia,1982,49.152416356877325
245,District Of Columbia,1983,42.16860465116279
246,District Of Columbia,1984,45.75356125356125
247,District Of Columbia,1985,51.5734375
248,District Of Columbia,1986,52.28228228228228
249,District Of Columbia,1987,43.43777452415813
250,District Of Columbia,1988,40.22266401590457
251,District Of Columbia,1989,37.476274165202106
252,District Of Columbia,1990,48.78173374613003
253,District Of Columbia,1991,45.4180790960452
254,District Of Columbia,1992,43.83125864453665
255,District Of Columbia,1993,44.70042643923241
256,District Of Columbia,1994,45.52854511970534
257,District Of Columbia,1995,39.73863636363637
258,District Of Columbia,1996,39.4192789968652
259,District Of Columbia,1997,38.2953081876725
260,District Of Columbia,1998,39.99627560521415
261,District Of Columbia,1999,38.325905292479106
262,District Of Columbia,2000,35.506554307116104
263,District Of Columbia,2001,41.191650853889946
264,District Of Columbia,2002,41.16945996275605
265,District Of Columbia,2003,40.330841121495325
266,District Of Columbia,2004,36.71771217712177
267,District Of Columbia,2005,36.163841807909606
268,District Of Columbia,2006,32.483043079743354
269,District Of Columbia,2007,32.38461538461539
270,District Of Columbia,2008,31.193877551020407
271,District Of Columbia,2009,30.795899347623486
272,District Of Columbia,2010,30.347314814814812
273,District Of Columbia,2011,29.40281690140845
274,District Of Columbia,2012,28.583471074380164
275,District Of Columbia,2013,24.519133192389006
276,District Of Columbia,2014,23.83274111675127
277,District Of Columbia,2015,25.96593886462882
278,District Of Columbia,2016,24.90219435736677
279,District Of Columbia,2017,23.280167014613777
280,District Of Columbia,2018,21.080856945404285
281,District Of Columbia,2019,23.027738764044944
282,Florida,1980,39.13469827586207
283,Florida,1981,34.10294117647059
284,Florida,1982,30.31956956956957
285,Florida,1983,29.177741540970242
286,Florida,1984,31.372353673723538
287,Florida,1985,27.816058394160585
288,Florida,1986,29.965353260869566
289,Florida,1987,34.778298204527715
290,Florida,1988,31.087052341597797
291,Florida,1989,29.083025830258304
292,Florida,1990,26.994835121176003
293,Florida,1991,24.40591133004926
294,Florida,1992,25.15049833887043
295,Florida,1993,26.052507573207674
296,Florida,1994,23.139391979301422
297,Florida,1995,25.09970578620464
298,Florida,1996,23.49864089398973
299,Florida,1997,23.716739446870452
300,Florida,1998,23.02284188668051
301,Florida,1999,24.10367663850194
302,Florida,2000,23.841330060254407
303,Florida,2001,21.76208570825417
304,Florida,2002,21.01962853524694
305,Florida,2003,20.317742973610812
306,Florida,2004,19.350492880613363
307,Florida,2005,18.754901960784313
308,Florida,2006,18.922562553925797
309,Florida,2007,16.859676007005255
310,Florida,2008,14.950345849802371
311,Florida,2009,14.639979338842975
312,Florida,2010,16.470515970515972
313,Florida,2011,14.371985157699443
314,Florida,2012,14.55948795180723
315,Florida,2013,12.937457969065232
316,Florida,2014,15.40125750214347
317,Florida,2015,13.672925170068027
318,Florida,2016,14.883619842829077
319,Florida,2017,16.19516820952811
320,Florida,2018,15.38536072846136
321,Florida,2019,16.12257806244996
322,Georgia,1980,54.824705882352944
323,Georgia,1981,36.84148148148149
324,Georgia,1982,34.01415525114155
325,Georgia,1983,40.24594594594595
326,Georgia,1984,42.41669505962521
327,Georgia,1985,42.34750499001996
328,Georgia,1986,44.336018237082065
329,Georgia,1987,42.69939577039275
330,Georgia,1988,45.70238095238095
331,Georgia,1989,41.88364779874214
332,Georgia,1990,40.09104258443465
333,Georgia,1991,37.6015037593985
334,Georgia,1992,38.33931240657698
335,Georgia,1993,35.74766355140187
336,Georgia,1994,29.019450800915333
337,Georgia,1995,27.27680608365019
338,Georgia,1996,28.70029498525074
339,Georgia,1997,27.74160206718346
340,Georgia,1998,26.598684210526315
341,Georgia,1999,31.036167512690355
342,Georgia,2000,28.82979976442874
343,Georgia,2001,27.714444444444446
344,Georgia,2002,24.903716216216218
345,Georgia,2003,22.830085261875762
346,Georgia,2004,23.793490460157127
347,Georgia,2005,22.778835386338187
348,Georgia,2006,23.288760806916425
349,Georgia,2007,20.470122390208783
350,Georgia,2008,18.895803183791607
351,Georgia,2009,14.142733564013842
352,Georgia,2010,14.996306555863342
353,Georgia,2011,15.020240295748613
354,Georgia,2012,13.571387832699621
355,Georgia,2013,11.638760407030528
356,Georgia,2014,15.40102848101266
357,Georgia,2015,18.898410896708285
358,Georgia,2016,30.298971962616825
359,Georgia,2017,26.33238095238095
360,Georgia,2018,23.75889101338432
361,Georgia,2019,25.533866133866134
362,Hawaii,1981,13.547619047619047
363,Hawaii,1982,0.4090909090909091
364,Hawaii,1992,16.476190476190474
365,Hawaii,1993,13.410389610389611
366,Hawaii,1994,10.572463768115941
367,Hawaii,1995,11.474012474012474
368,Hawaii,1996,5.153310104529616
369,Hawaii,1997,10.252019386106623
370,Hawaii,1998,9.545454545454545
371,Hawaii,1999,9.786729857819905
372,Hawaii,2000,10.318252730109204
373,Hawaii,2001,10.187679083094556
374,Hawaii,2002,11.378787878787879
375,Hawaii,2003,10.997084548104956
376,Hawaii,2004,9.348462664714495
377,Hawaii,2005,10.043041606886657
378,Hawaii,2006,10.499252615844544
379,Hawaii,2007,9.965957446808511
380,Hawaii,2008,9.205014749262537
381,Hawaii,2009,10.715743440233236
382,Hawaii,2010,7.500711237553343
383,Hawaii,2011,8.881818181818181
384,Hawaii,2012,8.79816513761468
385,Hawaii,2013,8.34
386,Hawaii,2014,8.637235772357723
387,Hawaii,2015,8.575120385232745
388,Hawaii,2016,9.620162932790224
389,Hawaii,2017,9.717851239669422
390,Hawaii,2018,10.698237885462555
391,Hawaii,2019,10.354879773691655
392,Idaho,1994,33.904761904761905
393,Idaho,1995,30.683385579937305
394,Idaho,1996,34.044834307992204
395,Idaho,1997,34.7077205882353
396,Idaho,1998,36.36456211812627
397,Idaho,1999,36.92087912087912
398,Idaho,2000,30.98076923076923
399,Idaho,2001,27.70967741935484
400,Idaho,2002,23.26392961876833
401,Idaho,2003,18.76891334250344
402,Idaho,2004,20.648877805486286
403,Idaho,2005,17.35786802030457
404,Idaho,2006,15.932584269662922
405,Idaho,2007,10.97003745318352
406,Idaho,2008,9.89864864864865
407,Idaho,2009,19.929752066115704
408,Idaho,2010,20.16190476190476
409,Idaho,2011,18.807407407407407
410,Idaho,2012,26.728306878306878
411,Idaho,2013,25.04954128440367
412,Idaho,2014,26.21719576719577
413,Idaho,2015,26.20334346504559
414,Idaho,2016,24.169014084507044
415,Idaho,2017,30.332291666666666
416,Idaho,2019,22.57588932806324
417,Illinois,1980,57.6712619300106
418,Illinois,1981,50.39043824701195
419,Illinois,1982,47.51176163094616
420,Illinois,1983,44.82562277580071
421,Illinois,1984,45.46114146933819
422,Illinois,1985,45.83695652173913
423,Illinois,1986,44.53803510933169
424,Illinois,1987,43.80536013400335
425,Illinois,1988,44.53044140030441
426,Illinois,1989,44.829858215179314
427,Illinois,1990,36.60594608213656
428,Illinois,1991,34.38693759071118
429,Illinois,1992,40.14248608534323
430,Illinois,1993,40.949107732980835
431,Illinois,1994,44.81041009463723
432,Illinois,1995,41.14387271496276
433,Illinois,1996,38.82984380192755
434,Illinois,1997,37.608041843739784
435,Illinois,1998,37.40959725792631
436,Illinois,1999,38.1274031563845
437,Illinois,2000,35.88584853510227
438,Illinois,2001,38.157793457344454
439,Illinois,2002,37.36345646437995
440,Illinois,2003,38.11530970003896
441,Illinois,2004,35.99132149901381
442,Illinois,2005,36.60999621355547
443,Illinois,2006,35.40331278890601
444,Illinois,2007,36.29092319627618
445,Illinois,2008,37.06019095060191
446,Illinois,2009,32.76686626746507
447,Illinois,2010,30.007356948228882
448,Illinois,2011,28.522880324543607
449,Illinois,2012,28.769460543914402
450,Illinois,2013,27.364187785625262
451,Illinois,2014,27.092332789559542
452,Illinois,2015,26.249292560474668
453,Illinois,2016,27.295698924731184
454,Illinois,2017,26.25187046342825
455,Illinois,2018,23.90724458204334
456,Illinois,2019,23.574323704722605
457,Illinois,2020,22.487850467289718
458,Indiana,1980,27.04146862483311
459,Indiana,1981,25.708688991026484
460,Indiana,1982,23.745715509854328
461,Indiana,1983,24.19869706840391
462,Indiana,1984,25.612862547288778
463,Indiana,1985,23.410693568726355
464,Indiana,1986,23.991304347826087
465,Indiana,1987,28.371529135705906
466,Indiana,1988,29.559222423146473
467,Indiana,1989,29.643863179074447
468,Indiana,1990,25.371441482150928
469,Indiana,1991,25.19403474270731
470,Indiana,1992,23.944525018129077
471,Indiana,1993,24.95270018621974
472,Indiana,1994,27.967645594823296
473,Indiana,1995,29.572624322993597
474,Indiana,1996,28.393222162452933
475,Indiana,1997,28.28620452985587
476,Indiana,1998,36.72140484100617
477,Indiana,1999,35.058243727598565
478,Indiana,2000,32.499139414802066
479,Indiana,2001,26.085757271815446
480,Indiana,2002,26.963647199046484
481,Indiana,2003,28.01027397260274
482,Indiana,2004,23.181541967337637
483,Indiana,2005,24.714825703485932
484,Indiana,2006,20.40516181892667
485,Indiana,2007,20.446865037194474
486,Indiana,2008,20.31742857142857
487,Indiana,2009,21.397335203366058
488,Indiana,2010,24.072021116138764
489,Indiana,2011,21.186808188021228
490,Indiana,2012,21.102505526897566
491,Indiana,2013,18.482938856015778
492,Indiana,2014,19.286018590240126
493,Indiana,2015,17.603273040482343
494,Indiana,2016,16.840427387701702
495,Indiana,2017,19.534695085849613
496,Indiana,2018,19.835570469798657
497,Indiana,2019,19.135526315789473
498,Indiana,2020,18.862837837837837
499,Iowa,1980,17.748837209302327
500,Iowa,1981,15.180444444444444
501,Iowa,2000,10.520454545454545
502,Iowa,2001,17.078397212543553
503,Iowa,2002,15.68348623853211
504,Iowa,2003,16.379609544468547
505,Iowa,2004,13.882289416846652
506,Iowa,2005,15.864620355411956
507,Iowa,2006,20.253647416413372
508,Iowa,2007,18.57251461988304
509,Iowa,2008,18.618627450980394
510,Iowa,2009,17.433101529902643
511,Iowa,2010,18.17406296851574
512,Iowa,2011,17.0323782234957
513,Iowa,2012,13.083596837944665
514,Iowa,2013,13.54434845212383
515,Iowa,2014,12.9319071791153
516,Iowa,2015,12.397906489881368
517,Iowa,2016,11.908045977011493
518,Iowa,2017,10.933928571428572
519,Iowa,2018,10.648067860508954
520,Iowa,2019,8.561560283687943
521,Iowa,2020,9.743859649122806
522,Kansas,1981,28.82435233160622
523,Kansas,1982,34.31240875912409
524,Kansas,1983,28.68888888888889
525,Kansas,1986,49.48785046728972
526,Kansas,1987,28.54517133956386
527,Kansas,1989,50.90909090909091
528,Kansas,1992,24.596153846153847
529,Kansas,1995,61.35636363636364
530,Kansas,1996,52.239554317548745
531,Kansas,1997,40.56545961002786
532,Kansas,1998,28.642436149312378
533,Kansas,1999,23.641456582633054
534,Kansas,2000,19.23220536756126
535,Kansas,2001,18.59664694280079
536,Kansas,2002,18.15895061728395
537,Kansas,2003,19.1595818815331
538,Kansas,2004,17.87837837837838
539,Kansas,2005,18.870157819225252
540,Kansas,2006,18.73210332103321
541,Kansas,2007,16.30557467309016
542,Kansas,2008,15.515811665495432
543,Kansas,2009,14.398009950248756
544,Kansas,2010,14.476524822695037
545,Kansas,2011,17.097903109182937
546,Kansas,2012,16.615275707898657
547,Kansas,2013,14.602437106918238
548,Kansas,2014,13.852168199737187
549,Kansas,2015,12.32609937178755
550,Kansas,2016,11.296405421331762
551,Kansas,2017,10.824325943678849
552,Kansas,2018,10.806582125603866
553,Kansas,2019,9.83258785942492
554,Kentucky,1980,27.686507936507937
555,Kentucky,1981,30.579114762788233
556,Kentucky,1982,31.085275892593685
557,Kentucky,1983,29.829228243021348
558,Kentucky,1984,32.857142857142854
559,Kentucky,1985,31.001284796573877
560,Kentucky,1986,32.61554998208528
561,Kentucky,1987,35.07730061349693
562,Kentucky,1988,35.007509881422926
563,Kentucky,1989,34.92739420935412
564,Kentucky,1990,32.77306193157211
565,Kentucky,1991,30.18774319066148
566,Kentucky,1992,30.03769017980636
567,Kentucky,1993,29.25058244887393
568,Kentucky,1994,33.835663413347405
569,Kentucky,1995,32.04719454640797
570,Kentucky,1996,30.451184587347043
571,Kentucky,1997,29.37337310195228
572,Kentucky,1998,30.04609164420485
573,Kentucky,1999,29.895367847411443
574,Kentucky,2000,28.65360544217687
575,Kentucky,2001,28.100726392251815
576,Kentucky,2002,25.84046997389034
577,Kentucky,2003,24.19945909398242
578,Kentucky,2004,22.024539877300615
579,Kentucky,2005,22.990882567469
580,Kentucky,2006,22.66457100591716
581,Kentucky,2007,20.627265563435778
582,Kentucky,2008,20.49930715935335
583,Kentucky,2009,18.135585377140213
584,Kentucky,2010,17.614015572858733
585,Kentucky,2011,15.239602731222844
586,Kentucky,2012,15.690329793180547
587,Kentucky,2013,14.848924731182796
588,Kentucky,2014,16.196428571428573
589,Kentucky,2015,16.900374376039935
590,Kentucky,2016,16.07550443906376
591,Kentucky,2017,14.968684210526316
592,Kentucky,2018,14.566938442723195
593,Kentucky,2019,15.961557079467527
594,Louisiana,1980,42.59090909090909
595,Louisiana,1981,33.18646934460888
596,Louisiana,1982,39.69133192389006
597,Louisiana,1983,39.04463586530932
598,Louisiana,1984,42.16950354609929
599,Louisiana,1985,37.81343978709248
600,Louisiana,1986,39.31493276716207
601,Louisiana,1987,40.61025280898876
602,Louisiana,1988,37.25035561877667
603,Louisiana,1989,33.72938689217759
604,Louisiana,1990,34.34204413472706
605,Louisiana,1991,33.24459234608985
606,Louisiana,1992,23.55823293172691
607,Louisiana,1993,21.755718206770357
608,Louisiana,1994,21.152710186272863
609,Louisiana,1995,21.390719093163302
610,Louisiana,1996,21.396133567662567
611,Louisiana,1997,21.379757662152528
612,Louisiana,1998,22.164750957854405
613,Louisiana,1999,23.4690957649752
614,Louisiana,2000,22.78801410105758
615,Louisiana,2001,22.154411764705884
616,Louisiana,2002,19.86760496183206
617,Louisiana,2003,20.825861255309107
618,Louisiana,2004,19.59895213145987
619,Louisiana,2005,20.73028282363762
620,Louisiana,2006,19.898122065727698
621,Louisiana,2007,18.672603702835715
622,Louisiana,2008,17.982151471297637
623,Louisiana,2009,16.576751816264355
624,Louisiana,2010,16.53553481694185
625,Louisiana,2011,16.85973211741237
626,Louisiana,2012,16.34724206916262
627,Louisiana,2013,14.759479137496498
628,Louisiana,2014,16.004453870625664
629,Louisiana,2015,14.599088337000943
630,Louisiana,2016,15.555041746949263
631,Louisiana,2017,14.157390482193508
632,Louisiana,2018,14.024307104173305
633,Louisiana,2019,13.657884490590526
634,Louisiana,2020,14.305836575875485
635,Maine,1980,25.0
636,Maine,1981,9.145299145299145
637,Maine,1982,8.349726775956285
638,Maine,1990,26.941828254847646
639,Maine,1991,24.73051224944321
640,Maine,1992,23.371134020618555
641,Maine,1993,19.77542857142857
642,Maine,1994,6.0758793969849245
643,Maine,1995,14.23050847457627
644,Maine,1996,17.62917505030181
645,Maine,1997,18.566803278688525
646,Maine,1998,17.275371549893844
647,Maine,1999,15.325581395348838
648,Maine,2000,16.453831041257367
649,Maine,2001,25.10037878787879
650,Maine,2002,27.729166666666668
651,Maine,2003,25.3540197461213
652,Maine,2004,19.338412291933416
653,Maine,2005,19.70226628895184
654,Maine,2006,13.007420091324201
655,Maine,2007,5.627272727272727
656,Maine,2008,15.103709198813055
657,Maine,2009,14.59
658,Maine,2010,13.834303215926491
659,Maine,2011,13.224852071005918
660,Maine,2012,12.446609257265877
661,Maine,2013,11.93142857142857
662,Maine,2014,10.946387434554973
663,Maine,2015,14.896561604584527
664,Maine,2016,9.955193482688392
665,Maine,2017,11.05866916588566
666,Maine,2018,10.905582761998042
667,Maine,2019,10.149589322381932
668,Maine,2020,20.686021505376342
669,Maryland,1980,45.78358925143954
670,Maryland,1981,40.59928656361475
671,Maryland,1982,45.416359163591636
672,Maryland,1983,43.61270022883295
673,Maryland,1984,40.594193112761644
674,Maryland,1985,47.86654478976234
675,Maryland,1986,48.1699604743083
676,Maryland,1987,47.61538461538461
677,Maryland,1988,44.57033492822966
678,Maryland,1989,42.964525407478426
679,Maryland,1990,46.04209183673469
680,Maryland,1991,47.628571428571426
681,Maryland,1992,44.71898355754858
682,Maryland,1993,45.15129682997118
683,Maryland,1994,44.225806451612904
684,Maryland,1995,35.51435132032147
685,Maryland,1996,38.673443456162644
686,Maryland,1997,36.90268456375839
687,Maryland,1998,37.44631578947369
688,Maryland,1999,36.690302398331596
689,Maryland,2000,32.71863117870723
690,Maryland,2001,32.50676378772113
691,Maryland,2002,34.1923937360179
692,Maryland,2003,36.797587131367294
693,Maryland,2004,33.23613086770982
694,Maryland,2005,30.342989571263036
695,Maryland,2006,28.63529411764706
696,Maryland,2007,28.176033934252384
697,Maryland,2008,29.48051948051948
698,Maryland,2009,29.41399416909621
699,Maryland,2010,30.16329866270431
700,Maryland,2011,29.303437967115098
701,Maryland,2012,24.714942528735634
702,Maryland,2013,22.318207024029576
703,Maryland,2014,20.718672199170125
704,Maryland,2015,21.113957597173144
705,Maryland,2016,22.117867575462512
706,Maryland,2017,20.393729372937294
707,Maryland,2018,18.40185094982952
708,Maryland,2019,19.29208167330677
709,Massachusetts,1980,56.40483870967742
710,Massachusetts,1981,52.63047285464098
711,Massachusetts,1982,43.86094069529652
712,Massachusetts,1983,39.819174181300426
713,Massachusetts,1984,45.18401071907101
714,Massachusetts,1985,42.35745296671491
715,Massachusetts,1986,41.915913200723324
716,Massachusetts,1987,45.12494811124948
717,Massachusetts,1988,43.41148701809599
718,Massachusetts,1989,41.79731182795699
719,Massachusetts,1990,38.71586424625099
720,Massachusetts,1991,39.55800792303339
721,Massachusetts,1992,37.52558009505172
722,Massachusetts,1993,39.209444580376804
723,Massachusetts,1994,38.686501504978004
724,Massachusetts,1995,33.42633814783348
725,Massachusetts,1996,32.24687729610581
726,Massachusetts,1997,29.416764498708616
727,Massachusetts,1998,27.821235347159604
728,Massachusetts,1999,28.76617954070981
729,Massachusetts,2000,26.07852729145211
730,Massachusetts,2001,26.76354273944387
731,Massachusetts,2002,27.00071942446043
732,Massachusetts,2003,24.792800967937083
733,Massachusetts,2004,21.68092105263158
734,Massachusetts,2005,23.017464937814236
735,Massachusetts,2006,21.062350119904078
736,Massachusetts,2007,21.73641549084359
737,Massachusetts,2008,22.25743369943745
738,Massachusetts,2009,20.678671133445004
739,Massachusetts,2010,19.623548740416208
740,Massachusetts,2011,21.423276539973788
741,Massachusetts,2012,18.19884199691199
742,Massachusetts,2013,18.990972401341242
743,Massachusetts,2014,19.3260101010101
744,Massachusetts,2015,19.12351611079706
745,Massachusetts,2016,17.275950814984274
746,Massachusetts,2017,16.471424509525164
747,Massachusetts,2018,17.072100313479623
748,Massachusetts,2019,17.07688781014024
749,Massachusetts,2020,22.935197368421054
750,Michigan,1980,33.09402782490669
751,Michigan,1981,40.60035698348951
752,Michigan,1982,28.82239185750636
753,Michigan,1983,43.46577380952381
754,Michigan,1984,33.6944385026738
755,Michigan,1985,19.261583824768323
756,Michigan,1986,17.492784667418263
757,Michigan,1987,20.827300930713548
758,Michigan,1988,24.852260638297874
759,Michigan,1989,25.718339416058395
760,Michigan,1990,22.576656775469832
761,Michigan,1991,20.970961611554543
762,Michigan,1992,22.274878218510786
763,Michigan,1993,24.682507169192952
764,Michigan,1994,30.812176909821943
765,Michigan,1995,27.606646525679757
766,Michigan,1996,27.64849833147942
767,Michigan,1997,30.781491002570693
768,Michigan,1998,37.07215007215007
769,Michigan,1999,37.21923937360179
770,Michigan,2000,27.001036269430053
771,Michigan,2001,35.39691289966924
772,Michigan,2002,35.03283582089552
773,Michigan,2003,35.060287081339716
774,Michigan,2004,29.40599173553719
775,Michigan,2005,32.24819773429454
776,Michigan,2006,28.020220588235293
777,Michigan,2007,28.818897637795274
778,Michigan,2008,26.75211267605634
779,Michigan,2009,26.62912087912088
780,Michigan,2010,18.42168674698795
781,Michigan,2011,16.874839743589742
782,Michigan,2012,19.79267572356763
783,Michigan,2013,18.91642978965321
784,Michigan,2014,19.221334854535083
785,Michigan,2015,20.28045351473923
786,Michigan,2016,20.009898843930635
787,Michigan,2017,19.198030791263875
788,Michigan,2018,19.58362266622994
789,Michigan,2019,19.697771865646825
790,Minnesota,1980,46.795698924731184
791,Minnesota,1981,43.284132841328415
792,Minnesota,1982,35.14779874213836
793,Minnesota,1983,34.967845659163984
794,Minnesota,1984,34.90599675850891
795,Minnesota,1985,35.624260355029584
796,Minnesota,1986,35.96327212020034
797,Minnesota,1987,32.61002444987775
798,Minnesota,1988,32.948424068767906
799,Minnesota,1989,25.152806652806653
800,Minnesota,1990,23.34591584158416
801,Minnesota,1991,30.688540646425075
802,Minnesota,1992,21.482666666666667
803,Minnesota,1993,36.98697539797395
804,Minnesota,1994,33.39864209505335
805,Minnesota,1995,32.83667273831208
806,Minnesota,1996,30.505338078291814
807,Minnesota,1997,28.46658014276444
808,Minnesota,1998,32.01358695652174
809,Minnesota,1999,28.718572587185726
810,Minnesota,2000,28.338224504768892
811,Minnesota,2001,27.661462029808376
812,Minnesota,2002,23.603798297314995
813,Minnesota,2003,18.52256699576869
814,Minnesota,2004,15.538613861386139
815,Minnesota,2005,20.243877551020407
816,Minnesota,2006,19.926570048309177
817,Minnesota,2007,19.34237288135593
818,Minnesota,2008,17.81578947368421
819,Minnesota,2009,16.122429906542056
820,Minnesota,2010,14.625840179238237
821,Minnesota,2011,16.538825757575758
822,Minnesota,2012,13.161290322580646
823,Minnesota,2013,16.405837387074357
824,Minnesota,2014,18.520689655172415
825,Minnesota,2015,16.88266516092603
826,Minnesota,2016,16.542037141249295
827,Minnesota,2017,16.385197368421053
828,Minnesota,2018,17.539634864546525
829,Minnesota,2019,16.42449324324324
830,Mississippi,1980,36.91728395061729
831,Mississippi,1981,38.75308641975309
832,Mississippi,1982,30.019607843137255
833,Mississippi,1996,9.093333333333334
834,Mississippi,1997,15.24773413897281
835,Mississippi,1998,16.399159663865547
836,Mississippi,1999,20.859536082474225
837,Mississippi,2000,17.790436005625878
838,Mississippi,2001,15.946938775510205
839,Mississippi,2002,13.320469798657719
840,Mississippi,2003,9.635097493036211
841,Mississippi,2004,10.572535991140642
842,Mississippi,2005,16.770601336302896
843,Mississippi,2006,19.616666666666667
844,Mississippi,2007,15.455223880597014
845,Mississippi,2008,16.24922118380062
846,Mississippi,2009,11.60576923076923
847,Mississippi,2010,14.141274238227147
848,Mississippi,2011,12.955096418732781
849,Mississippi,2012,11.956953642384105
850,Mississippi,2013,11.795762711864406
851,Mississippi,2014,12.003899721448468
852,Mississippi,2015,13.439219712525666
853,Mississippi,2016,13.893515358361775
854,Mississippi,2017,13.61552511415525
855,Mississippi,2018,13.120149253731343
856,Mississippi,2019,13.32801204819277
857,Mississippi,2020,14.208695652173914
858,Missouri,1980,47.14492753623188
859,Missouri,1981,34.88559724018974
860,Missouri,1982,31.176944894651538
861,Missouri,1983,31.85412026726058
862,Missouri,1984,33.2220112726194
863,Missouri,1985,31.96056168987038
864,Missouri,1986,32.56314960629921
865,Missouri,1987,31.078706774040736
866,Missouri,1988,33.44704480457578
867,Missouri,1989,33.294525460196034
868,Missouri,1990,30.08953007061115
869,Missouri,1991,29.90814673654121
870,Missouri,1992,31.58265647396082
871,Missouri,1993,29.92711067095816
872,Missouri,1994,32.550117481203
873,Missouri,1995,30.255245737211634
874,Missouri,1996,28.945127904706112
875,Missouri,1997,28.463756345177664
876,Missouri,1998,28.35060012634239
877,Missouri,1999,30.425478242589868
878,Missouri,2000,26.387217305801375
879,Missouri,2001,25.577058823529413
880,Missouri,2002,25.568767908309457
881,Missouri,2003,25.453786772376382
882,Missouri,2004,23.996672212978368
883,Missouri,2005,23.95524861878453
884,Missouri,2006,23.949410304158906
885,Missouri,2007,21.863200247601362
886,Missouri,2008,19.851280468991053
887,Missouri,2009,17.882515337423314
888,Missouri,2010,18.53264268960125
889,Missouri,2011,27.533757062146893
890,Missouri,2012,28.171104815864023
891,Missouri,2013,25.681485919712404
892,Missouri,2014,24.271335927367055
893,Missouri,2015,21.84713689799014
894,Missouri,2016,20.70383399209486
895,Missouri,2017,20.401897456600725
896,Missouri,2018,20.04073180538802
897,Missouri,2019,18.54500696702276
898,Montana,1980,22.082167832167833
899,Montana,1981,9.448997772828507
900,Montana,1982,9.893203883495145
901,Montana,1983,1.9681557846506301
902,Montana,1984,2.476011846001974
903,Montana,1985,8.491614777916148
904,Montana,1986,8.276413908671973
905,Montana,1987,7.9812526629740095
906,Montana,1988,10.560805577072037
907,Montana,1989,10.421270199173243
908,Montana,1990,9.560108059432688
909,Montana,1991,10.338805970149254
910,Montana,1992,9.002588438308887
911,Montana,1993,7.267094017094017
912,Montana,1994,7.600997506234414
913,Montana,1995,8.73053066850448
914,Montana,1996,6.743013698630137
915,Montana,1997,7.207952713594842
916,Montana,1998,5.616370106761566
917,Montana,1999,5.534423994546694
918,Montana,2000,8.328358208955224
919,Montana,2001,10.076139670223084
920,Montana,2002,8.195934500282327
921,Montana,2003,6.277195281782438
922,Montana,2004,3.5744985673352434
923,Montana,2005,11.100961538461538
924,Montana,2006,10.767955801104973
925,Montana,2007,11.025270758122744
926,Montana,2008,4.043918918918919
927,Montana,2009,4.405909797822706
928,Montana,2010,5.168415240198785
929,Montana,2011,4.904811174340404
930,Montana,2012,4.144972720187061
931,Montana,2013,3.9207077326343382
932,Montana,2014,3.924617996604414
933,Montana,2015,3.2189709485474274
934,Montana,2016,3.371652421652422
935,Montana,2017,3.1254830477579296
936,Montana,2018,3.4113089005235606
937,Montana,2019,3.214946619217082
938,Montana,2020,3.639010989010989
939,Nebraska,1980,8.83859649122807
940,Nebraska,1981,9.106140350877192
941,Nevada,1980,82.24132231404958
942,Nevada,1981,74.715649867374
943,Nevada,1982,45.16230769230769
944,Nevada,1983,43.33180873180873
945,Nevada,1984,65.4161938534279
946,Nevada,1985,53.2779746835443
947,Nevada,1986,50.525454545454544
948,Nevada,1987,57.52681818181818
949,Nevada,1988,72.73131067961165
950,Nevada,1989,61.12320916905444
951,Nevada,1990,53.09936788874842
952,Nevada,1991,45.861029411764704
953,Nevada,1992,42.9922149122807
954,Nevada,1993,46.36810865191147
955,Nevada,1994,39.59373401534527
956,Nevada,1995,41.23121387283237
957,Nevada,1996,40.56132756132756
958,Nevada,1997,33.29102167182663
959,Nevada,1998,27.722182849043232
960,Nevada,1999,30.991202346041057
961,Nevada,2000,26.795296167247386
962,Nevada,2001,26.390593047034766
963,Nevada,2002,28.238260321462338
964,Nevada,2003,27.61588214157384
965,Nevada,2004,27.420724094881397
966,Nevada,2005,26.253438932888702
967,Nevada,2006,26.450894805761678
968,Nevada,2007,28.91055456171735
969,Nevada,2008,32.34427767354597
970,Nevada,2009,29.260465116279068
971,Nevada,2010,26.99666666666667
972,Nevada,2011,26.972631578947368
973,Nevada,2012,27.754711802378775
974,Nevada,2013,28.417157275021026
975,Nevada,2014,27.732263660017345
976,Nevada,2015,29.12995978552279
977,Nevada,2016,31.719381875327397
978,Nevada,2017,33.49954032595069
979,Nevada,2018,32.676533457249064
980,Nevada,2019,31.010980760206472
981,Nevada,2020,39.412
982,New Hampshire,1986,29.305555555555557
983,New Hampshire,1987,37.40701754385965
984,New Hampshire,1988,45.74269005847953
985,New Hampshire,1989,42.52439024390244
986,New Hampshire,1990,40.047008547008545
987,New Hampshire,1991,29.372340425531913
988,New Hampshire,1992,26.12116991643454
989,New Hampshire,1993,27.94825174825175
990,New Hampshire,1994,25.919540229885058
991,New Hampshire,1995,24.776011560693643
992,New Hampshire,1996,29.265162200282088
993,New Hampshire,1997,27.599431818181817
994,New Hampshire,1998,22.981327800829874
995,New Hampshire,1999,20.967032967032967
996,New Hampshire,2000,19.335449735449735
997,New Hampshire,2001,22.308771929824562
998,New Hampshire,2002,21.685581395348837
999,New Hampshire,2003,22.25605095541401
1000,New Hampshire,2004,17.046979865771814
1001,New Hampshire,2005,17.127128263337116
1002,New Hampshire,2006,14.810309278350516
1003,New Hampshire,2007,13.61405172413793
1004,New Hampshire,2008,14.8048417132216
1005,New Hampshire,2009,14.30801393728223
1006,New Hampshire,2010,10.500455235204855
1007,New Hampshire,2011,4.615384615384615
1008,New Hampshire,2012,3.574509803921569
1009,New Hampshire,2013,3.261702127659574
1010,New Hampshire,2014,5.647738693467337
1011,New Hampshire,2015,7.297506925207757
1012,New Hampshire,2016,6.735294117647059
1013,New Hampshire,2017,6.262898550724637
1014,New Hampshire,2018,5.834897360703812
1015,New Hampshire,2019,5.938567493112947
1016,New Jersey,1980,49.08821376281113
1017,New Jersey,1981,46.33042263360112
1018,New Jersey,1982,53.90196078431372
1019,New Jersey,1983,54.58665458937198
1020,New Jersey,1984,51.382013835511145
1021,New Jersey,1985,51.82520169035728
1022,New Jersey,1986,47.67113095238095
1023,New Jersey,1987,52.679866765358994
1024,New Jersey,1988,52.498361849290134
1025,New Jersey,1989,47.87997081357169
1026,New Jersey,1990,47.01852524518707
1027,New Jersey,1991,45.669282911166604
1028,New Jersey,1992,46.3779359430605
1029,New Jersey,1993,44.82582476055339
1030,New Jersey,1994,46.21783526208305
1031,New Jersey,1995,41.97430830039526
1032,New Jersey,1996,42.686753837407615
1033,New Jersey,1997,41.53414565032587
1034,New Jersey,1998,41.71238348868176
1035,New Jersey,1999,41.22115725949592
1036,New Jersey,2000,38.48285376428853
1037,New Jersey,2001,38.73026315789474
1038,New Jersey,2002,37.921316614420064
1039,New Jersey,2003,36.423764458464774
1040,New Jersey,2004,34.243281471004245
1041,New Jersey,2005,35.80586987270156
1042,New Jersey,2006,32.73723670117815
1043,New Jersey,2007,29.986508585445627
1044,New Jersey,2008,29.596959584723766
1045,New Jersey,2009,28.263389288569144
1046,New Jersey,2010,26.553259141494436
1047,New Jersey,2011,30.73172723560637
1048,New Jersey,2012,26.89378531073446
1049,New Jersey,2013,25.96058931860037
1050,New Jersey,2014,27.91288860103627
1051,New Jersey,2015,27.70309538850284
1052,New Jersey,2016,25.615406162464986
1053,New Jersey,2017,24.031085206772133
1054,New Jersey,2018,23.393264681324798
1055,New Jersey,2019,25.11937898530635
1056,New Mexico,1980,43.33434650455927
1057,New Mexico,1981,46.147222222222226
1058,New Mexico,1982,43.07977207977208
1059,New Mexico,1983,36.62033898305085
1060,New Mexico,1984,24.34435261707989
1061,New Mexico,1985,20.65912305516266
1062,New Mexico,1986,21.495297805642632
1063,New Mexico,1987,27.029457364341084
1064,New Mexico,1988,27.832420591456735
1065,New Mexico,1989,28.282778864970645
1066,New Mexico,1990,25.935368043087973
1067,New Mexico,1991,11.40016570008285
1068,New Mexico,1992,20.670644391408114
1069,New Mexico,1993,24.971971066907777
1070,New Mexico,1994,24.58654797230465
1071,New Mexico,1995,25.741561181434598
1072,New Mexico,1996,21.417970721857646
1073,New Mexico,1997,21.274935590725065
1074,New Mexico,1998,20.034353529044346
1075,New Mexico,1999,20.306418820795816
1076,New Mexico,2000,20.69630256844482
1077,New Mexico,2001,19.786940527283875
1078,New Mexico,2002,20.603143418467585
1079,New Mexico,2003,21.905742145178763
1080,New Mexico,2004,20.885836603638957
1081,New Mexico,2005,21.43250688705234
1082,New Mexico,2006,22.51847290640394
1083,New Mexico,2007,20.88029809035864
1084,New Mexico,2008,19.586491739552965
1085,New Mexico,2009,18.322540081735305
1086,New Mexico,2010,18.636666666666667
1087,New Mexico,2011,18.99655276685818
1088,New Mexico,2012,18.165212298682285
1089,New Mexico,2013,16.70920060331825
1090,New Mexico,2014,16.46448230668414
1091,New Mexico,2015,16.039986846432093
1092,New Mexico,2016,15.60688145136065
1093,New Mexico,2017,14.575645975645974
1094,New Mexico,2018,15.097838957963292
1095,New Mexico,2019,14.130065876152832
1096,New Mexico,2020,10.027472527472527
1097,New York,1980,49.111632759520084
1098,New York,1981,46.570598006644516
1099,New York,1982,49.251315789473686
1100,New York,1983,47.57601510859301
1101,New York,1984,43.326651480637814
1102,New York,1985,42.13641245972073
1103,New York,1986,48.05376910911966
1104,New York,1987,45.245437079731026
1105,New York,1988,41.85666023166023
1106,New York,1989,47.00056274620146
1107,New York,1990,48.26160520607375
1108,New York,1991,46.70506692160612
1109,New York,1992,39.14435695538058
1110,New York,1993,42.09368308351178
1111,New York,1994,47.97161037689672
1112,New York,1995,43.67162554426705
1113,New York,1996,44.034919416730624
1114,New York,1997,42.06842692450725
1115,New York,1998,41.47771103382864
1116,New York,1999,44.171202809482004
1117,New York,2000,42.18228424950156
1118,New York,2001,41.454081632653065
1119,New York,2002,40.286683904330964
1120,New York,2003,39.07363253856943
1121,New York,2004,36.90408092082316
1122,New York,2005,38.1554337310545
1123,New York,2006,35.263083948015456
1124,New York,2007,33.26275679257787
1125,New York,2008,32.04546114742193
1126,New York,2009,26.306004859423812
1127,New York,2010,22.990274841437632
1128,New York,2011,21.006666666666668
1129,New York,2012,24.250455062571106
1130,New York,2013,27.086834047764853
1131,New York,2014,24.54358585858586
1132,New York,2015,25.516209677419354
1133,New York,2016,23.631426202321723
1134,New York,2017,22.948712288447386
1135,New York,2018,25.038972431077696
1136,New York,2019,23.083891850723536
1137,New York,2020,24.253898305084743
1138,North Carolina,1982,33.42356020942408
1139,North Carolina,1984,33.61642036124795
1140,North Carolina,1985,35.032863849765256
1141,North Carolina,1986,36.225114854517614
1142,North Carolina,1987,32.090504451038576
1143,North Carolina,1988,34.48011363636363
1144,North Carolina,1989,29.6152362584378
1145,North Carolina,1990,32.59391304347826
1146,North Carolina,1991,31.68594306049822
1147,North Carolina,1992,31.637914691943127
1148,North Carolina,1993,27.59796044499382
1149,North Carolina,1994,22.317475270843147
1150,North Carolina,1995,32.50374812593703
1151,North Carolina,1996,30.789931972789113
1152,North Carolina,1997,34.52932761087268
1153,North Carolina,1998,34.98446327683616
1154,North Carolina,1999,35.3299856527977
1155,North Carolina,2000,34.99811676082862
1156,North Carolina,2001,33.828445747800586
1157,North Carolina,2002,29.976878612716764
1158,North Carolina,2003,29.947148817802503
1159,North Carolina,2004,28.235376044568245
1160,North Carolina,2005,27.132218844984802
1161,North Carolina,2006,26.978003384094755
1162,North Carolina,2007,28.713276836158194
1163,North Carolina,2008,25.6875
1164,North Carolina,2009,23.527985074626866
1165,North Carolina,2010,23.719101123595507
1166,North Carolina,2011,20.796511627906977
1167,North Carolina,2012,19.86696562032885
1168,North Carolina,2013,17.498533724340177
1169,North Carolina,2014,17.57384105960265
1170,North Carolina,2015,15.400493096646944
1171,North Carolina,2016,15.158042959427206
1172,North Carolina,2017,14.62
1173,North Carolina,2018,14.172972972972973
1174,North Carolina,2019,15.814118273841235
1175,North Carolina,2020,17.902051282051282
1176,North Dakota,1980,5.380764163372859
1177,North Dakota,1981,6.1713586291309666
1178,North Dakota,1982,5.490481976508708
1179,North Dakota,1983,5.3853965183752415
1180,North Dakota,1984,5.0644158151932475
1181,North Dakota,1985,6.890955198647506
1182,North Dakota,1986,7.485945485519591
1183,North Dakota,1987,7.089504770558837
1184,North Dakota,1988,5.8654692082111435
1185,North Dakota,1989,6.46741678387248
1186,North Dakota,1990,7.745314752522826
1187,North Dakota,1991,8.431208053691275
1188,North Dakota,1992,9.045797413793103
1189,North Dakota,1993,9.379679144385026
1190,North Dakota,1994,9.715749039692701
1191,North Dakota,1995,9.576226012793176
1192,North Dakota,1996,10.284854099119963
1193,North Dakota,1997,10.637652811735942
1194,North Dakota,1998,11.463353413654618
1195,North Dakota,1999,8.526928675400292
1196,North Dakota,2000,8.745875745875745
1197,North Dakota,2001,8.835513277843837
1198,North Dakota,2002,7.11364433532094
1199,North Dakota,2003,7.708333333333333
1200,North Dakota,2004,7.168326073428749
1201,North Dakota,2005,6.619945272119185
1202,North Dakota,2006,7.8040816326530615
1203,North Dakota,2007,7.486258588382261
1204,North Dakota,2008,7.945437441204139
1205,North Dakota,2009,7.473019880088356
1206,North Dakota,2010,8.244495563588563
1207,North Dakota,2011,7.230819245773732
1208,North Dakota,2012,7.772699197035207
1209,North Dakota,2013,7.270035865666776
1210,North Dakota,2014,7.392165898617512
1211,North Dakota,2015,6.85943600867679
1212,North Dakota,2016,6.111753118844387
1213,North Dakota,2017,6.4506004543979225
1214,North Dakota,2018,6.455291436014328
1215,North Dakota,2019,6.441316614420063
1216,Ohio,1980,46.43000815438978
1217,Ohio,1981,43.96803915922833
1218,Ohio,1982,45.308460471567265
1219,Ohio,1983,45.961393323657475
1220,Ohio,1984,44.36883991429446
1221,Ohio,1985,42.13531468531468
1222,Ohio,1986,40.86141202838999
1223,Ohio,1987,44.782101167315176
1224,Ohio,1988,41.400375058602904
1225,Ohio,1989,41.60434139121855
1226,Ohio,1990,37.58566433566433
1227,Ohio,1991,38.082939406961756
1228,Ohio,1992,36.745477492637775
1229,Ohio,1993,37.484640258690376
1230,Ohio,1994,38.336010709504684
1231,Ohio,1995,33.86483390607102
1232,Ohio,1996,39.60361216730038
1233,Ohio,1997,38.90496083550914
1234,Ohio,1998,40.07596439169139
1235,Ohio,1999,38.156671664167916
1236,Ohio,2000,36.240497076023395
1237,Ohio,2001,37.202097902097904
1238,Ohio,2002,35.586328400281886
1239,Ohio,2003,34.51149825783972
1240,Ohio,2004,32.18616629874908
1241,Ohio,2005,34.91390261115032
1242,Ohio,2006,31.5187617260788
1243,Ohio,2007,27.67531380753138
1244,Ohio,2008,24.988849431818185
1245,Ohio,2009,21.509805653710245
1246,Ohio,2010,20.731315577078288
1247,Ohio,2011,19.712367149758453
1248,Ohio,2012,25.786632390745503
1249,Ohio,2013,22.738993710691823
1250,Ohio,2014,25.696640826873384
1251,Ohio,2015,24.385764499121265
1252,Ohio,2016,22.262509928514696
1253,Ohio,2017,21.124137931034483
1254,Ohio,2018,20.868113522537563
1255,Ohio,2019,20.2668661971831
1256,Ohio,2020,20.088333333333335
1257,Oklahoma,1980,39.72631578947368
1258,Oklahoma,1981,35.60303030303031
1259,Oklahoma,1982,35.279238505747124
1260,Oklahoma,1983,33.47712248865846
1261,Oklahoma,1984,34.22038533250466
1262,Oklahoma,1985,31.625700431034485
1263,Oklahoma,1986,30.688938053097345
1264,Oklahoma,1987,26.761615044247787
1265,Oklahoma,1988,29.278048780487804
1266,Oklahoma,1989,27.65932696302451
1267,Oklahoma,1990,24.774097874443896
1268,Oklahoma,1991,24.90050505050505
1269,Oklahoma,1992,23.667441860465118
1270,Oklahoma,1993,23.29290809903483
1271,Oklahoma,1994,24.772961373390558
1272,Oklahoma,1995,22.766228070175437
1273,Oklahoma,1996,24.076114381833474
1274,Oklahoma,1997,22.58316831683168
1275,Oklahoma,1998,21.023903177004538
1276,Oklahoma,1999,23.757496740547587
1277,Oklahoma,2000,21.648785425101213
1278,Oklahoma,2001,21.359790402647548
1279,Oklahoma,2002,21.187196896217266
1280,Oklahoma,2003,20.262589928057555
1281,Oklahoma,2004,16.00356138706654
1282,Oklahoma,2005,21.445864661654134
1283,Oklahoma,2006,18.19297541394882
1284,Oklahoma,2007,16.96429780033841
1285,Oklahoma,2008,14.425
1286,Oklahoma,2009,13.750343007915568
1287,Oklahoma,2010,15.826679973386561
1288,Oklahoma,2011,17.608743169398906
1289,Oklahoma,2012,17.005778301886792
1290,Oklahoma,2013,16.522182890855458
1291,Oklahoma,2014,15.373215339233038
1292,Oklahoma,2015,18.227677564825253
1293,Oklahoma,2016,16.73551538837323
1294,Oklahoma,2017,17.22723059096176
1295,Oklahoma,2018,17.480090157776107
1296,Oklahoma,2019,15.368871925360477
1297,Oklahoma,2020,18.814556962025314
1298,Oregon,1980,44.02212065813528
1299,Oregon,1981,36.81888489208633
1300,Oregon,1982,33.82173913043478
1301,Oregon,1983,35.60664739884393
1302,Oregon,1984,36.27824427480916
1303,Oregon,1985,33.18488372093023
1304,Oregon,1986,34.25692307692308
1305,Oregon,1987,34.35290102389079
1306,Oregon,1988,32.80494505494506
1307,Oregon,1989,28.1
1308,Oregon,1990,32.99180327868852
1309,Oregon,1991,28.864406779661017
1310,Oregon,1992,28.69896907216495
1311,Oregon,1993,27.61496598639456
1312,Oregon,1994,25.068027210884352
1313,Oregon,1995,27.060344827586206
1314,Oregon,1996,31.36764705882353
1315,Oregon,1997,23.106382978723403
1316,Oregon,1998,25.38562091503268
1317,Oregon,1999,25.68
1318,Oregon,2000,22.375886524822697
1319,Oregon,2001,21.70769230769231
1320,Oregon,2002,20.97986577181208
1321,Oregon,2003,23.96078431372549
1322,Oregon,2004,18.228346456692915
1323,Oregon,2005,20.781456953642383
1324,Oregon,2006,21.22222222222222
1325,Oregon,2007,20.02071563088512
1326,Oregon,2008,21.226829268292683
1327,Oregon,2009,19.837209302325583
1328,Oregon,2010,18.214876033057852
1329,Oregon,2011,17.789367816091954
1330,Oregon,2012,18.304885057471264
1331,Oregon,2013,17.72820512820513
1332,Oregon,2014,18.527610619469026
1333,Oregon,2015,20.6418410041841
1334,Oregon,2016,19.835528120713306
1335,Oregon,2017,19.526732673267325
1336,Oregon,2018,19.528737300435413
1337,Oregon,2019,16.77684365781711
1338,Pennsylvania,1980,49.090290412876136
1339,Pennsylvania,1981,46.18541830579596
1340,Pennsylvania,1982,44.95915076592314
1341,Pennsylvania,1983,42.853111052769755
1342,Pennsylvania,1984,43.70095755693582
1343,Pennsylvania,1985,41.154399882473925
1344,Pennsylvania,1986,41.23357002568364
1345,Pennsylvania,1987,41.396487410631025
1346,Pennsylvania,1988,40.68759635599159
1347,Pennsylvania,1989,39.25070541760722
1348,Pennsylvania,1990,37.94971990709113
1349,Pennsylvania,1991,37.64750343563903
1350,Pennsylvania,1992,35.1495861023668
1351,Pennsylvania,1993,36.06071386220799
1352,Pennsylvania,1994,38.30531081742536
1353,Pennsylvania,1995,35.42495196926033
1354,Pennsylvania,1996,36.45854317651394
1355,Pennsylvania,1997,34.33973533200609
1356,Pennsylvania,1998,33.84206026928831
1357,Pennsylvania,1999,32.4160130386065
1358,Pennsylvania,2000,30.622030909656676
1359,Pennsylvania,2001,31.093098892163837
1360,Pennsylvania,2002,28.93130073252821
1361,Pennsylvania,2003,27.333065245802754
1362,Pennsylvania,2004,26.572774055733568
1363,Pennsylvania,2005,26.95546399843045
1364,Pennsylvania,2006,24.349275509170127
1365,Pennsylvania,2007,23.98989797959592
1366,Pennsylvania,2008,22.893541977148534
1367,Pennsylvania,2009,21.39160678355849
1368,Pennsylvania,2010,21.71882576310793
1369,Pennsylvania,2011,21.847503649635037
1370,Pennsylvania,2012,18.905285653226958
1371,Pennsylvania,2013,16.47654141307224
1372,Pennsylvania,2014,17.996425602660015
1373,Pennsylvania,2015,18.737593984962405
1374,Pennsylvania,2016,16.463915803541596
1375,Pennsylvania,2017,14.837672988211173
1376,Pennsylvania,2018,13.024086320918899
1377,Pennsylvania,2019,14.418647260273971
1378,Puerto Rico,1997,46.91379310344828
1379,Puerto Rico,1998,23.640569395017792
1380,Puerto Rico,1999,17.95798319327731
1381,Puerto Rico,2000,30.278617710583152
1382,Puerto Rico,2001,16.40032679738562
1383,Puerto Rico,2002,12.514705882352942
1384,Puerto Rico,2003,11.69683257918552
1385,Puerto Rico,2004,12.762532981530343
1386,Puerto Rico,2005,14.985685071574641
1387,Puerto Rico,2006,16.06086956521739
1388,Puerto Rico,2007,15.44
1389,Puerto Rico,2012,35.80344827586207
1390,Puerto Rico,2014,0.0
1391,Puerto Rico,2015,17.84206349206349
1392,Puerto Rico,2016,14.749329758713136
1393,Puerto Rico,2017,24.9328025477707
1394,Puerto Rico,2018,12.289473684210526
1395,Puerto Rico,2019,19.79360146252285
1396,Rhode Island,1980,54.50348101265822
1397,Rhode Island,1981,47.36344086021506
1398,Rhode Island,1982,44.734432234432234
1399,Rhode Island,1983,42.76750700280112
1400,Rhode Island,1984,42.768802228412255
1401,Rhode Island,1985,45.03591160220994
1402,Rhode Island,1986,43.067524115755624
1403,Rhode Island,1987,43.25233644859813
1404,Rhode Island,1988,39.11180124223603
1405,Rhode Island,1989,40.11104477611941
1406,Rhode Island,1990,40.022922636103154
1407,Rhode Island,1991,41.71304347826087
1408,Rhode Island,1992,37.85919540229885
1409,Rhode Island,1993,37.243161094224924
1410,Rhode Island,1994,33.07421150278293
1411,Rhode Island,1995,27.247474747474747
1412,Rhode Island,1996,30.91168032786885
1413,Rhode Island,1997,31.15744
1414,Rhode Island,1998,30.7973474801061
1415,Rhode Island,1999,32.43064516129032
1416,Rhode Island,2000,27.609467455621303
1417,Rhode Island,2001,27.462
1418,Rhode Island,2002,24.842942345924452
1419,Rhode Island,2003,25.395833333333332
1420,Rhode Island,2004,26.170616113744074
1421,Rhode Island,2005,23.3996138996139
1422,Rhode Island,2006,21.036170212765956
1423,Rhode Island,2007,19.55049504950495
1424,Rhode Island,2008,18.796875
1425,Rhode Island,2009,16.996086105675147
1426,Rhode Island,2010,14.117063492063492
1427,Rhode Island,2011,15.353017944535074
1428,Rhode Island,2012,13.906321112515803
1429,Rhode Island,2013,14.520940170940172
1430,Rhode Island,2014,18.536049382716048
1431,Rhode Island,2015,20.50362095531587
1432,Rhode Island,2016,18.447911921032652
1433,Rhode Island,2017,17.94416403785489
1434,Rhode Island,2018,21.38651026392962
1435,Rhode Island,2019,19.926851851851854
1436,South Carolina,1980,41.714732142857144
1437,South Carolina,1981,10.7109375
1438,South Carolina,1982,16.718072289156627
1439,South Carolina,1983,30.471468926553673
1440,South Carolina,1984,20.74982332155477
1441,South Carolina,1985,12.294520547945206
1442,South Carolina,1986,11.089473684210525
1443,South Carolina,1987,7.794654088050314
1444,South Carolina,1988,9.198566308243729
1445,South Carolina,1989,10.534365325077399
1446,South Carolina,1990,18.40449438202247
1447,South Carolina,1991,15.136310025273799
1448,South Carolina,1992,15.731193216232587
1449,South Carolina,1993,19.544399538106237
1450,South Carolina,1994,17.039953271028036
1451,South Carolina,1995,17.506345634563456
1452,South Carolina,1996,16.4875270679948
1453,South Carolina,1997,17.728270554880517
1454,South Carolina,1998,17.21542404473439
1455,South Carolina,1999,17.831
1456,South Carolina,2000,18.23672827369249
1457,South Carolina,2001,17.447884012539184
1458,South Carolina,2002,16.086677367576243
1459,South Carolina,2003,15.16405936622543
1460,South Carolina,2004,15.966552315608919
1461,South Carolina,2005,16.34231921266581
1462,South Carolina,2006,15.44802071772105
1463,South Carolina,2007,14.643508771929824
1464,South Carolina,2008,15.885209713024283
1465,South Carolina,2009,14.326484018264841
1466,South Carolina,2010,16.244127516778523
1467,South Carolina,2011,15.668133802816902
1468,South Carolina,2012,13.307053941908714
1469,South Carolina,2013,13.50198570293884
1470,South Carolina,2014,14.221709006928407
1471,South Carolina,2015,15.419676214196762
1472,South Carolina,2016,12.677949709864604
1473,South Carolina,2017,12.813242784380305
1474,South Carolina,2018,11.559798994974875
1475,South Carolina,2019,12.611161939615737
1476,South Carolina,2020,12.987341772151899
1477,South Dakota,2001,5.950819672131147
1478,South Dakota,2002,4.6743421052631575
1479,South Dakota,2003,17.915730337078653
1480,South Dakota,2004,14.761772853185596
1481,South Dakota,2005,6.696409140369967
1482,South Dakota,2006,5.690520446096654
1483,South Dakota,2007,4.517341040462428
1484,South Dakota,2008,6.269054178145087
1485,South Dakota,2009,5.234177215189874
1486,South Dakota,2010,6.7491289198606275
1487,South Dakota,2011,9.597635135135135
1488,South Dakota,2012,11.584029765311962
1489,South Dakota,2013,9.550391498881432
1490,South Dakota,2014,9.23558495821727
1491,South Dakota,2015,9.082801161103049
1492,South Dakota,2016,8.805330490405117
1493,South Dakota,2017,8.072367491166078
1494,South Dakota,2018,8.32418797512094
1495,South Dakota,2019,7.364860907759883
1496,Tennessee,1980,28.84609819121447
1497,Tennessee,1981,29.591603053435115
1498,Tennessee,1982,30.240800615858355
1499,Tennessee,1983,20.75113981762918
1500,Tennessee,1984,30.779449838187702
1501,Tennessee,1985,31.805923125393825
1502,Tennessee,1986,34.36911196911197
1503,Tennessee,1987,37.31621813031161
1504,Tennessee,1988,34.67474874371859
1505,Tennessee,1989,27.987916026625705
1506,Tennessee,1990,25.759489840034586
1507,Tennessee,1991,24.602643335815337
1508,Tennessee,1992,28.402662993572086
1509,Tennessee,1993,26.648439262880782
1510,Tennessee,1994,28.745261805332476
1511,Tennessee,1995,25.672774027643843
1512,Tennessee,1996,27.528164556962025
1513,Tennessee,1997,27.2641928721174
1514,Tennessee,1998,26.105626598465474
1515,Tennessee,1999,26.19868063639891
1516,Tennessee,2000,27.719749908054432
1517,Tennessee,2001,27.60569105691057
1518,Tennessee,2002,24.65178260869565
1519,Tennessee,2003,20.145797807551766
1520,Tennessee,2004,22.335220468154603
1521,Tennessee,2005,20.44023488473249
1522,Tennessee,2006,20.049739060618226
1523,Tennessee,2007,21.534103114930183
1524,Tennessee,2008,20.66847479259732
1525,Tennessee,2009,14.972904707233065
1526,Tennessee,2010,17.91981424148607
1527,Tennessee,2011,20.26600566572238
1528,Tennessee,2012,19.214624505928853
1529,Tennessee,2013,20.717893217893216
1530,Tennessee,2014,19.591297071129706
1531,Tennessee,2015,19.413865030674845
1532,Tennessee,2016,18.293818415969092
1533,Tennessee,2017,16.94662491301322
1534,Tennessee,2018,16.745931952662723
1535,Tennessee,2019,16.692291220556747
1536,Tennessee,2020,2.0580645161290323
1537,Texas,1980,41.65390924002187
1538,Texas,1981,37.29085729085729
1539,Texas,1982,33.43634385201306
1540,Texas,1983,32.43557623478883
1541,Texas,1984,32.563399588759424
1542,Texas,1985,32.234162895927604
1543,Texas,1986,35.78580990629183
1544,Texas,1987,39.093091491064285
1545,Texas,1988,37.94439764111205
1546,Texas,1989,34.86649214659686
1547,Texas,1990,32.9263057476747
1548,Texas,1991,33.96524838494096
1549,Texas,1992,35.198531099380304
1550,Texas,1993,31.657708628005658
1551,Texas,1994,36.516748896390546
1552,Texas,1995,36.762849629452546
1553,Texas,1996,34.05801850424056
1554,Texas,1997,31.94286166508389
1555,Texas,1998,28.805722314471836
1556,Texas,1999,28.737789203084834
1557,Texas,2000,24.626135831381735
1558,Texas,2001,24.529595556327028
1559,Texas,2002,23.11040716989879
1560,Texas,2003,22.679081884108992
1561,Texas,2004,21.43080266195844
1562,Texas,2005,22.175761633746234
1563,Texas,2006,21.212717440875625
1564,Texas,2007,20.443221098450902
1565,Texas,2008,18.834728115412233
1566,Texas,2009,16.6436277642848
1567,Texas,2010,17.49110535405872
1568,Texas,2011,16.690844889573704
1569,Texas,2012,16.841879648411087
1570,Texas,2013,16.047166337038806
1571,Texas,2014,15.731437774886949
1572,Texas,2015,15.709222269443265
1573,Texas,2016,15.4438855896255
1574,Texas,2017,14.82926059513075
1575,Texas,2018,14.77004642525534
1576,Texas,2019,15.099155541757218
1577,Utah,1980,42.935267857142854
1578,Utah,1981,46.41613722998729
1579,Utah,1982,50.24263431542461
1580,Utah,1983,45.8397365532382
1581,Utah,1984,52.45412844036697
1582,Utah,1985,57.04318936877076
1583,Utah,1986,50.82828282828283
1584,Utah,1987,49.061553985872855
1585,Utah,1988,54.29956896551724
1586,Utah,1989,51.43324720068906
1587,Utah,1990,42.651356993736954
1588,Utah,1992,43.00338123415047
1589,Utah,1993,47.63441712926249
1590,Utah,1994,46.45026575550494
1591,Utah,1995,41.98781549173194
1592,Utah,1996,45.864506627393226
1593,Utah,1997,43.112388250319285
1594,Utah,1998,43.33960047003525
1595,Utah,1999,45.25545350172216
1596,Utah,2000,43.28127208480566
1597,Utah,2001,43.568976478067384
1598,Utah,2002,44.110989611809735
1599,Utah,2003,40.465559355153886
1600,Utah,2004,39.97639981490051
1601,Utah,2005,39.13035113035113
1602,Utah,2006,37.22701592193118
1603,Utah,2007,38.60677808727948
1604,Utah,2008,34.995049504950494
1605,Utah,2009,28.962088974854932
1606,Utah,2010,22.476014760147603
1607,Utah,2011,18.866150922909878
1608,Utah,2012,19.02701432933991
1609,Utah,2013,20.022820076563164
1610,Utah,2014,17.959391259105097
1611,Utah,2015,16.002337369755
1612,Utah,2016,14.065933562428409
1613,Utah,2017,14.509072457885122
1614,Utah,2018,15.29095238095238
1615,Utah,2019,15.822863933452169
1616,Utah,2020,24.693361344537813
1617,Vermont,1985,28.444444444444443
1618,Vermont,1986,33.322274881516584
1619,Vermont,1987,33.458452722063036
1620,Vermont,1988,30.92150170648464
1621,Vermont,1989,30.774091627172197
1622,Vermont,1990,28.67950693374422
1623,Vermont,1991,29.069767441860463
1624,Vermont,1992,26.258215962441316
1625,Vermont,1993,28.3978978978979
1626,Vermont,1994,30.127586206896552
1627,Vermont,1995,28.01813110181311
1628,Vermont,1996,27.01580459770115
1629,Vermont,1997,27.603244837758112
1630,Vermont,1998,27.13714285714286
1631,Vermont,1999,27.08
1632,Vermont,2000,24.49514563106796
1633,Vermont,2001,24.411428571428573
1634,Vermont,2002,22.800314960629922
1635,Vermont,2003,26.86638795986622
1636,Vermont,2004,24.781791044776117
1637,Vermont,2005,24.13438395415473
1638,Vermont,2006,21.053008595988537
1639,Vermont,2007,21.572096317280455
1640,Vermont,2008,20.14676470588235
1641,Vermont,2009,18.178623718887263
1642,Vermont,2010,17.179823269513992
1643,Vermont,2011,17.4311072056239
1644,Vermont,2012,15.2
1645,Vermont,2013,15.139301310043669
1646,Vermont,2014,15.580607814761217
1647,Vermont,2015,15.692222222222222
1648,Vermont,2016,13.937755102040816
1649,Vermont,2017,13.916526610644258
1650,Vermont,2018,13.8125
1651,Vermont,2019,14.040972222222223
1652,Virginia,1980,42.28069756330626
1653,Virginia,1981,39.55656728444802
1654,Virginia,1982,39.80762902019447
1655,Virginia,1983,42.20791666666667
1656,Virginia,1984,43.262582886012
1657,Virginia,1985,42.158316699933465
1658,Virginia,1986,42.21755846214823
1659,Virginia,1987,44.901234567901234
1660,Virginia,1988,42.480586206896554
1661,Virginia,1989,42.485028072364315
1662,Virginia,1990,41.259637613245864
1663,Virginia,1991,42.12979055954986
1664,Virginia,1992,39.51806290875117
1665,Virginia,1993,37.34968891402715
1666,Virginia,1994,34.10709082078679
1667,Virginia,1995,32.42776176753122
1668,Virginia,1996,32.6769833496572
1669,Virginia,1997,32.23835992023928
1670,Virginia,1998,34.448674192701496
1671,Virginia,1999,32.17831204608064
1672,Virginia,2000,29.41776476329917
1673,Virginia,2001,29.245122561280642
1674,Virginia,2002,29.05192502532928
1675,Virginia,2003,30.305816135084427
1676,Virginia,2004,28.44191674733785
1677,Virginia,2005,28.340506673930808
1678,Virginia,2006,26.254358161648177
1679,Virginia,2007,24.38287331917905
1680,Virginia,2008,21.81970509383378
1681,Virginia,2009,20.5
1682,Virginia,2010,20.513400655021837
1683,Virginia,2011,19.404617676266138
1684,Virginia,2012,18.297424467558198
1685,Virginia,2013,17.353538717735223
1686,Virginia,2014,17.5677970774745
1687,Virginia,2015,17.44673712021136
1688,Virginia,2016,16.685725408772385
1689,Virginia,2017,16.429699151452816
1690,Virginia,2018,15.35150895140665
1691,Virginia,2019,16.45807210031348
1692,Washington,1980,38.68421052631579
1693,Washington,1981,46.80084745762712
1694,Washington,1982,63.41968911917098
1695,Washington,1983,32.469982847341335
1696,Washington,1984,36.289592760180994
1697,Washington,1985,43.41421143847487
1698,Washington,1986,42.435064935064936
1699,Washington,1987,37.43589743589744
1700,Washington,1995,33.220640569395016
1701,Washington,1996,31.150406504065042
1702,Washington,1997,22.384271671134943
1703,Washington,1998,25.74715909090909
1704,Washington,1999,32.893353941267385
1705,Washington,2000,35.056013179571664
1706,Washington,2001,35.14468085106383
1707,Washington,2002,33.83812949640288
1708,Washington,2003,25.94846153846154
1709,Washington,2004,23.627337110481587
1710,Washington,2005,23.88778359511344
1711,Washington,2006,15.631094527363183
1712,Washington,2007,16.994827586206895
1713,Washington,2008,20.291743119266055
1714,Washington,2009,12.578888888888887
1715,Washington,2010,11.38671875
1716,Washington,2011,11.961652892561984
1717,Washington,2012,12.979789103690685
1718,Washington,2013,15.10861344537815
1719,Washington,2014,23.46993670886076
1720,Washington,2015,24.248884165781085
1721,Washington,2016,23.72989010989011
1722,Washington,2017,23.076721556886227
1723,Washington,2018,23.309831460674154
1724,Washington,2019,26.110194624652458
1725,West Virginia,1980,29.0145584725537
1726,West Virginia,1981,36.2589928057554
1727,West Virginia,1982,33.869418702611625
1728,West Virginia,1983,32.9003663003663
1729,West Virginia,1984,32.45229681978799
1730,West Virginia,1985,28.967336683417084
1731,West Virginia,1986,30.662014563106798
1732,West Virginia,1987,30.275
1733,West Virginia,1988,31.950333131435492
1734,West Virginia,1989,26.989837398373982
1735,West Virginia,1990,28.338380015140046
1736,West Virginia,1991,25.233009708737864
1737,West Virginia,1992,23.900386847195357
1738,West Virginia,1993,25.232382550335572
1739,West Virginia,1994,25.064150943396225
1740,West Virginia,1995,22.372771474878444
1741,West Virginia,1996,23.764537654909436
1742,West Virginia,1997,28.727272727272727
1743,West Virginia,1998,35.38085106382979
1744,West Virginia,1999,34.233333333333334
1745,West Virginia,2003,33.47159090909091
1746,West Virginia,2004,35.05509641873278
1747,West Virginia,2005,36.71978021978022
1748,Wisconsin,1980,18.80307626575518
1749,Wisconsin,1981,23.515948467347847
1750,Wisconsin,1982,22.73919846280538
1751,Wisconsin,1983,24.22850877192982
1752,Wisconsin,1984,25.61053846153846
1753,Wisconsin,1985,27.5949281487743
1754,Wisconsin,1986,34.88251231527094
1755,Wisconsin,1987,29.80748299319728
1756,Wisconsin,1988,29.704358974358975
1757,Wisconsin,1989,33.07770034843205
1758,Wisconsin,1990,30.993539823008845
1759,Wisconsin,1991,30.288301886792453
1760,Wisconsin,1992,34.13063583815029
1761,Wisconsin,1993,36.72764227642276
1762,Wisconsin,1994,35.288220551378444
1763,Wisconsin,1995,28.951278928136418
1764,Wisconsin,1996,25.380765456329733
1765,Wisconsin,1997,23.716453674121407
1766,Wisconsin,1998,22.941360437842064
1767,Wisconsin,1999,28.04794520547945
1768,Wisconsin,2000,30.944323144104803
1769,Wisconsin,2001,30.989821882951652
1770,Wisconsin,2002,26.5
1771,Wisconsin,2003,17.86321626617375
1772,Wisconsin,2004,21.5
1773,Wisconsin,2005,24.009191176470587
1774,Wisconsin,2006,24.088516746411482
1775,Wisconsin,2007,22.37991266375546
1776,Wisconsin,2008,20.506880733944953
1777,Wisconsin,2009,21.687074829931973
1778,Wisconsin,2010,16.13533123028391
1779,Wisconsin,2011,12.761414392059555
1780,Wisconsin,2012,12.115252152521526
1781,Wisconsin,2013,12.00483870967742
1782,Wisconsin,2014,18.892976939203354
1783,Wisconsin,2015,16.814739884393063
1784,Wisconsin,2016,20.82155388471178
1785,Wisconsin,2017,19.78681875792142
1786,Wisconsin,2018,19.872772277227725
1787,Wisconsin,2019,19.950429447852763
1788,Wyoming,2001,5.260504201680672
1789,Wyoming,2002,5.642659279778393
1790,Wyoming,2003,11.797998180163786
1791,Wyoming,2004,11.990774907749078
1792,Wyoming,2005,14.095658329400662
1793,Wyoming,2006,14.49
1794,Wyoming,2007,11.326224328593996
1795,Wyoming,2008,8.522845849802371
1796,Wyoming,2009,7.168050164228128
1797,Wyoming,2010,7.392117219445706
1798,Wyoming,2011,7.224639792779667
1799,Wyoming,2012,9.011259463179629
1800,Wyoming,2013,8.539219178082192
1801,Wyoming,2014,9.145526379771457
1802,Wyoming,2015,8.80444680349139
1803,Wyoming,2016,7.51591423466349
1804,Wyoming,2017,8.260571211929737
1805,Wyoming,2018,7.505588742864728
1806,Wyoming,2019,6.061814024390244
1807,Wyoming,2020,3.603225806451613
