,STATE,Year,O3 (in ppm)
0,Alabama,1980,0.04403881439661256
1,Alabama,1981,0.0459265447667087
2,Alabama,1982,0.043533404029692475
3,Alabama,1983,0.04427406049495875
4,Alabama,1984,0.044423292273236284
5,Alabama,1985,0.04370857142857142
6,Alabama,1986,0.04854280338664158
7,Alabama,1987,0.04676252723311546
8,Alabama,1988,0.0478938652615732
9,Alabama,1989,0.04065627376425856
10,Alabama,1990,0.04753440829254247
11,Alabama,1991,0.0389356049667918
12,Alabama,1992,0.04032436384907868
13,Alabama,1993,0.04232343011478731
14,Alabama,1994,0.03876159818216247
15,Alabama,1995,0.04398455824863175
16,Alabama,1996,0.045813926940639266
17,Alabama,1997,0.04529857422421023
18,Alabama,1998,0.04953854748603352
19,Alabama,1999,0.0507876129032258
20,Alabama,2000,0.050155141310883944
21,Alabama,2001,0.04456667260103258
22,Alabama,2002,0.043957953637090326
23,Alabama,2003,0.042919572636889745
24,Alabama,2004,0.04252821541105701
25,Alabama,2005,0.04484918759231906
26,Alabama,2006,0.048448341094295695
27,Alabama,2007,0.048694996986136226
28,Alabama,2008,0.04328401110566716
29,Alabama,2009,0.03828003246753247
30,Alabama,2010,0.04546103459858918
31,Alabama,2011,0.04470003331112592
32,Alabama,2012,0.0437102061507266
33,Alabama,2013,0.03926669002978798
34,Alabama,2014,0.04050981779586061
35,Alabama,2015,0.038682792840687576
36,Alabama,2016,0.04251114332306577
37,Alabama,2017,0.039251388640028674
38,Alabama,2018,0.04003508446259514
39,Alabama,2019,0.040467891513560804
40,Alabama,2020,0.034789013732833954
41,Alaska,1980,0.027472164948453608
42,Alaska,1981,0.02782471264367816
43,Alaska,1983,0.008940476190476191
44,Alaska,1984,0.009496153846153845
45,Alaska,1985,0.016717391304347826
46,Alaska,1987,0.032
47,Alaska,1988,0.033153614457831326
48,Alaska,1989,0.03221544715447154
49,Alaska,1990,0.03216887417218543
50,Alaska,1991,0.032224080267558526
51,Alaska,1992,0.032769679300291545
52,Alaska,1993,0.03316860465116279
53,Alaska,1994,0.03307977207977208
54,Alaska,1995,0.03185422740524781
55,Alaska,1996,0.033870860927152316
56,Alaska,1997,0.03635576923076923
57,Alaska,1998,0.03626857142857143
58,Alaska,1999,0.03325555555555555
59,Alaska,2000,0.028888268156424583
60,Alaska,2001,0.03577839335180055
61,Alaska,2002,0.035292537313432834
62,Alaska,2003,0.03605
63,Alaska,2004,0.03309695290858726
64,Alaska,2005,0.033869806094182824
65,Alaska,2006,0.035825352112676054
66,Alaska,2007,0.034561253561253565
67,Alaska,2008,0.03292372881355932
68,Alaska,2009,0.03586274509803922
69,Alaska,2010,0.029781491002570697
70,Alaska,2011,0.027878755364806867
71,Alaska,2012,0.028508489722966934
72,Alaska,2013,0.028212034383954154
73,Alaska,2014,0.026430751173708918
74,Alaska,2015,0.02785625646328852
75,Alaska,2016,0.028254237288135593
76,Alaska,2017,0.02912111468381565
77,Alaska,2018,0.027298105682951147
78,Alaska,2019,0.02992458100558659
79,Alaska,2020,0.031390243902439025
80,Arizona,1980,0.04490802139037433
81,Arizona,1981,0.040977927063339734
82,Arizona,2019,0.04655290318495536
83,Arizona,2020,0.0405569493226292
84,Arkansas,1980,0.04377358490566038
85,Arkansas,1981,0.03896363636363636
86,Arkansas,1982,0.03750074962518741
87,Arkansas,1983,0.04152130681818182
88,Arkansas,1984,0.04063529411764706
89,Arkansas,1985,0.039121913580246914
90,Arkansas,1986,0.03986963434022257
91,Arkansas,1987,0.0427752808988764
92,Arkansas,1988,0.04300139664804469
93,Arkansas,1989,0.041
94,Arkansas,1990,0.042622201492537315
95,Arkansas,1991,0.03906536636794939
96,Arkansas,1992,0.03704312668463612
97,Arkansas,1993,0.037819618781961876
98,Arkansas,1994,0.03955776340110905
99,Arkansas,1995,0.04327835562159485
100,Arkansas,1996,0.0401841046277666
101,Arkansas,1997,0.04055809612692487
102,Arkansas,1998,0.04194154288452324
103,Arkansas,1999,0.04373994252873563
104,Arkansas,2000,0.04213240250361098
105,Arkansas,2001,0.0420295358649789
106,Arkansas,2002,0.039952421410365334
107,Arkansas,2003,0.03973213556553695
108,Arkansas,2004,0.03789149443561208
109,Arkansas,2005,0.04418291814946619
110,Arkansas,2006,0.04285747126436782
111,Arkansas,2007,0.04051294442526752
112,Arkansas,2008,0.03859103544127866
113,Arkansas,2009,0.03759602649006623
114,Arkansas,2010,0.04141036505867014
115,Arkansas,2011,0.04037194923527498
116,Arkansas,2012,0.04291061806656102
117,Arkansas,2013,0.03966126519164849
118,Arkansas,2014,0.03719186588016144
119,Arkansas,2015,0.03733012123096052
120,Arkansas,2016,0.03847604274388142
121,Arkansas,2017,0.0385567081604426
122,Arkansas,2018,0.037679310344827584
123,Arkansas,2019,0.03767058011049724
124,Arkansas,2020,0.03283244680851064
125,California,1980,0.04772021005104044
126,California,1981,0.04694839233284797
127,California,1982,0.043463083975421826
128,California,1983,0.0450543518567569
129,California,1984,0.046593145914298695
130,California,1985,0.04719545886422881
131,California,1986,0.04681527974623743
132,California,1987,0.04799559508682761
133,California,1988,0.04911735812463108
134,California,1989,0.04710787885478766
135,California,1990,0.044751808390933935
136,California,1991,0.04543316640986132
137,California,1992,0.044436886487910936
138,California,1993,0.04335560408525172
139,California,1994,0.04378533685601057
140,California,1995,0.04381428874284503
141,California,1996,0.0440514696485623
142,California,1997,0.042542110891474125
143,California,1998,0.04365360041157044
144,California,1999,0.043814532780521644
145,California,2000,0.04148100946159804
146,California,2001,0.042973511466790126
147,California,2002,0.04451014195480888
148,California,2003,0.04385730414294129
149,California,2004,0.04326873410614617
150,California,2005,0.04185731099890829
151,California,2006,0.04368791138494689
152,California,2007,0.042907800016473104
153,California,2008,0.04443427081815385
154,California,2009,0.042649396688025296
155,California,2010,0.042195432310946586
156,California,2011,0.04272392334230204
157,California,2012,0.0439857902649574
158,California,2013,0.04273059223689476
159,California,2014,0.044102020658597425
160,California,2015,0.04372975180437717
161,California,2016,0.04332706595411888
162,California,2017,0.04452677313691213
163,California,2018,0.0436366432631227
164,California,2019,0.0428112878006587
165,California,2020,0.03717985456116351
166,Colorado,1980,0.03895046554934823
167,Colorado,1981,0.038242822966507176
168,Colorado,1982,0.03867204146271235
169,Colorado,1983,0.04025807365439093
170,Colorado,1984,0.03892407065647245
171,Colorado,1985,0.03844952893674294
172,Colorado,1986,0.03846137079195931
173,Colorado,1987,0.040379794200187086
174,Colorado,1988,0.04156046407853637
175,Colorado,1989,0.040055390492359934
176,Colorado,1990,0.03877978056426332
177,Colorado,1991,0.040262373399579596
178,Colorado,1992,0.03871817211948791
179,Colorado,1993,0.039462749671963844
180,Colorado,1994,0.041059167050868296
181,Colorado,1995,0.038716207455429495
182,Colorado,1996,0.04072578873018364
183,Colorado,1997,0.04095195478097032
184,Colorado,1998,0.043412947523295733
185,Colorado,1999,0.0426898922333705
186,Colorado,2000,0.041302461697366157
187,Colorado,2001,0.04023309943522163
188,Colorado,2002,0.043340628599637984
189,Colorado,2003,0.04385732962902435
190,Colorado,2004,0.042595654088973714
191,Colorado,2005,0.04422831050228311
192,Colorado,2006,0.046792103810049696
193,Colorado,2007,0.04711806234386879
194,Colorado,2008,0.04758316633266533
195,Colorado,2009,0.04543837435806623
196,Colorado,2010,0.04724008617250458
197,Colorado,2011,0.04887903225806452
198,Colorado,2012,0.04942146768893757
199,Colorado,2013,0.047721378207458025
200,Colorado,2014,0.045870536404390164
201,Colorado,2015,0.04578315804849547
202,Colorado,2016,0.04619544179523141
203,Colorado,2017,0.04672716770861647
204,Colorado,2018,0.048087848323325015
205,Colorado,2019,0.04574705281722826
206,Colorado,2020,0.041155480033984705
207,Connecticut,1980,0.05487206396801599
208,Connecticut,1981,0.050955230914231854
209,Connecticut,1982,0.054787833081950725
210,Connecticut,1983,0.06042358974358974
211,Connecticut,1984,0.05335784032165422
212,Connecticut,1985,0.04855600200904068
213,Connecticut,1986,0.043786478599221794
214,Connecticut,1987,0.04684422110552764
215,Connecticut,1988,0.04960531309297913
216,Connecticut,1989,0.04718804292284108
217,Connecticut,1990,0.04481690845422711
218,Connecticut,1991,0.04698827616152844
219,Connecticut,1992,0.04115169039145908
220,Connecticut,1993,0.04369438301636444
221,Connecticut,1994,0.04544022988505747
222,Connecticut,1995,0.044351924587588375
223,Connecticut,1996,0.04579695203944419
224,Connecticut,1997,0.04870027899561578
225,Connecticut,1998,0.04689088246063713
226,Connecticut,1999,0.04825633270321361
227,Connecticut,2000,0.04308385093167701
228,Connecticut,2001,0.04830296610169492
229,Connecticut,2002,0.04953346774193548
230,Connecticut,2003,0.04493285371702638
231,Connecticut,2004,0.042307847896440126
232,Connecticut,2005,0.04617163577759871
233,Connecticut,2006,0.04477237748076145
234,Connecticut,2007,0.0461294608959757
235,Connecticut,2008,0.0438197172034564
236,Connecticut,2009,0.039431462390225276
237,Connecticut,2010,0.04447056574923547
238,Connecticut,2011,0.042414823914823915
239,Connecticut,2012,0.044668721109399075
240,Connecticut,2013,0.04433938706015891
241,Connecticut,2014,0.0430116191904048
242,Connecticut,2015,0.04433768169959001
243,Connecticut,2016,0.04391357088703563
244,Connecticut,2017,0.04116628251564044
245,Connecticut,2018,0.04096617405582923
246,Connecticut,2019,0.04258199871877002
247,Connecticut,2020,0.03874074074074074
248,Delaware,1980,0.04035117773019272
249,Delaware,1981,0.025139473684210527
250,Delaware,1982,0.035125
251,Delaware,1983,0.05085862619808307
252,Delaware,1984,0.04366617538688283
253,Delaware,1985,0.04743503230437904
254,Delaware,1986,0.04309770603228547
255,Delaware,1987,0.04758637083993661
256,Delaware,1988,0.053903470715835136
257,Delaware,1989,0.046584158415841584
258,Delaware,1990,0.04323008849557523
259,Delaware,1991,0.04649954337899544
260,Delaware,1992,0.04049741379310345
261,Delaware,1993,0.046000866551126514
262,Delaware,1994,0.04638197026022305
263,Delaware,1995,0.04652166666666667
264,Delaware,1996,0.04320981387478849
265,Delaware,1997,0.04399926090169993
266,Delaware,1998,0.04477313054499366
267,Delaware,1999,0.04560910224438903
268,Delaware,2000,0.04203743654822335
269,Delaware,2001,0.04469933554817276
270,Delaware,2002,0.04371841155234657
271,Delaware,2003,0.04127344222625529
272,Delaware,2004,0.041337123745819396
273,Delaware,2005,0.04393101225016119
274,Delaware,2006,0.044089659685863876
275,Delaware,2007,0.04465424430641821
276,Delaware,2008,0.04435634451019066
277,Delaware,2009,0.04069393511988716
278,Delaware,2010,0.04518181818181818
279,Delaware,2011,0.04032776349614396
280,Delaware,2012,0.03961687473095136
281,Delaware,2013,0.03848912058023572
282,Delaware,2014,0.03824450891007045
283,Delaware,2015,0.039580552121961265
284,Delaware,2016,0.039501600000000005
285,Delaware,2017,0.03900822030415125
286,Delaware,2018,0.03757704059362724
287,Delaware,2019,0.03951736526946108
288,Delaware,2020,0.034923809523809524
289,District Of Columbia,1980,0.03596564885496183
290,District Of Columbia,1981,0.029199400299850072
291,District Of Columbia,1982,0.03035285053929122
292,District Of Columbia,1983,0.033396576319543514
293,District Of Columbia,1984,0.02947550432276657
294,District Of Columbia,1985,0.036680445151033386
295,District Of Columbia,1986,0.03469001490312966
296,District Of Columbia,1987,0.033589488636363636
297,District Of Columbia,1988,0.03246548323471401
298,District Of Columbia,1989,0.029032608695652176
299,District Of Columbia,1990,0.03049339933993399
300,District Of Columbia,1991,0.032103399433427764
301,District Of Columbia,1992,0.02880416666666667
302,District Of Columbia,1993,0.033131182795698925
303,District Of Columbia,1994,0.033281884646628755
304,District Of Columbia,1995,0.03390934256055363
305,District Of Columbia,1996,0.03218690851735016
306,District Of Columbia,1997,0.03628162511542013
307,District Of Columbia,1998,0.038049586776859504
308,District Of Columbia,1999,0.03798341013824885
309,District Of Columbia,2000,0.03112927054478301
310,District Of Columbia,2001,0.03514794007490637
311,District Of Columbia,2002,0.03846765249537893
312,District Of Columbia,2003,0.032812558575445176
313,District Of Columbia,2004,0.0326712580348944
314,District Of Columbia,2005,0.035496289424860855
315,District Of Columbia,2006,0.03840091743119266
316,District Of Columbia,2007,0.040178937558247904
317,District Of Columbia,2008,0.03756774193548387
318,District Of Columbia,2009,0.03540094339622642
319,District Of Columbia,2010,0.04178888888888889
320,District Of Columbia,2011,0.038840845070422535
321,District Of Columbia,2012,0.03949515905947441
322,District Of Columbia,2013,0.035985232067510545
323,District Of Columbia,2014,0.03688169364881694
324,District Of Columbia,2015,0.037626556016597514
325,District Of Columbia,2016,0.03654166666666667
326,District Of Columbia,2017,0.03476367006487488
327,District Of Columbia,2018,0.03257450796626054
328,District Of Columbia,2019,0.038142857142857145
329,District Of Columbia,2020,0.031851851851851846
330,Florida,1980,0.03655960457452995
331,Florida,1981,0.03991005542359462
332,Florida,1982,0.03521117527704074
333,Florida,1983,0.03583527549992807
334,Florida,1984,0.03786706291678747
335,Florida,1985,0.03705909870575394
336,Florida,1986,0.03746650267689191
337,Florida,1987,0.04052369926450558
338,Florida,1988,0.03936245587493697
339,Florida,1989,0.038016637668551546
340,Florida,1990,0.039697429906542056
341,Florida,1991,0.0361511385199241
342,Florida,1992,0.03686037674832242
343,Florida,1993,0.03838669742406767
344,Florida,1994,0.03629253956292389
345,Florida,1995,0.03864474745253281
346,Florida,1996,0.03851272727272727
347,Florida,1997,0.0397704067887931
348,Florida,1998,0.041773500679303875
349,Florida,1999,0.04154233858217922
350,Florida,2000,0.04206571428571428
351,Florida,2001,0.039121570024945276
352,Florida,2002,0.03781709410091698
353,Florida,2003,0.037419867932713166
354,Florida,2004,0.03974822120810639
355,Florida,2005,0.03987781835889944
356,Florida,2006,0.042373499806426636
357,Florida,2007,0.04060341888911169
358,Florida,2008,0.03822721636701798
359,Florida,2009,0.03733234055663962
360,Florida,2010,0.039346185961982416
361,Florida,2011,0.039178314541213066
362,Florida,2012,0.037483089930822444
363,Florida,2013,0.036042261994284855
364,Florida,2014,0.03711144181507685
365,Florida,2015,0.035383524004596094
366,Florida,2016,0.037833022571148185
367,Florida,2017,0.03700676623897354
368,Florida,2018,0.03638238811920662
369,Florida,2019,0.036773735581188995
370,Florida,2020,0.03903023663453111
371,Georgia,1980,0.039461824953445065
372,Georgia,1981,0.041235714285714285
373,Georgia,1982,0.04638543046357616
374,Georgia,1983,0.049348645465253235
375,Georgia,1984,0.0440912017167382
376,Georgia,1985,0.04575508130081301
377,Georgia,1986,0.05155714285714286
378,Georgia,1987,0.051839544919576305
379,Georgia,1988,0.051219971570717844
380,Georgia,1989,0.04433862043526374
381,Georgia,1990,0.051161247511612475
382,Georgia,1991,0.044283936324167876
383,Georgia,1992,0.04391082474226804
384,Georgia,1993,0.050193205317577545
385,Georgia,1994,0.0446199083503055
386,Georgia,1995,0.04855914525566014
387,Georgia,1996,0.048909405654933645
388,Georgia,1997,0.049727600411946446
389,Georgia,1998,0.055832599118942734
390,Georgia,1999,0.055868637110016425
391,Georgia,2000,0.05221973684210527
392,Georgia,2001,0.04748434552998868
393,Georgia,2002,0.046054388799138396
394,Georgia,2003,0.044128552097428955
395,Georgia,2004,0.04583011099176513
396,Georgia,2005,0.046724553866490416
397,Georgia,2006,0.0507111074758711
398,Georgia,2007,0.05070338693123503
399,Georgia,2008,0.04691984140665403
400,Georgia,2009,0.040635067437379574
401,Georgia,2010,0.046219591369104446
402,Georgia,2011,0.04709777607361963
403,Georgia,2012,0.04365810990682639
404,Georgia,2013,0.03906225090149933
405,Georgia,2014,0.040940921622686095
406,Georgia,2015,0.03947807528133489
407,Georgia,2016,0.04385536398467433
408,Georgia,2017,0.03997651545564031
409,Georgia,2018,0.03934603174603175
410,Georgia,2019,0.04169110152881223
411,Georgia,2020,0.03640277777777778
412,Hawaii,1980,0.019953846153846155
413,Hawaii,1981,0.014178217821782179
414,Hawaii,1982,0.013159021406727828
415,Hawaii,1983,0.019028409090909092
416,Hawaii,1984,0.01663450292397661
417,Hawaii,1985,0.01666568047337278
418,Hawaii,1986,0.01571225071225071
419,Hawaii,1987,0.023605965463108322
420,Hawaii,1988,0.011334442595673877
421,Hawaii,1989,0.014807570977917982
422,Hawaii,1990,0.017841726618705037
423,Hawaii,1991,0.0205357590966123
424,Hawaii,1992,0.024248983739837398
425,Hawaii,1993,0.029228628230616303
426,Hawaii,1994,0.0291162109375
427,Hawaii,1995,0.028706618962432918
428,Hawaii,1996,0.019570605187319887
429,Hawaii,1997,0.024717451523545708
430,Hawaii,1998,0.026701657458563538
431,Hawaii,1999,0.025553370786516854
432,Hawaii,2000,0.021361918604651163
433,Hawaii,2001,0.022740524781341108
434,Hawaii,2002,0.02364373088685015
435,Hawaii,2003,0.023533141210374642
436,Hawaii,2004,0.022140845070422535
437,Hawaii,2005,0.022686111111111112
438,Hawaii,2006,0.017756373937677053
439,Hawaii,2007,0.016910614525139665
440,Hawaii,2008,0.022467105263157896
441,Hawaii,2009,0.025184438040345824
442,Hawaii,2010,0.02562880886426593
443,Hawaii,2011,0.027744849445324883
444,Hawaii,2012,0.02661855670103093
445,Hawaii,2013,0.028045045045045045
446,Hawaii,2014,0.026817543859649122
447,Hawaii,2015,0.027969870875179343
448,Hawaii,2016,0.029093206951026858
449,Hawaii,2017,0.0291269592476489
450,Hawaii,2018,0.029230252100840334
451,Hawaii,2019,0.027995720399429387
452,Hawaii,2020,0.03465591397849462
453,Idaho,1989,0.028307692307692308
454,Idaho,1990,0.028591549295774645
455,Idaho,1992,0.03428235294117647
456,Idaho,1993,0.04200606060606061
457,Idaho,1994,0.04667696629213483
458,Idaho,1995,0.04134398034398034
459,Idaho,1996,0.04464331210191083
460,Idaho,1997,0.04399293286219081
461,Idaho,1998,0.04621489971346705
462,Idaho,1999,0.046690340909090904
463,Idaho,2000,0.04601719197707736
464,Idaho,2001,0.044920774647887324
465,Idaho,2002,0.050375639713408395
466,Idaho,2003,0.048049180327868854
467,Idaho,2004,0.04737902388369678
468,Idaho,2005,0.048262023217247096
469,Idaho,2006,0.053052966101694916
470,Idaho,2007,0.04916640746500778
471,Idaho,2008,0.04707615894039736
472,Idaho,2009,0.046113445378151256
473,Idaho,2010,0.04421726408193124
474,Idaho,2011,0.04674429583005507
475,Idaho,2012,0.04432422360248447
476,Idaho,2013,0.041365038560411314
477,Idaho,2014,0.04122195121951219
478,Idaho,2015,0.04131944444444445
479,Idaho,2016,0.040378125
480,Idaho,2017,0.042752542372881355
481,Idaho,2018,0.0402671009771987
482,Idaho,2019,0.036664291369754555
483,Idaho,2020,0.03670909090909091
484,Illinois,1980,0.034049695446195495
485,Illinois,1981,0.033151694211060845
486,Illinois,1982,0.03322624834290765
487,Illinois,1983,0.036407550012555454
488,Illinois,1984,0.035509998165474226
489,Illinois,1985,0.03672546362943518
490,Illinois,1986,0.03480160150730099
491,Illinois,1987,0.037046022727272726
492,Illinois,1988,0.04201340761023511
493,Illinois,1989,0.038401008403361345
494,Illinois,1990,0.035347441514425065
495,Illinois,1991,0.03723755994025627
496,Illinois,1992,0.03318114780378326
497,Illinois,1993,0.03197586098443151
498,Illinois,1994,0.03532762134822979
499,Illinois,1995,0.03693376682292454
500,Illinois,1996,0.034649369507069164
501,Illinois,1997,0.03554945616468355
502,Illinois,1998,0.036873578207636024
503,Illinois,1999,0.03861312424948788
504,Illinois,2000,0.035198640695067264
505,Illinois,2001,0.037605460653277106
506,Illinois,2002,0.03829590017825312
507,Illinois,2003,0.037241752577319584
508,Illinois,2004,0.03518299159168019
509,Illinois,2005,0.03938691247048069
510,Illinois,2006,0.0358175433120025
511,Illinois,2007,0.03898686853082033
512,Illinois,2008,0.03599525570923126
513,Illinois,2009,0.035091673338670935
514,Illinois,2010,0.03908257796257796
515,Illinois,2011,0.038510058966354496
516,Illinois,2012,0.04036013686911891
517,Illinois,2013,0.03785059691011236
518,Illinois,2014,0.037904024480712166
519,Illinois,2015,0.03824353190313967
520,Illinois,2016,0.03883951650395165
521,Illinois,2017,0.040160237388724034
522,Illinois,2018,0.03888336669858125
523,Illinois,2019,0.03977904621616645
524,Illinois,2020,0.034152238805970146
525,Indiana,1980,0.033354567633505014
526,Indiana,1981,0.036400155098875536
527,Indiana,1982,0.039948480355819126
528,Indiana,1983,0.041932260479041916
529,Indiana,1984,0.04111390683441006
530,Indiana,1985,0.047719827586206895
531,Indiana,1986,0.04632267584849976
532,Indiana,1987,0.04944028151521424
533,Indiana,1988,0.0536960626757734
534,Indiana,1989,0.048700060839586286
535,Indiana,1990,0.0466842277486911
536,Indiana,1991,0.05120347003154574
537,Indiana,1992,0.04527582973935871
538,Indiana,1993,0.04653821542836829
539,Indiana,1994,0.052267608286252355
540,Indiana,1995,0.05380962164013012
541,Indiana,1996,0.051783997063681406
542,Indiana,1997,0.05055111184865582
543,Indiana,1998,0.05534498504172571
544,Indiana,1999,0.053384140061791964
545,Indiana,2000,0.0473269523326572
546,Indiana,2001,0.05022515527950311
547,Indiana,2002,0.053770021775949674
548,Indiana,2003,0.04929163224359731
549,Indiana,2004,0.0458592062143464
550,Indiana,2005,0.05108782510365624
551,Indiana,2006,0.046219570405727925
552,Indiana,2007,0.05121458958958959
553,Indiana,2008,0.04551342751686394
554,Indiana,2009,0.04155093326826888
555,Indiana,2010,0.045287507692307695
556,Indiana,2011,0.04436810492767835
557,Indiana,2012,0.04797526895016693
558,Indiana,2013,0.04318000234990013
559,Indiana,2014,0.04221485649971863
560,Indiana,2015,0.04100382096069869
561,Indiana,2016,0.04249010707635009
562,Indiana,2017,0.040989607690309175
563,Indiana,2018,0.03658451987313584
564,Indiana,2019,0.03725835322195704
565,Indiana,2020,0.031223366766061265
566,Iowa,1980,0.039696551724137934
567,Iowa,1981,0.03023187311178248
568,Iowa,1982,0.03351888436955259
569,Iowa,1983,0.03746356370474847
570,Iowa,1984,0.03150851156700131
571,Iowa,1985,0.031780463739516526
572,Iowa,1986,0.027345244086562658
573,Iowa,1987,0.025464631782945734
574,Iowa,1988,0.03065811088295688
575,Iowa,1989,0.029466310160427805
576,Iowa,1990,0.027472823218997362
577,Iowa,1991,0.029629668595476066
578,Iowa,1992,0.030912093766648906
579,Iowa,1993,0.02975388888888889
580,Iowa,1994,0.029237240605720697
581,Iowa,1995,0.03274688796680498
582,Iowa,1996,0.030668387837062536
583,Iowa,1997,0.03690307762976573
584,Iowa,1998,0.03854250111259457
585,Iowa,1999,0.04519652650822669
586,Iowa,2000,0.04342385993485342
587,Iowa,2001,0.04097904915390813
588,Iowa,2002,0.04329092290163312
589,Iowa,2003,0.0432308256880734
590,Iowa,2004,0.039046763935652824
591,Iowa,2005,0.0441507703595011
592,Iowa,2006,0.04051940298507463
593,Iowa,2007,0.042318198874296435
594,Iowa,2008,0.04004595588235294
595,Iowa,2009,0.03894067529189019
596,Iowa,2010,0.042226092463584546
597,Iowa,2011,0.04118137553256239
598,Iowa,2012,0.04561360837438423
599,Iowa,2013,0.04080524642289349
600,Iowa,2014,0.039296307645166235
601,Iowa,2015,0.03935717539863325
602,Iowa,2016,0.03845855676421021
603,Iowa,2017,0.038957217000981904
604,Iowa,2018,0.03887397556826968
605,Iowa,2019,0.03804507257448434
606,Iowa,2020,0.03373852721451441
607,Kansas,1980,0.03694640943193998
608,Kansas,1981,0.03436081370449679
609,Kansas,1982,0.03341190864600326
610,Kansas,1983,0.03573427091043672
611,Kansas,1984,0.03328020014295925
612,Kansas,1985,0.03278441754916793
613,Kansas,1986,0.03191705426356589
614,Kansas,1987,0.03390073529411765
615,Kansas,1988,0.03547120843471208
616,Kansas,1989,0.033224873463485176
617,Kansas,1990,0.030762071992976293
618,Kansas,1991,0.03419889883000688
619,Kansas,1992,0.03263059958649207
620,Kansas,1993,0.031555475504322764
621,Kansas,1994,0.03603566333808844
622,Kansas,1995,0.03438669438669439
623,Kansas,1996,0.03728816920026438
624,Kansas,1997,0.04073980582524272
625,Kansas,1998,0.04280757097791798
626,Kansas,1999,0.041844430217669655
627,Kansas,2000,0.043265090543259555
628,Kansas,2001,0.04271864725223109
629,Kansas,2002,0.039513629283489095
630,Kansas,2003,0.04075494437577256
631,Kansas,2004,0.03669933554817276
632,Kansas,2005,0.040475744680851064
633,Kansas,2006,0.042222826086956516
634,Kansas,2007,0.038775258886090125
635,Kansas,2008,0.03754704301075269
636,Kansas,2009,0.03836580416032471
637,Kansas,2010,0.04032086912582112
638,Kansas,2011,0.042529235790046235
639,Kansas,2012,0.04356477846326416
640,Kansas,2013,0.0399728342891639
641,Kansas,2014,0.03940313479623824
642,Kansas,2015,0.03872766481823783
643,Kansas,2016,0.03824746387949585
644,Kansas,2017,0.03791899618805591
645,Kansas,2018,0.03816117905299467
646,Kansas,2019,0.03722560787934749
647,Kansas,2020,0.03217432273262662
648,Kentucky,1980,0.03975598610857247
649,Kentucky,1981,0.03833723805805024
650,Kentucky,1982,0.04324923970141001
651,Kentucky,1983,0.051536923839418464
652,Kentucky,1984,0.046406872102536134
653,Kentucky,1985,0.0454544080604534
654,Kentucky,1986,0.04679883897021706
655,Kentucky,1987,0.051981173594132034
656,Kentucky,1988,0.05216424525978823
657,Kentucky,1989,0.04401905507700339
658,Kentucky,1990,0.04355164670658683
659,Kentucky,1991,0.04299158957106812
660,Kentucky,1992,0.04181211467324291
661,Kentucky,1993,0.04450072244844345
662,Kentucky,1994,0.048417510944340214
663,Kentucky,1995,0.049780235233955514
664,Kentucky,1996,0.04605018422055648
665,Kentucky,1997,0.0454967618133845
666,Kentucky,1998,0.051663122685461714
667,Kentucky,1999,0.0543877046284301
668,Kentucky,2000,0.046941275344048745
669,Kentucky,2001,0.047286509462605
670,Kentucky,2002,0.04654498879282741
671,Kentucky,2003,0.045148381490332394
672,Kentucky,2004,0.042362276422764224
673,Kentucky,2005,0.04683121841661987
674,Kentucky,2006,0.04466913698302653
675,Kentucky,2007,0.050226826484018265
676,Kentucky,2008,0.045786536449250084
677,Kentucky,2009,0.04066941457586619
678,Kentucky,2010,0.046884128878281625
679,Kentucky,2011,0.044708348612639046
680,Kentucky,2012,0.04672456140350877
681,Kentucky,2013,0.041143429487179486
682,Kentucky,2014,0.04191871146344532
683,Kentucky,2015,0.04091734240125556
684,Kentucky,2016,0.04165402783097153
685,Kentucky,2017,0.04099064821931848
686,Kentucky,2018,0.040066965462694434
687,Kentucky,2019,0.04129612005856516
688,Kentucky,2020,0.03546422128683103
689,Louisiana,1980,0.03634062684801892
690,Louisiana,1981,0.04133145464304885
691,Louisiana,1982,0.03592093567251462
692,Louisiana,1983,0.03449686956521739
693,Louisiana,1984,0.034117196231837774
694,Louisiana,1985,0.03886340786964812
695,Louisiana,1986,0.03981514589306797
696,Louisiana,1987,0.04466189111747851
697,Louisiana,1988,0.04319230102306225
698,Louisiana,1989,0.03805371362385985
699,Louisiana,1990,0.04124971639251276
700,Louisiana,1991,0.03651276813074566
701,Louisiana,1992,0.03799690864513378
702,Louisiana,1993,0.03866213991769547
703,Louisiana,1994,0.03858124174372523
704,Louisiana,1995,0.041761163134549036
705,Louisiana,1996,0.03927258521339975
706,Louisiana,1997,0.04107450411223996
707,Louisiana,1998,0.040406098546042005
708,Louisiana,1999,0.043421929644106155
709,Louisiana,2000,0.04365084303492573
710,Louisiana,2001,0.04023848075962019
711,Louisiana,2002,0.037791868442292174
712,Louisiana,2003,0.04010926986039972
713,Louisiana,2004,0.03936047916247232
714,Louisiana,2005,0.04363904945407836
715,Louisiana,2006,0.04326310083122516
716,Louisiana,2007,0.040479999999999995
717,Louisiana,2008,0.03896424593450658
718,Louisiana,2009,0.03814716940595123
719,Louisiana,2010,0.04153006947459835
720,Louisiana,2011,0.041108465915689237
721,Louisiana,2012,0.04028232128232128
722,Louisiana,2013,0.03736796792074537
723,Louisiana,2014,0.036772922124315315
724,Louisiana,2015,0.03680709200438116
725,Louisiana,2016,0.03817862796833773
726,Louisiana,2017,0.03694202154951257
727,Louisiana,2018,0.036061706449974605
728,Louisiana,2019,0.03644879403965147
729,Louisiana,2020,0.03497911607576494
730,Maine,1980,0.0390076169749728
731,Maine,1981,0.03721885521885522
732,Maine,1982,0.04107649253731343
733,Maine,1983,0.04481098546042003
734,Maine,1984,0.04509558232931727
735,Maine,1985,0.04614662162162162
736,Maine,1986,0.04033907185628743
737,Maine,1987,0.04285275724843661
738,Maine,1988,0.0499015247776366
739,Maine,1989,0.04270342972427707
740,Maine,1990,0.04146438883541867
741,Maine,1991,0.041939393939393936
742,Maine,1992,0.04011075036075036
743,Maine,1993,0.03833124813821865
744,Maine,1994,0.04040774857762124
745,Maine,1995,0.039219867211440246
746,Maine,1996,0.03868172300329045
747,Maine,1997,0.0413182573994014
748,Maine,1998,0.04292195121951219
749,Maine,1999,0.04212383900928793
750,Maine,2000,0.03806702898550725
751,Maine,2001,0.04150478542760111
752,Maine,2002,0.0407545958564342
753,Maine,2003,0.03981892166836216
754,Maine,2004,0.0374047032474804
755,Maine,2005,0.03771248513674197
756,Maine,2006,0.03643452115812918
757,Maine,2007,0.03705555555555556
758,Maine,2008,0.036348857081820125
759,Maine,2009,0.03528185812931576
760,Maine,2010,0.037271001615508885
761,Maine,2011,0.03547042449547669
762,Maine,2012,0.03661448349307774
763,Maine,2013,0.03661561423650976
764,Maine,2014,0.035515211640211646
765,Maine,2015,0.03552505195105057
766,Maine,2016,0.034997666277712954
767,Maine,2017,0.03625702345019735
768,Maine,2018,0.03716513111268604
769,Maine,2019,0.03644681850199578
770,Maine,2020,0.04004378698224852
771,Maryland,1980,0.03911851126346719
772,Maryland,1981,0.03608420418006431
773,Maryland,1982,0.03827057210031348
774,Maryland,1983,0.0400841046277666
775,Maryland,1984,0.03587398241615109
776,Maryland,1985,0.0413412625800549
777,Maryland,1986,0.040139830508474576
778,Maryland,1987,0.043454545454545454
779,Maryland,1988,0.04545826086956522
780,Maryland,1989,0.03797056052755535
781,Maryland,1990,0.04232695171240162
782,Maryland,1991,0.04931789259353525
783,Maryland,1992,0.04485083498443249
784,Maryland,1993,0.05076918719909374
785,Maryland,1994,0.048246803779877716
786,Maryland,1995,0.04993821571238349
787,Maryland,1996,0.047065925542916234
788,Maryland,1997,0.04975431952662722
789,Maryland,1998,0.05212493946731235
790,Maryland,1999,0.05033532272325376
791,Maryland,2000,0.044427725927612106
792,Maryland,2001,0.048766871165644175
793,Maryland,2002,0.04856541952623423
794,Maryland,2003,0.0438599269183922
795,Maryland,2004,0.045395119418483905
796,Maryland,2005,0.04607836001940806
797,Maryland,2006,0.045850444444444444
798,Maryland,2007,0.047693903471634214
799,Maryland,2008,0.04531511456800504
800,Maryland,2009,0.041508340283569645
801,Maryland,2010,0.04786263736263736
802,Maryland,2011,0.04528158362989324
803,Maryland,2012,0.04650883392226148
804,Maryland,2013,0.042716535433070864
805,Maryland,2014,0.042527196652719666
806,Maryland,2015,0.04382900919305414
807,Maryland,2016,0.043785279685966634
808,Maryland,2017,0.04273303916161059
809,Maryland,2018,0.04153012939001848
810,Maryland,2019,0.043068971332209105
811,Maryland,2020,0.03748207171314741
812,Massachusetts,1980,0.043844462215113955
813,Massachusetts,1981,0.04038738049713193
814,Massachusetts,1982,0.04029054054054054
815,Massachusetts,1983,0.04785535266738274
816,Massachusetts,1984,0.04419849931787176
817,Massachusetts,1985,0.04321081785597915
818,Massachusetts,1986,0.0381359333585763
819,Massachusetts,1987,0.03935074390629946
820,Massachusetts,1988,0.04489465962441315
821,Massachusetts,1989,0.04180640589569161
822,Massachusetts,1990,0.03929418282548477
823,Massachusetts,1991,0.041650719026548676
824,Massachusetts,1992,0.039632253005750136
825,Massachusetts,1993,0.0403758769562871
826,Massachusetts,1994,0.04141903584672435
827,Massachusetts,1995,0.03964966535887376
828,Massachusetts,1996,0.039188895979578815
829,Massachusetts,1997,0.03999382276075077
830,Massachusetts,1998,0.04093320235756385
831,Massachusetts,1999,0.042347749114820435
832,Massachusetts,2000,0.03876346528228423
833,Massachusetts,2001,0.043338907136458646
834,Massachusetts,2002,0.04393124065769805
835,Massachusetts,2003,0.04191374122367102
836,Massachusetts,2004,0.04038727439583971
837,Massachusetts,2005,0.04292892837312604
838,Massachusetts,2006,0.04099623149394347
839,Massachusetts,2007,0.042306351883080386
840,Massachusetts,2008,0.04157441040932502
841,Massachusetts,2009,0.038926900584795324
842,Massachusetts,2010,0.041227393296358814
843,Massachusetts,2011,0.039135822262940906
844,Massachusetts,2012,0.0401547619047619
845,Massachusetts,2013,0.037852884982804744
846,Massachusetts,2014,0.03634772908366534
847,Massachusetts,2015,0.036475342973674454
848,Massachusetts,2016,0.03728591450595655
849,Massachusetts,2017,0.037798226950354605
850,Massachusetts,2018,0.03654455800609647
851,Massachusetts,2019,0.037176606641334875
852,Massachusetts,2020,0.03627266962587191
853,Michigan,1980,0.03443759848723606
854,Michigan,1981,0.03392455830388693
855,Michigan,1982,0.037128338614757804
856,Michigan,1983,0.037561195445920306
857,Michigan,1984,0.03424408866995074
858,Michigan,1985,0.03554866128346791
859,Michigan,1986,0.034996966868875413
860,Michigan,1987,0.03915240756663801
861,Michigan,1988,0.04496859353664088
862,Michigan,1989,0.044563607807942565
863,Michigan,1990,0.04159676858929812
864,Michigan,1991,0.046236688851913475
865,Michigan,1992,0.03964313725490196
866,Michigan,1993,0.04070292766934558
867,Michigan,1994,0.04464581614127744
868,Michigan,1995,0.045294086213038834
869,Michigan,1996,0.045261090654041734
870,Michigan,1997,0.04313840262582057
871,Michigan,1998,0.04946116152450091
872,Michigan,1999,0.04822720848056537
873,Michigan,2000,0.04212534209085934
874,Michigan,2001,0.046640187759523374
875,Michigan,2002,0.04745309003270786
876,Michigan,2003,0.0454990714165119
877,Michigan,2004,0.0419047619047619
878,Michigan,2005,0.04684997491219267
879,Michigan,2006,0.04263698630136986
880,Michigan,2007,0.0462128304428355
881,Michigan,2008,0.04384347079037801
882,Michigan,2009,0.0406329220888964
883,Michigan,2010,0.042885732126131754
884,Michigan,2011,0.0416835423440161
885,Michigan,2012,0.04550975312404754
886,Michigan,2013,0.04205893074119076
887,Michigan,2014,0.04114482126489459
888,Michigan,2015,0.04142979635584137
889,Michigan,2016,0.04136904259805989
890,Michigan,2017,0.039643146796431473
891,Michigan,2018,0.0394661487236404
892,Michigan,2019,0.038578074287774974
893,Michigan,2020,0.03614207275223061
894,Minnesota,1980,0.037405784003615
895,Minnesota,1981,0.03296834457706279
896,Minnesota,1982,0.033552845528455284
897,Minnesota,1983,0.03670451127819549
898,Minnesota,1984,0.03501329955668144
899,Minnesota,1985,0.035623598820059
900,Minnesota,1986,0.03261375274323336
901,Minnesota,1987,0.03734656796769852
902,Minnesota,1988,0.04222573687994249
903,Minnesota,1989,0.038487221315932574
904,Minnesota,1990,0.03420788043478261
905,Minnesota,1991,0.03491784914115011
906,Minnesota,1992,0.03385564120532586
907,Minnesota,1993,0.03291460234680574
908,Minnesota,1994,0.03609582863585119
909,Minnesota,1995,0.03700389972144846
910,Minnesota,1996,0.03708390804597701
911,Minnesota,1997,0.036190527448869754
912,Minnesota,1998,0.037617357001972385
913,Minnesota,1999,0.037042216358839045
914,Minnesota,2000,0.039654114365411434
915,Minnesota,2001,0.03886752411575563
916,Minnesota,2002,0.041015625
917,Minnesota,2003,0.043536999595632835
918,Minnesota,2004,0.037621336845571285
919,Minnesota,2005,0.04220551855375833
920,Minnesota,2006,0.042139127561136816
921,Minnesota,2007,0.04003088803088803
922,Minnesota,2008,0.039265754296626355
923,Minnesota,2009,0.0386053725615606
924,Minnesota,2010,0.038480298507462686
925,Minnesota,2011,0.03774866310160428
926,Minnesota,2012,0.03847647673810769
927,Minnesota,2013,0.037514271407110666
928,Minnesota,2014,0.035516308470290775
929,Minnesota,2015,0.036376333656644035
930,Minnesota,2016,0.03336221025520956
931,Minnesota,2017,0.03572528433945757
932,Minnesota,2018,0.03650935700575816
933,Minnesota,2019,0.03566339799616287
934,Minnesota,2020,0.03594246260069045
935,Mississippi,1980,0.044224008574490895
936,Mississippi,1981,0.04451338766006985
937,Mississippi,1982,0.04443174603174603
938,Mississippi,1983,0.0464949083503055
939,Mississippi,1984,0.045786545924967656
940,Mississippi,1985,0.042701778385772916
941,Mississippi,1986,0.04587611749680715
942,Mississippi,1987,0.047687394957983194
943,Mississippi,1988,0.0475510752688172
944,Mississippi,1989,0.041885564092195716
945,Mississippi,1990,0.04785046113306983
946,Mississippi,1991,0.04188164493480441
947,Mississippi,1992,0.04224473147518695
948,Mississippi,1993,0.04259871682706328
949,Mississippi,1994,0.042850529500756435
950,Mississippi,1995,0.04716692619121769
951,Mississippi,1996,0.044421438547486036
952,Mississippi,1997,0.04867704280155642
953,Mississippi,1998,0.051252827140549274
954,Mississippi,1999,0.052427166788055354
955,Mississippi,2000,0.05200966666666666
956,Mississippi,2001,0.0467337537702221
957,Mississippi,2002,0.0428538961038961
958,Mississippi,2003,0.04490770901194354
959,Mississippi,2004,0.04407838983050848
960,Mississippi,2005,0.04790616621983914
961,Mississippi,2006,0.048652116402116405
962,Mississippi,2007,0.045427642276422764
963,Mississippi,2008,0.0425976148409894
964,Mississippi,2009,0.03975432944019331
965,Mississippi,2010,0.0434678431372549
966,Mississippi,2011,0.04400947867298578
967,Mississippi,2012,0.04318765432098765
968,Mississippi,2013,0.03969139344262295
969,Mississippi,2014,0.03910784708249497
970,Mississippi,2015,0.03772827804107425
971,Mississippi,2016,0.04019680436477007
972,Mississippi,2017,0.03780664294187426
973,Mississippi,2018,0.0392813117344923
974,Mississippi,2019,0.03916175359032502
975,Mississippi,2020,0.03707218683651804
976,Missouri,1980,0.03587249255213505
977,Missouri,1981,0.03542235539343408
978,Missouri,1982,0.038268171976492425
979,Missouri,1983,0.03978013665202538
980,Missouri,1984,0.04014316860465117
981,Missouri,1985,0.038270715835140995
982,Missouri,1986,0.03795145631067961
983,Missouri,1987,0.0411871178149205
984,Missouri,1988,0.046266203703703705
985,Missouri,1989,0.039297600913937546
986,Missouri,1990,0.036581999219055056
987,Missouri,1991,0.03976343269413328
988,Missouri,1992,0.03803746512554803
989,Missouri,1993,0.038915315699658705
990,Missouri,1994,0.04563251426064063
991,Missouri,1995,0.04921380471380472
992,Missouri,1996,0.04727527961652591
993,Missouri,1997,0.046161536681323764
994,Missouri,1998,0.04768704640422256
995,Missouri,1999,0.05018189865014384
996,Missouri,2000,0.04750199203187251
997,Missouri,2001,0.048186693368936356
998,Missouri,2002,0.04836323366555925
999,Missouri,2003,0.0474044558697515
1000,Missouri,2004,0.04288812734910458
1001,Missouri,2005,0.05161675298356226
1002,Missouri,2006,0.04927852852852853
1003,Missouri,2007,0.05004078587416066
1004,Missouri,2008,0.04487438118811881
1005,Missouri,2009,0.042847718631178706
1006,Missouri,2010,0.047100282220131705
1007,Missouri,2011,0.046962493831222245
1008,Missouri,2012,0.04981563915698247
1009,Missouri,2013,0.04347135114208285
1010,Missouri,2014,0.04197011183956807
1011,Missouri,2015,0.04075164792555254
1012,Missouri,2016,0.040670857711938256
1013,Missouri,2017,0.04326924749891257
1014,Missouri,2018,0.042810718152291594
1015,Missouri,2019,0.041342737629049484
1016,Missouri,2020,0.03511526315789473
1017,Montana,1980,0.03650671140939597
1018,Montana,1981,0.03340185471406491
1019,Montana,1982,0.03497413793103449
1020,Montana,1983,0.040400611620795106
1021,Montana,1988,0.03348024316109423
1022,Montana,1989,0.03463157894736842
1023,Montana,1990,0.03643502824858757
1024,Montana,1991,0.03544134078212291
1025,Montana,1992,0.03258404558404558
1026,Montana,1993,0.031185507246376813
1027,Montana,1994,0.03547058823529412
1028,Montana,1995,0.03079047619047619
1029,Montana,1996,0.03509174311926606
1030,Montana,1997,0.028134146341463415
1031,Montana,1998,0.03479310344827587
1032,Montana,1999,0.03529565217391304
1033,Montana,2000,0.03292
1034,Montana,2001,0.03374385245901639
1035,Montana,2002,0.0350859375
1036,Montana,2003,0.036558282208588956
1037,Montana,2004,0.03422222222222222
1038,Montana,2005,0.03542730496453901
1039,Montana,2006,0.038107296137339056
1040,Montana,2007,0.037226190476190475
1041,Montana,2008,0.0345531914893617
1042,Montana,2009,0.038205776173285196
1043,Montana,2010,0.037079545454545455
1044,Montana,2011,0.038289473684210526
1045,Montana,2012,0.036318907563025214
1046,Montana,2013,0.03725528105979234
1047,Montana,2014,0.03704347826086957
1048,Montana,2015,0.037229734641948384
1049,Montana,2016,0.03617218309859155
1050,Montana,2017,0.03976024664490388
1051,Montana,2018,0.03879569120287253
1052,Montana,2019,0.036549053959355295
1053,Montana,2020,0.037834002677376175
1054,Nebraska,1980,0.03696660482374768
1055,Nebraska,1981,0.024561074918566777
1056,Nebraska,1982,0.026859621451104102
1057,Nebraska,1983,0.028404966571155682
1058,Nebraska,1984,0.028518272425249167
1059,Nebraska,1985,0.03509414225941422
1060,Nebraska,1986,0.03206711979609176
1061,Nebraska,1987,0.030720800000000003
1062,Nebraska,1988,0.038482926829268294
1063,Nebraska,1989,0.036241502683363146
1064,Nebraska,1990,0.03328060768543342
1065,Nebraska,1991,0.034163701067615654
1066,Nebraska,1992,0.03179133064516129
1067,Nebraska,1993,0.029739545997610514
1068,Nebraska,1994,0.033926417370325694
1069,Nebraska,1995,0.03345652173913043
1070,Nebraska,1996,0.03402478314745973
1071,Nebraska,1997,0.0332992700729927
1072,Nebraska,1998,0.032623681125439626
1073,Nebraska,1999,0.036309782608695655
1074,Nebraska,2000,0.0384875
1075,Nebraska,2001,0.03583098591549296
1076,Nebraska,2002,0.03756829268292683
1077,Nebraska,2003,0.03804062126642772
1078,Nebraska,2004,0.039931956257594166
1079,Nebraska,2005,0.04142601431980907
1080,Nebraska,2006,0.038113
1081,Nebraska,2007,0.03780985915492958
1082,Nebraska,2008,0.036825554705432285
1083,Nebraska,2009,0.034846681922196796
1084,Nebraska,2010,0.03756235997012696
1085,Nebraska,2011,0.038521449704142015
1086,Nebraska,2012,0.04284168336673347
1087,Nebraska,2013,0.03870941438102298
1088,Nebraska,2014,0.038603150787696924
1089,Nebraska,2015,0.03888307692307692
1090,Nebraska,2016,0.038098335854765505
1091,Nebraska,2017,0.037829250720461095
1092,Nebraska,2018,0.03718963068181818
1093,Nebraska,2019,0.03665840220385675
1094,Nebraska,2020,0.032
1095,Nevada,1980,0.035914859437751
1096,Nevada,1981,0.036512278697886924
1097,Nevada,1982,0.04149768786127168
1098,Nevada,1983,0.03536784241868988
1099,Nevada,1984,0.041805855855855854
1100,Nevada,1985,0.04111833489242282
1101,Nevada,1986,0.04395539419087137
1102,Nevada,1987,0.043726153846153845
1103,Nevada,1988,0.046649063032367974
1104,Nevada,1989,0.041331337325349306
1105,Nevada,1990,0.03788828967642527
1106,Nevada,1991,0.04083516900873529
1107,Nevada,1992,0.04098875289447569
1108,Nevada,1993,0.039906674720628206
1109,Nevada,1994,0.043438709677419356
1110,Nevada,1995,0.04084387132556849
1111,Nevada,1996,0.043718137950610275
1112,Nevada,1997,0.04126607142857143
1113,Nevada,1998,0.04466235093696763
1114,Nevada,1999,0.045887474610697365
1115,Nevada,2000,0.04436263736263736
1116,Nevada,2001,0.045320106783157385
1117,Nevada,2002,0.045567481024667934
1118,Nevada,2003,0.04522739018087855
1119,Nevada,2004,0.044445417618684945
1120,Nevada,2005,0.044555318615153036
1121,Nevada,2006,0.046563155136268346
1122,Nevada,2007,0.045820248203788376
1123,Nevada,2008,0.045246611745947386
1124,Nevada,2009,0.04477766027759418
1125,Nevada,2010,0.046582781456953645
1126,Nevada,2011,0.04673548476072266
1127,Nevada,2012,0.04830214765100671
1128,Nevada,2013,0.04611814946619217
1129,Nevada,2014,0.04669236063317275
1130,Nevada,2015,0.045641136190717725
1131,Nevada,2016,0.04559121287128713
1132,Nevada,2017,0.04631345100426049
1133,Nevada,2018,0.04712725121598528
1134,Nevada,2019,0.04491780999223402
1135,Nevada,2020,0.03967637178051511
1136,New Hampshire,1980,0.040418426103646835
1137,New Hampshire,1981,0.0340175644028103
1138,New Hampshire,1982,0.0382578947368421
1139,New Hampshire,1983,0.03667199148029819
1140,New Hampshire,1984,0.033940476190476195
1141,New Hampshire,1985,0.035764763779527566
1142,New Hampshire,1986,0.03505329457364341
1143,New Hampshire,1987,0.03361698717948718
1144,New Hampshire,1988,0.044555226824457596
1145,New Hampshire,1989,0.04146654099905749
1146,New Hampshire,1990,0.03974710743801653
1147,New Hampshire,1991,0.04112057971014493
1148,New Hampshire,1992,0.0383900826446281
1149,New Hampshire,1993,0.03774564994882292
1150,New Hampshire,1994,0.040679466666666664
1151,New Hampshire,1995,0.038957224830464265
1152,New Hampshire,1996,0.03920376175548589
1153,New Hampshire,1997,0.04037220749716017
1154,New Hampshire,1998,0.04001335453100159
1155,New Hampshire,1999,0.04036619718309859
1156,New Hampshire,2000,0.03651115044247788
1157,New Hampshire,2001,0.04306273909716909
1158,New Hampshire,2002,0.04332578573842514
1159,New Hampshire,2003,0.04217341040462427
1160,New Hampshire,2004,0.040589803012746235
1161,New Hampshire,2005,0.04112651515151515
1162,New Hampshire,2006,0.039652694610778444
1163,New Hampshire,2007,0.04072144212523719
1164,New Hampshire,2008,0.04017338709677419
1165,New Hampshire,2009,0.03580252100840336
1166,New Hampshire,2010,0.03947195121951219
1167,New Hampshire,2011,0.03769897209985316
1168,New Hampshire,2012,0.03873921911421911
1169,New Hampshire,2013,0.03827967337416156
1170,New Hampshire,2014,0.03760352673492605
1171,New Hampshire,2015,0.037393006993006996
1172,New Hampshire,2016,0.03719866258010588
1173,New Hampshire,2017,0.037568138715795174
1174,New Hampshire,2018,0.03699911971830986
1175,New Hampshire,2019,0.036152317880794704
1176,New Hampshire,2020,0.038320341047503044
1177,New Jersey,1980,0.047687972867205844
1178,New Jersey,1981,0.03682068965517242
1179,New Jersey,1982,0.04154192546583851
1180,New Jersey,1983,0.04340444348576359
1181,New Jersey,1984,0.03907563025210084
1182,New Jersey,1985,0.043052847193773044
1183,New Jersey,1986,0.04012896360927857
1184,New Jersey,1987,0.04288742487286177
1185,New Jersey,1988,0.04264026903883706
1186,New Jersey,1989,0.03831510416666667
1187,New Jersey,1990,0.038504341400332535
1188,New Jersey,1991,0.04147755834829443
1189,New Jersey,1992,0.035210638676392104
1190,New Jersey,1993,0.03921804243180602
1191,New Jersey,1994,0.03880077301475756
1192,New Jersey,1995,0.03856956904133685
1193,New Jersey,1996,0.03774144486692015
1194,New Jersey,1997,0.03913000702740689
1195,New Jersey,1998,0.04119478584729982
1196,New Jersey,1999,0.04260337124289196
1197,New Jersey,2000,0.03900958133722141
1198,New Jersey,2001,0.042092621975406586
1199,New Jersey,2002,0.04280402104472003
1200,New Jersey,2003,0.03935475475475476
1201,New Jersey,2004,0.03851167986999797
1202,New Jersey,2005,0.04061022105049686
1203,New Jersey,2006,0.04020058079236673
1204,New Jersey,2007,0.04125837628865979
1205,New Jersey,2008,0.04007458677685951
1206,New Jersey,2009,0.03669775051124744
1207,New Jersey,2010,0.04175289499509323
1208,New Jersey,2011,0.03914488250145659
1209,New Jersey,2012,0.0398919914679077
1210,New Jersey,2013,0.038620207055214725
1211,New Jersey,2014,0.03794779342723005
1212,New Jersey,2015,0.03914997191537165
1213,New Jersey,2016,0.03888447789275635
1214,New Jersey,2017,0.03715687705217074
1215,New Jersey,2018,0.037107549317147194
1216,New Jersey,2019,0.03864481953672114
1217,New Jersey,2020,0.03378523489932886
1218,New Mexico,1980,0.03740999490056094
1219,New Mexico,1981,0.04339166666666667
1220,New Mexico,1982,0.041573264781491
1221,New Mexico,1983,0.04079367414490622
1222,New Mexico,1984,0.0423434800493624
1223,New Mexico,1985,0.041810917721518986
1224,New Mexico,1986,0.040440044826298094
1225,New Mexico,1987,0.04324643125469572
1226,New Mexico,1988,0.04387239944521498
1227,New Mexico,1989,0.043601988454137264
1228,New Mexico,1990,0.04319767111616018
1229,New Mexico,1991,0.04285918253079507
1230,New Mexico,1992,0.042967348022298915
1231,New Mexico,1993,0.041325638506876226
1232,New Mexico,1994,0.04303401688781665
1233,New Mexico,1995,0.04182333751568381
1234,New Mexico,1996,0.04459298752936924
1235,New Mexico,1997,0.04430288784419073
1236,New Mexico,1998,0.046454735152487964
1237,New Mexico,1999,0.04740862124636745
1238,New Mexico,2000,0.04671742635204455
1239,New Mexico,2001,0.046525488467753784
1240,New Mexico,2002,0.04641047848928014
1241,New Mexico,2003,0.047616489600478824
1242,New Mexico,2004,0.04468297872340425
1243,New Mexico,2005,0.044971514047866805
1244,New Mexico,2006,0.04550919700621591
1245,New Mexico,2007,0.04545294855708908
1246,New Mexico,2008,0.044839575245489836
1247,New Mexico,2009,0.0428189990281827
1248,New Mexico,2010,0.04446959498003423
1249,New Mexico,2011,0.04636678239444507
1250,New Mexico,2012,0.047436211114994756
1251,New Mexico,2013,0.0463658651026393
1252,New Mexico,2014,0.04435679611650486
1253,New Mexico,2015,0.044375296208530805
1254,New Mexico,2016,0.04592142530835998
1255,New Mexico,2017,0.04717603160667252
1256,New Mexico,2018,0.04880859146697837
1257,New Mexico,2019,0.04692042920847269
1258,New Mexico,2020,0.040627233518176216
1259,New York,1980,0.03557547296390715
1260,New York,1981,0.03242649365464138
1261,New York,1982,0.03389140762861409
1262,New York,1983,0.036209292532285234
1263,New York,1984,0.033398947368421056
1264,New York,1985,0.03567027528611197
1265,New York,1986,0.035139486260454
1266,New York,1987,0.03837548464062034
1267,New York,1988,0.039816554467564255
1268,New York,1989,0.03680885709937605
1269,New York,1990,0.03581963839482581
1270,New York,1991,0.0394393691588785
1271,New York,1992,0.035173922775601565
1272,New York,1993,0.037214464928548054
1273,New York,1994,0.03860854440700076
1274,New York,1995,0.03815160529285055
1275,New York,1996,0.03763253075386395
1276,New York,1997,0.038227258711069995
1277,New York,1998,0.03958308498612681
1278,New York,1999,0.039691275167785235
1279,New York,2000,0.03570971820809248
1280,New York,2001,0.03929358483518536
1281,New York,2002,0.04069156253027221
1282,New York,2003,0.03886445379758944
1283,New York,2004,0.03648892850440983
1284,New York,2005,0.03930201218386561
1285,New York,2006,0.03700913849702777
1286,New York,2007,0.03857159743329956
1287,New York,2008,0.03727804759592035
1288,New York,2009,0.03610087173100872
1289,New York,2010,0.03887130270610447
1290,New York,2011,0.03695901708322814
1291,New York,2012,0.03705971397507736
1292,New York,2013,0.03665881334743725
1293,New York,2014,0.03620201635914019
1294,New York,2015,0.03676370782208589
1295,New York,2016,0.03768821992062724
1296,New York,2017,0.037059119984493114
1297,New York,2018,0.03683058681672026
1298,New York,2019,0.03619005361434646
1299,New York,2020,0.034936
1300,North Carolina,1980,0.0485
1301,North Carolina,1981,0.04634037819799778
1302,North Carolina,1982,0.043889092575618696
1303,North Carolina,1983,0.05115659472422063
1304,North Carolina,1984,0.04752947719688543
1305,North Carolina,1985,0.048934056007226744
1306,North Carolina,1986,0.05119979367262724
1307,North Carolina,1987,0.05308816425120773
1308,North Carolina,1988,0.055901008492569
1309,North Carolina,1989,0.05048337261063105
1310,North Carolina,1990,0.053351234300563016
1311,North Carolina,1991,0.04936055532870559
1312,North Carolina,1992,0.04708820784069695
1313,North Carolina,1993,0.05373198762339767
1314,North Carolina,1994,0.048882981366459625
1315,North Carolina,1995,0.05057347836149039
1316,North Carolina,1996,0.05255820459798078
1317,North Carolina,1997,0.053816240157480315
1318,North Carolina,1998,0.05633274802458296
1319,North Carolina,1999,0.054076249774408953
1320,North Carolina,2000,0.052082033659353245
1321,North Carolina,2001,0.05196492728828058
1322,North Carolina,2002,0.052001769441741126
1323,North Carolina,2003,0.04757943762514146
1324,North Carolina,2004,0.04465047007353626
1325,North Carolina,2005,0.04862980152068727
1326,North Carolina,2006,0.04846658259773014
1327,North Carolina,2007,0.0516991738676289
1328,North Carolina,2008,0.047227737817850265
1329,North Carolina,2009,0.04147388167388167
1330,North Carolina,2010,0.047873369148119724
1331,North Carolina,2011,0.04741225844231895
1332,North Carolina,2012,0.04433213678443227
1333,North Carolina,2013,0.039991643454038994
1334,North Carolina,2014,0.0425474181885603
1335,North Carolina,2015,0.04273110224730032
1336,North Carolina,2016,0.04325491220735786
1337,North Carolina,2017,0.042105391917017315
1338,North Carolina,2018,0.041935195645476014
1339,North Carolina,2019,0.043214366515837106
1340,North Carolina,2020,0.0398489552238806
1341,North Dakota,1980,0.038217432950191574
1342,North Dakota,1981,0.037182707993474715
1343,North Dakota,1982,0.03470155902004454
1344,North Dakota,1983,0.0376622746185853
1345,North Dakota,1984,0.03820940484937546
1346,North Dakota,1985,0.03784282624369142
1347,North Dakota,1986,0.03780838815789474
1348,North Dakota,1987,0.03943478260869565
1349,North Dakota,1988,0.04391989881956155
1350,North Dakota,1989,0.043368421052631584
1351,North Dakota,1990,0.03913741496598639
1352,North Dakota,1991,0.039850746268656714
1353,North Dakota,1992,0.038243930635838155
1354,North Dakota,1993,0.035893656716417914
1355,North Dakota,1994,0.03820862470862471
1356,North Dakota,1995,0.03678752107925801
1357,North Dakota,1996,0.039171952078928825
1358,North Dakota,1997,0.03898528381219341
1359,North Dakota,1998,0.03808464939987365
1360,North Dakota,1999,0.0372905982905983
1361,North Dakota,2000,0.035940391034811635
1362,North Dakota,2001,0.0372797783933518
1363,North Dakota,2002,0.03677684407096172
1364,North Dakota,2003,0.03809989316239316
1365,North Dakota,2004,0.03444844928751048
1366,North Dakota,2005,0.035482128982128984
1367,North Dakota,2006,0.03833509700176367
1368,North Dakota,2007,0.03606539413220219
1369,North Dakota,2008,0.03760710553814002
1370,North Dakota,2009,0.036173574211831386
1371,North Dakota,2010,0.038256211180124226
1372,North Dakota,2011,0.03794860166288738
1373,North Dakota,2012,0.036745299751684994
1374,North Dakota,2013,0.03808968609865471
1375,North Dakota,2014,0.03640460422579628
1376,North Dakota,2015,0.03667639327024185
1377,North Dakota,2016,0.033901712779973656
1378,North Dakota,2017,0.03690486671557838
1379,North Dakota,2018,0.03709389083625438
1380,North Dakota,2019,0.035994689325544345
1381,North Dakota,2020,0.03425383707201889
1382,Ohio,1980,0.03495075092646772
1383,Ohio,1981,0.03368548542752364
1384,Ohio,1982,0.03773615665698491
1385,Ohio,1983,0.03789486893474624
1386,Ohio,1984,0.03468025047212007
1387,Ohio,1985,0.03673943254198032
1388,Ohio,1986,0.03890682826533925
1389,Ohio,1987,0.04655994591346154
1390,Ohio,1988,0.05019164286787915
1391,Ohio,1989,0.04582846452727011
1392,Ohio,1990,0.043419564002235886
1393,Ohio,1991,0.04930058467320944
1394,Ohio,1992,0.04298828874305906
1395,Ohio,1993,0.045547409200968524
1396,Ohio,1994,0.04767108777747076
1397,Ohio,1995,0.04867246214245653
1398,Ohio,1996,0.04748721716132824
1399,Ohio,1997,0.04618858768406962
1400,Ohio,1998,0.050889502285862157
1401,Ohio,1999,0.05012733504712939
1402,Ohio,2000,0.04605990906659534
1403,Ohio,2001,0.04877767573885457
1404,Ohio,2002,0.05037742728737386
1405,Ohio,2003,0.046047686892390215
1406,Ohio,2004,0.04323617753167212
1407,Ohio,2005,0.048286411507834574
1408,Ohio,2006,0.044924797268459236
1409,Ohio,2007,0.04844686331533029
1410,Ohio,2008,0.045667061010647284
1411,Ohio,2009,0.04172191418578862
1412,Ohio,2010,0.04689886051734176
1413,Ohio,2011,0.04384931389365352
1414,Ohio,2012,0.04746212515167274
1415,Ohio,2013,0.041439604304061094
1416,Ohio,2014,0.04190307451797811
1417,Ohio,2015,0.04234841001646304
1418,Ohio,2016,0.04352865032792544
1419,Ohio,2017,0.04193394042290477
1420,Ohio,2018,0.04180074587107086
1421,Ohio,2019,0.04275658596010355
1422,Ohio,2020,0.03613509749303621
1423,Oklahoma,1980,0.040451265822784806
1424,Oklahoma,1981,0.0408873527905786
1425,Oklahoma,1982,0.038064008983717014
1426,Oklahoma,1983,0.03848538263112639
1427,Oklahoma,1984,0.04209733059548255
1428,Oklahoma,1985,0.03960035056967572
1429,Oklahoma,1986,0.03782746926663841
1430,Oklahoma,1987,0.04163334827431645
1431,Oklahoma,1988,0.04563860277653381
1432,Oklahoma,1989,0.04380574948665298
1433,Oklahoma,1990,0.04276152304609218
1434,Oklahoma,1991,0.0419724393253805
1435,Oklahoma,1992,0.03932342306147047
1436,Oklahoma,1993,0.03791981907894737
1437,Oklahoma,1994,0.042233909525560866
1438,Oklahoma,1995,0.04368365102639296
1439,Oklahoma,1996,0.04249942418426104
1440,Oklahoma,1997,0.04284610611231771
1441,Oklahoma,1998,0.04639620830333573
1442,Oklahoma,1999,0.04479914422350868
1443,Oklahoma,2000,0.04420586897179254
1444,Oklahoma,2001,0.045371376071866074
1445,Oklahoma,2002,0.04270537124802527
1446,Oklahoma,2003,0.04461475761475761
1447,Oklahoma,2004,0.041249490142760026
1448,Oklahoma,2005,0.044670551449687325
1449,Oklahoma,2006,0.04680701516793066
1450,Oklahoma,2007,0.041306196840826245
1451,Oklahoma,2008,0.042139271959249595
1452,Oklahoma,2009,0.041274744452754926
1453,Oklahoma,2010,0.04192530313429421
1454,Oklahoma,2011,0.04732106866651043
1455,Oklahoma,2012,0.04577216764084069
1456,Oklahoma,2013,0.0418396995161701
1457,Oklahoma,2014,0.040672281215671915
1458,Oklahoma,2015,0.03982408532469286
1459,Oklahoma,2016,0.04049726640159046
1460,Oklahoma,2017,0.04127264117438144
1461,Oklahoma,2018,0.040450645930013795
1462,Oklahoma,2019,0.04002120569524387
1463,Oklahoma,2020,0.03527798098024872
1464,Oregon,1980,0.03002759043531576
1465,Oregon,1981,0.031010045203415368
1466,Oregon,1982,0.031852567121997175
1467,Oregon,1983,0.029651462568170552
1468,Oregon,1984,0.029818607372732592
1469,Oregon,1985,0.03262477980035232
1470,Oregon,1986,0.033242607526881726
1471,Oregon,1987,0.039513748191027494
1472,Oregon,1988,0.03665716829919857
1473,Oregon,1989,0.03432322426177175
1474,Oregon,1990,0.036153217568947904
1475,Oregon,1991,0.03673918575063613
1476,Oregon,1992,0.041349770642201834
1477,Oregon,1993,0.032841743119266055
1478,Oregon,1994,0.03932402234636872
1479,Oregon,1995,0.03721971252566735
1480,Oregon,1996,0.04172393247269116
1481,Oregon,1997,0.036438814531548756
1482,Oregon,1998,0.038535783365570606
1483,Oregon,1999,0.035889872173058016
1484,Oregon,2000,0.035049079754601226
1485,Oregon,2001,0.037000958772770855
1486,Oregon,2002,0.038794779477947794
1487,Oregon,2003,0.04107354260089686
1488,Oregon,2004,0.03521594684385382
1489,Oregon,2005,0.03518195718654434
1490,Oregon,2006,0.039433444259567386
1491,Oregon,2007,0.034738301559792024
1492,Oregon,2008,0.03529422169811321
1493,Oregon,2009,0.03757125748502994
1494,Oregon,2010,0.03398250728862974
1495,Oregon,2011,0.03466412661195779
1496,Oregon,2012,0.03827172011661807
1497,Oregon,2013,0.03521620046620046
1498,Oregon,2014,0.03599485066941298
1499,Oregon,2015,0.03727928363988384
1500,Oregon,2016,0.03323171330387825
1501,Oregon,2017,0.0378459595959596
1502,Oregon,2018,0.035282438770192805
1503,Oregon,2019,0.03299543610547668
1504,Oregon,2020,0.028743169398907104
1505,Pennsylvania,1980,0.03766295743948606
1506,Pennsylvania,1981,0.0349545112377675
1507,Pennsylvania,1982,0.03773125826467297
1508,Pennsylvania,1983,0.039517658632562715
1509,Pennsylvania,1984,0.03596376526191414
1510,Pennsylvania,1985,0.0395916761471369
1511,Pennsylvania,1986,0.036822512049900766
1512,Pennsylvania,1987,0.039515572808522165
1513,Pennsylvania,1988,0.04155242943081906
1514,Pennsylvania,1989,0.03642459030759793
1515,Pennsylvania,1990,0.03613988814993954
1516,Pennsylvania,1991,0.04085319164970985
1517,Pennsylvania,1992,0.03511438999767027
1518,Pennsylvania,1993,0.03896467991169978
1519,Pennsylvania,1994,0.04509231735398786
1520,Pennsylvania,1995,0.04588244897959184
1521,Pennsylvania,1996,0.04414514060187469
1522,Pennsylvania,1997,0.0447681720043181
1523,Pennsylvania,1998,0.04846292327475354
1524,Pennsylvania,1999,0.047428188682309004
1525,Pennsylvania,2000,0.041837183718371834
1526,Pennsylvania,2001,0.04741295166588456
1527,Pennsylvania,2002,0.047648929616510086
1528,Pennsylvania,2003,0.04231184709432795
1529,Pennsylvania,2004,0.04111685428888537
1530,Pennsylvania,2005,0.045368877014006964
1531,Pennsylvania,2006,0.04260721901903484
1532,Pennsylvania,2007,0.04490543018898015
1533,Pennsylvania,2008,0.043698310730430644
1534,Pennsylvania,2009,0.03944921407484241
1535,Pennsylvania,2010,0.045187806249497954
1536,Pennsylvania,2011,0.0395199975425447
1537,Pennsylvania,2012,0.03959084695718738
1538,Pennsylvania,2013,0.038321312967833296
1539,Pennsylvania,2014,0.038129881925522253
1540,Pennsylvania,2015,0.03854423045973929
1541,Pennsylvania,2016,0.038954987435813396
1542,Pennsylvania,2017,0.03806366594360087
1543,Pennsylvania,2018,0.03647965372739303
1544,Pennsylvania,2019,0.03768643843589608
1545,Pennsylvania,2020,0.03308719008264463
1546,Puerto Rico,1981,0.015576923076923077
1547,Puerto Rico,1982,0.009376146788990826
1548,Puerto Rico,1983,0.006853932584269663
1549,Puerto Rico,1984,0.018170731707317072
1550,Puerto Rico,1986,0.027048387096774193
1551,Puerto Rico,1987,0.02658892128279883
1552,Puerto Rico,1988,0.024594462540716615
1553,Puerto Rico,1989,0.026723076923076926
1554,Puerto Rico,1990,0.01849342105263158
1555,Puerto Rico,1991,0.024353658536585367
1556,Puerto Rico,1992,0.02551754385964912
1557,Puerto Rico,1993,0.0053076923076923075
1558,Puerto Rico,1997,0.015942708333333333
1559,Puerto Rico,1998,0.013406417112299465
1560,Puerto Rico,1999,0.023370212765957448
1561,Puerto Rico,2000,0.025050179211469535
1562,Puerto Rico,2001,0.022554347826086955
1563,Puerto Rico,2002,0.028874285714285713
1564,Puerto Rico,2004,0.01286153846153846
1565,Puerto Rico,2005,0.01436038961038961
1566,Puerto Rico,2006,0.01184012539184953
1567,Puerto Rico,2007,0.018473804100227788
1568,Puerto Rico,2008,0.02273478260869565
1569,Puerto Rico,2009,0.02163150074294205
1570,Puerto Rico,2010,0.01837260677466863
1571,Puerto Rico,2011,0.020279141104294476
1572,Puerto Rico,2012,0.020806547619047617
1573,Puerto Rico,2013,0.009604379562043795
1574,Puerto Rico,2014,0.015290240811153358
1575,Puerto Rico,2015,0.01733170731707317
1576,Puerto Rico,2016,0.01441766109785203
1577,Puerto Rico,2017,0.015436991869918698
1578,Puerto Rico,2018,0.0059366515837104075
1579,Puerto Rico,2019,0.00963317384370016
1580,Rhode Island,1980,0.042801204819277114
1581,Rhode Island,1981,0.038882800608828004
1582,Rhode Island,1982,0.03838679245283019
1583,Rhode Island,1983,0.037934210526315786
1584,Rhode Island,1984,0.043728873239436625
1585,Rhode Island,1985,0.048018575851393186
1586,Rhode Island,1986,0.044604591836734694
1587,Rhode Island,1987,0.04653913043478261
1588,Rhode Island,1988,0.047166233766233766
1589,Rhode Island,1989,0.044511173184357544
1590,Rhode Island,1990,0.04141766109785203
1591,Rhode Island,1991,0.04393842364532019
1592,Rhode Island,1992,0.04048883374689826
1593,Rhode Island,1993,0.04081714285714286
1594,Rhode Island,1994,0.04590637450199204
1595,Rhode Island,1995,0.04474042553191489
1596,Rhode Island,1996,0.04127969348659004
1597,Rhode Island,1997,0.04527272727272728
1598,Rhode Island,1998,0.044832661290322574
1599,Rhode Island,1999,0.045871727748691096
1600,Rhode Island,2000,0.04445227272727273
1601,Rhode Island,2001,0.05290931989924433
1602,Rhode Island,2002,0.052587155963302754
1603,Rhode Island,2003,0.048234042553191483
1604,Rhode Island,2004,0.04577931034482759
1605,Rhode Island,2005,0.04766522678185745
1606,Rhode Island,2006,0.04520190476190476
1607,Rhode Island,2007,0.04772675521821632
1608,Rhode Island,2008,0.046531190926275987
1609,Rhode Island,2009,0.04200773694390716
1610,Rhode Island,2010,0.04609045226130653
1611,Rhode Island,2011,0.04125786163522012
1612,Rhode Island,2012,0.042476368159203984
1613,Rhode Island,2013,0.0422630303030303
1614,Rhode Island,2014,0.040600241545893714
1615,Rhode Island,2015,0.041756272401433696
1616,Rhode Island,2016,0.04090276110444178
1617,Rhode Island,2017,0.04056373193166886
1618,Rhode Island,2018,0.04203648648648649
1619,Rhode Island,2019,0.04190222652468538
1620,Rhode Island,2020,0.037259259259259256
1621,South Carolina,1980,0.04755914673561732
1622,South Carolina,1981,0.04497592152199762
1623,South Carolina,1982,0.03977539469764671
1624,South Carolina,1983,0.04510161507402423
1625,South Carolina,1984,0.04384688710157879
1626,South Carolina,1985,0.04138255472067952
1627,South Carolina,1986,0.044673941625032874
1628,South Carolina,1987,0.04591703345070423
1629,South Carolina,1988,0.04624399224806201
1630,South Carolina,1989,0.03990355107409031
1631,South Carolina,1990,0.04604165966739459
1632,South Carolina,1991,0.039736701710340494
1633,South Carolina,1992,0.03863030303030303
1634,South Carolina,1993,0.04383306320907618
1635,South Carolina,1994,0.04061137659935256
1636,South Carolina,1995,0.042258297016426416
1637,South Carolina,1996,0.04250976851091775
1638,South Carolina,1997,0.044597024579560156
1639,South Carolina,1998,0.04813652952886529
1640,South Carolina,1999,0.04843701713134028
1641,South Carolina,2000,0.04814561062520246
1642,South Carolina,2001,0.04684421951605251
1643,South Carolina,2002,0.04560424469413234
1644,South Carolina,2003,0.041823894368437795
1645,South Carolina,2004,0.04239396284829722
1646,South Carolina,2005,0.04390208613728129
1647,South Carolina,2006,0.04576881720430107
1648,South Carolina,2007,0.047419366074538484
1649,South Carolina,2008,0.04415421273351125
1650,South Carolina,2009,0.03790079799718354
1651,South Carolina,2010,0.04277423257220626
1652,South Carolina,2011,0.04484612651030562
1653,South Carolina,2012,0.041900261324041815
1654,South Carolina,2013,0.03742526359313624
1655,South Carolina,2014,0.039123860021208906
1656,South Carolina,2015,0.03824388835418672
1657,South Carolina,2016,0.04065171979110391
1658,South Carolina,2017,0.03904298444871571
1659,South Carolina,2018,0.03771582539967667
1660,South Carolina,2019,0.043003194888178914
1661,South Carolina,2020,0.036392752203721845
1662,South Dakota,1987,0.029535714285714287
1663,South Dakota,1988,0.040458966565349544
1664,South Dakota,1989,0.03602140672782875
1665,South Dakota,1990,0.03499691358024692
1666,South Dakota,1991,0.035795795795795796
1667,South Dakota,1992,0.039300653594771244
1668,South Dakota,1999,0.035601328903654486
1669,South Dakota,2000,0.03691718426501035
1670,South Dakota,2001,0.04017647058823529
1671,South Dakota,2002,0.04892213114754098
1672,South Dakota,2003,0.045008797653958946
1673,South Dakota,2004,0.04239373970345964
1674,South Dakota,2005,0.041593582887700535
1675,South Dakota,2006,0.041621866295264626
1676,South Dakota,2007,0.0400941512125535
1677,South Dakota,2008,0.03897360343769184
1678,South Dakota,2009,0.036716520039100684
1679,South Dakota,2010,0.03890511977454204
1680,South Dakota,2011,0.038976145930776425
1681,South Dakota,2012,0.0419583931133429
1682,South Dakota,2013,0.040499060150375944
1683,South Dakota,2014,0.038548507462686565
1684,South Dakota,2015,0.03761243571762506
1685,South Dakota,2016,0.037871962616822435
1686,South Dakota,2017,0.038589028358902835
1687,South Dakota,2018,0.03891191957874581
1688,South Dakota,2019,0.039937441643324
1689,South Dakota,2020,0.03696797153024911
1690,Tennessee,1980,0.03658425925925926
1691,Tennessee,1981,0.033533876811594206
1692,Tennessee,1982,0.03494213900134953
1693,Tennessee,1983,0.039383485581228735
1694,Tennessee,1984,0.0382948252816498
1695,Tennessee,1985,0.041814598540145985
1696,Tennessee,1986,0.043088707406364404
1697,Tennessee,1987,0.046778591033851784
1698,Tennessee,1988,0.05082367085225755
1699,Tennessee,1989,0.043487439502189446
1700,Tennessee,1990,0.04861169811320755
1701,Tennessee,1991,0.045087031369548586
1702,Tennessee,1992,0.04217812611328821
1703,Tennessee,1993,0.04644142512077294
1704,Tennessee,1994,0.04589245458162047
1705,Tennessee,1995,0.04928845630274979
1706,Tennessee,1996,0.04913972484952708
1707,Tennessee,1997,0.050703822544642854
1708,Tennessee,1998,0.053821039035591274
1709,Tennessee,1999,0.05514323572280376
1710,Tennessee,2000,0.05095285573609059
1711,Tennessee,2001,0.049643717080511664
1712,Tennessee,2002,0.04869490358126721
1713,Tennessee,2003,0.04611566173682215
1714,Tennessee,2004,0.04504892881824464
1715,Tennessee,2005,0.04869078014184397
1716,Tennessee,2006,0.04859336593101626
1717,Tennessee,2007,0.05347647308181432
1718,Tennessee,2008,0.047933383121732634
1719,Tennessee,2009,0.041967264224473895
1720,Tennessee,2010,0.04848872417599748
1721,Tennessee,2011,0.047196407185628744
1722,Tennessee,2012,0.04720553120749584
1723,Tennessee,2013,0.04177895942408377
1724,Tennessee,2014,0.04221372580387138
1725,Tennessee,2015,0.04135262896002654
1726,Tennessee,2016,0.04477131912058628
1727,Tennessee,2017,0.042422151153004545
1728,Tennessee,2018,0.04172646267652993
1729,Tennessee,2019,0.042187157863589286
1730,Tennessee,2020,0.03577916666666667
1731,Texas,1980,0.04225337798822035
1732,Texas,1981,0.04092644376899696
1733,Texas,1982,0.0423191961807483
1734,Texas,1983,0.045156337465014
1735,Texas,1984,0.04293041786343
1736,Texas,1985,0.041887210284320166
1737,Texas,1986,0.040504613714492495
1738,Texas,1987,0.04295887573964497
1739,Texas,1988,0.043445619047619045
1740,Texas,1989,0.03927118147170918
1741,Texas,1990,0.03953109182935647
1742,Texas,1991,0.037844868517165814
1743,Texas,1992,0.03813626723223754
1744,Texas,1993,0.036481347102056
1745,Texas,1994,0.03963389199255121
1746,Texas,1995,0.04425880312228968
1747,Texas,1996,0.03868257193952203
1748,Texas,1997,0.039263312338963643
1749,Texas,1998,0.04059491694767079
1750,Texas,1999,0.04246351406441092
1751,Texas,2000,0.03988288814285019
1752,Texas,2001,0.03968932382765797
1753,Texas,2002,0.03927624355697104
1754,Texas,2003,0.04096140407245271
1755,Texas,2004,0.03912540064102564
1756,Texas,2005,0.04222767259901894
1757,Texas,2006,0.041557596318827016
1758,Texas,2007,0.038143642401801736
1759,Texas,2008,0.03880886447437731
1760,Texas,2009,0.03817870917973772
1761,Texas,2010,0.03911375361311332
1762,Texas,2011,0.04129889504817888
1763,Texas,2012,0.04021011197309589
1764,Texas,2013,0.0384741382529783
1765,Texas,2014,0.03679161764705882
1766,Texas,2015,0.03675799273050961
1767,Texas,2016,0.037513651489941006
1768,Texas,2017,0.03833189107653223
1769,Texas,2018,0.036675701990107876
1770,Texas,2019,0.03795014245014245
1771,Texas,2020,0.032670613562970935
1772,Utah,1980,0.04018811881188119
1773,Utah,1981,0.03953507625272331
1774,Utah,1982,0.04471232269503546
1775,Utah,1983,0.0429934036939314
1776,Utah,1984,0.048095666394112835
1777,Utah,1985,0.04564193548387097
1778,Utah,1986,0.043566906474820144
1779,Utah,1987,0.04483982365907421
1780,Utah,1988,0.04537404047452896
1781,Utah,1989,0.04390517821116342
1782,Utah,1990,0.040040557667934094
1783,Utah,1991,0.04158040935672514
1784,Utah,1992,0.04590437361008154
1785,Utah,1993,0.04914045416316232
1786,Utah,1994,0.05524512534818942
1787,Utah,1995,0.05205188387893762
1788,Utah,1996,0.05668990929705216
1789,Utah,1997,0.05079127234490011
1790,Utah,1998,0.05563541121005762
1791,Utah,1999,0.05487082728592163
1792,Utah,2000,0.05538127090301003
1793,Utah,2001,0.05531839521980367
1794,Utah,2002,0.055733594089526294
1795,Utah,2003,0.05720327723649247
1796,Utah,2004,0.051068710359408034
1797,Utah,2005,0.05329682702149437
1798,Utah,2006,0.053050571944611685
1799,Utah,2007,0.05345712596096984
1800,Utah,2008,0.04923675310033822
1801,Utah,2009,0.04750635386119257
1802,Utah,2010,0.048761071744907
1803,Utah,2011,0.04841283370858797
1804,Utah,2012,0.04866919365954515
1805,Utah,2013,0.04912910707383069
1806,Utah,2014,0.04605490894153088
1807,Utah,2015,0.04498514724711908
1808,Utah,2016,0.0447080889540567
1809,Utah,2017,0.04673002364066194
1810,Utah,2018,0.04740657476139978
1811,Utah,2019,0.04456038846988326
1812,Utah,2020,0.03959756097560976
1813,Vermont,1980,0.04197520661157025
1814,Vermont,1981,0.037296235679214404
1815,Vermont,1982,0.0406336405529954
1816,Vermont,1983,0.03876178010471204
1817,Vermont,1984,0.04025964010282776
1818,Vermont,1985,0.0437235294117647
1819,Vermont,1986,0.03777241379310345
1820,Vermont,1987,0.042534351145038174
1821,Vermont,1988,0.0461712846347607
1822,Vermont,1989,0.04639851485148515
1823,Vermont,1990,0.044221105527638194
1824,Vermont,1991,0.04504336734693878
1825,Vermont,1992,0.04324310776942356
1826,Vermont,1993,0.04463341645885287
1827,Vermont,1994,0.045774436090225565
1828,Vermont,1995,0.044242206235011995
1829,Vermont,1996,0.04348522167487685
1830,Vermont,1997,0.04529888268156424
1831,Vermont,1998,0.04475529411764706
1832,Vermont,1999,0.04626650366748166
1833,Vermont,2000,0.03823469387755102
1834,Vermont,2001,0.04182352941176471
1835,Vermont,2002,0.04098234349919743
1836,Vermont,2003,0.03864814814814815
1837,Vermont,2004,0.03677513966480447
1838,Vermont,2005,0.04004592592592592
1839,Vermont,2006,0.036376770538243626
1840,Vermont,2007,0.03816269284712483
1841,Vermont,2008,0.037076700434153405
1842,Vermont,2009,0.03559348441926346
1843,Vermont,2010,0.03803725782414307
1844,Vermont,2011,0.03691715976331361
1845,Vermont,2012,0.038376604850213984
1846,Vermont,2013,0.03841630901287554
1847,Vermont,2014,0.03789457831325301
1848,Vermont,2015,0.038399709302325585
1849,Vermont,2016,0.036708669354838706
1850,Vermont,2017,0.03670478983382209
1851,Vermont,2018,0.03624179943767573
1852,Vermont,2019,0.03671959145775301
1853,Vermont,2020,0.038412811387900356
1854,Virgin Islands,1998,0.023450867052023122
1855,Virgin Islands,1999,0.024292613636363636
1856,Virgin Islands,2000,0.02711527377521614
1857,Virgin Islands,2001,0.02159105431309904
1858,Virgin Islands,2002,0.026875
1859,Virgin Islands,2003,0.026476702508960576
1860,Virginia,1980,0.04350836820083682
1861,Virginia,1981,0.0411810463515374
1862,Virginia,1982,0.04221646417059261
1863,Virginia,1983,0.047099208197484865
1864,Virginia,1984,0.042760404949381325
1865,Virginia,1985,0.045993288590604024
1866,Virginia,1986,0.04205780121070104
1867,Virginia,1987,0.04694823304680038
1868,Virginia,1988,0.048110330421572346
1869,Virginia,1989,0.04166547237412785
1870,Virginia,1990,0.04476671078755791
1871,Virginia,1991,0.047450217173404606
1872,Virginia,1992,0.043195153265928425
1873,Virginia,1993,0.04924475743348983
1874,Virginia,1994,0.04706782359496895
1875,Virginia,1995,0.04720364528566421
1876,Virginia,1996,0.04489935181850918
1877,Virginia,1997,0.04792293297039809
1878,Virginia,1998,0.05147747595748271
1879,Virginia,1999,0.05051579955314395
1880,Virginia,2000,0.044809010152284265
1881,Virginia,2001,0.04897547290798333
1882,Virginia,2002,0.050442215088282505
1883,Virginia,2003,0.04435675764013727
1884,Virginia,2004,0.042464377943187
1885,Virginia,2005,0.045067251461988304
1886,Virginia,2006,0.04569666117682288
1887,Virginia,2007,0.04897220123885783
1888,Virginia,2008,0.04516339285714285
1889,Virginia,2009,0.04013246242449782
1890,Virginia,2010,0.047486365889935545
1891,Virginia,2011,0.04532314566577301
1892,Virginia,2012,0.045253588516746414
1893,Virginia,2013,0.040483298538622134
1894,Virginia,2014,0.04190353516359534
1895,Virginia,2015,0.04177146442014698
1896,Virginia,2016,0.041150525525525526
1897,Virginia,2017,0.04122666890869346
1898,Virginia,2018,0.03942286198137172
1899,Virginia,2019,0.041976366322008865
1900,Virginia,2020,0.03928334866605336
1901,Washington,1980,0.026248610409297626
1902,Washington,1981,0.028206262425447316
1903,Washington,1982,0.028332221759066276
1904,Washington,1983,0.02472457820337437
1905,Washington,1984,0.02662715517241379
1906,Washington,1985,0.029473001255755547
1907,Washington,1986,0.02924868835257083
1908,Washington,1987,0.03531147540983607
1909,Washington,1988,0.030029647435897432
1910,Washington,1989,0.029476146788990822
1911,Washington,1990,0.032141868512110726
1912,Washington,1991,0.034482658959537574
1913,Washington,1992,0.034060889929742384
1914,Washington,1993,0.03031818181818182
1915,Washington,1994,0.034706873614190684
1916,Washington,1995,0.03362473882156289
1917,Washington,1996,0.03394023136246787
1918,Washington,1997,0.03156358310959238
1919,Washington,1998,0.03270118137595552
1920,Washington,1999,0.03401201201201201
1921,Washington,2000,0.033470861119164974
1922,Washington,2001,0.034379782270606535
1923,Washington,2002,0.03400362209477815
1924,Washington,2003,0.03841256752914416
1925,Washington,2004,0.033558913224286106
1926,Washington,2005,0.03277308970099668
1927,Washington,2006,0.03605213730569948
1928,Washington,2007,0.032416367786110206
1929,Washington,2008,0.031743418743418746
1930,Washington,2009,0.0346647966339411
1931,Washington,2010,0.03119983207388749
1932,Washington,2011,0.032604915514592936
1933,Washington,2012,0.034908376963350786
1934,Washington,2013,0.03272592113768585
1935,Washington,2014,0.03488274831964152
1936,Washington,2015,0.03729828850855746
1937,Washington,2016,0.034519586894586896
1938,Washington,2017,0.037795964125560536
1939,Washington,2018,0.03679909536373916
1940,Washington,2019,0.03365257595772787
1941,Washington,2020,0.034748520710059176
1942,West Virginia,1980,0.031243430152143842
1943,West Virginia,1981,0.0303621867881549
1944,West Virginia,1982,0.03280769230769231
1945,West Virginia,1983,0.04207454401268834
1946,West Virginia,1984,0.0377000695894224
1947,West Virginia,1985,0.04106453674121406
1948,West Virginia,1986,0.038800472255017704
1949,West Virginia,1987,0.03958816964285714
1950,West Virginia,1988,0.04144841469552089
1951,West Virginia,1989,0.03503046953046953
1952,West Virginia,1990,0.03869642857142857
1953,West Virginia,1991,0.04025256916996047
1954,West Virginia,1992,0.03510575364667747
1955,West Virginia,1993,0.03782061778935616
1956,West Virginia,1994,0.04448175182481752
1957,West Virginia,1995,0.048100746268656715
1958,West Virginia,1996,0.04564559068219634
1959,West Virginia,1997,0.04539178915357324
1960,West Virginia,1998,0.04982753164556962
1961,West Virginia,1999,0.0513555781966378
1962,West Virginia,2000,0.044993058769088386
1963,West Virginia,2001,0.04818538851351351
1964,West Virginia,2002,0.04754920767306088
1965,West Virginia,2003,0.0435109912899212
1966,West Virginia,2004,0.040451245251160825
1967,West Virginia,2005,0.04480082987551867
1968,West Virginia,2006,0.04448517745302714
1969,West Virginia,2007,0.04895796553173602
1970,West Virginia,2008,0.043813209928481284
1971,West Virginia,2009,0.03972468085106383
1972,West Virginia,2010,0.04593832411739685
1973,West Virginia,2011,0.043199481865284974
1974,West Virginia,2012,0.04550771208226221
1975,West Virginia,2013,0.040618482407799916
1976,West Virginia,2014,0.04096170033670034
1977,West Virginia,2015,0.04153820033955857
1978,West Virginia,2016,0.0412062818336163
1979,West Virginia,2017,0.03948667653589933
1980,West Virginia,2018,0.038171067311268125
1981,West Virginia,2019,0.040273206751054856
1982,West Virginia,2020,0.03573289902280131
1983,Wisconsin,1980,0.035810302640051514
1984,Wisconsin,1981,0.03665638592328984
1985,Wisconsin,1982,0.038697651978128016
1986,Wisconsin,1983,0.043128506787330316
1987,Wisconsin,1984,0.04076864616472252
1988,Wisconsin,1985,0.04236973250274826
1989,Wisconsin,1986,0.040823903947607786
1990,Wisconsin,1987,0.04622931526390871
1991,Wisconsin,1988,0.05132788341922872
1992,Wisconsin,1989,0.047804712663163246
1993,Wisconsin,1990,0.04230824804334738
1994,Wisconsin,1991,0.04589254222089374
1995,Wisconsin,1992,0.040092712177121764
1996,Wisconsin,1993,0.03893401846887102
1997,Wisconsin,1994,0.04143183139534883
1998,Wisconsin,1995,0.04506095185082104
1999,Wisconsin,1996,0.042911291413116975
2000,Wisconsin,1997,0.043255195681511475
2001,Wisconsin,1998,0.04720345016429354
2002,Wisconsin,1999,0.04657690187431091
2003,Wisconsin,2000,0.04304128701594533
2004,Wisconsin,2001,0.04578259041211102
2005,Wisconsin,2002,0.04584785922128309
2006,Wisconsin,2003,0.04595517566294252
2007,Wisconsin,2004,0.040142876825571785
2008,Wisconsin,2005,0.04458482142857143
2009,Wisconsin,2006,0.04081901379592952
2010,Wisconsin,2007,0.04244461962948364
2011,Wisconsin,2008,0.04006616729088639
2012,Wisconsin,2009,0.03808034099715835
2013,Wisconsin,2010,0.041269429347826084
2014,Wisconsin,2011,0.04057397260273973
2015,Wisconsin,2012,0.04417970075582292
2016,Wisconsin,2013,0.041442757183266336
2017,Wisconsin,2014,0.04013478971615396
2018,Wisconsin,2015,0.040644681772261514
2019,Wisconsin,2016,0.03982593907128069
2020,Wisconsin,2017,0.04038674729150919
2021,Wisconsin,2018,0.041240089474338264
2022,Wisconsin,2019,0.03838312224669604
2023,Wisconsin,2020,0.03677797833935018
2024,Wyoming,1987,0.04154098360655738
2025,Wyoming,1988,0.04425441696113074
2026,Wyoming,1989,0.03976394849785408
2027,Wyoming,1990,0.043692753623188404
2028,Wyoming,1991,0.047323243243243246
2029,Wyoming,1992,0.04678433367243133
2030,Wyoming,1993,0.046749247743229694
2031,Wyoming,1994,0.0502216796875
2032,Wyoming,1995,0.047815695600475626
2033,Wyoming,1996,0.04886245772266066
2034,Wyoming,1997,0.04925316455696203
2035,Wyoming,1998,0.05020433145009416
2036,Wyoming,1999,0.051799052132701424
2037,Wyoming,2000,0.05079962370649106
2038,Wyoming,2001,0.05063157894736842
2039,Wyoming,2002,0.04968528995756718
2040,Wyoming,2003,0.04967093105899076
2041,Wyoming,2004,0.04570764119601329
2042,Wyoming,2005,0.0473912037037037
2043,Wyoming,2006,0.04786704058066645
2044,Wyoming,2007,0.04717828515909643
2045,Wyoming,2008,0.0477212389380531
2046,Wyoming,2009,0.04527523553162853
2047,Wyoming,2010,0.04711143218349287
2048,Wyoming,2011,0.046967423230974636
2049,Wyoming,2012,0.04664613728773021
2050,Wyoming,2013,0.04536156980484666
2051,Wyoming,2014,0.043947894361170595
2052,Wyoming,2015,0.04385754985754985
2053,Wyoming,2016,0.04360668674073305
2054,Wyoming,2017,0.045652169255490094
2055,Wyoming,2018,0.04505164977356049
2056,Wyoming,2019,0.044899908078847924
2057,Wyoming,2020,0.04414209354120267
