,STATE,Year,PM10 (in ug/m3 SC)
0,Alabama,1988,38.4309262166405
1,Alabama,1989,32.78034371643394
2,Alabama,1990,32.80726698262243
3,Alabama,1991,30.81781226903178
4,Alabama,1992,28.963122793252257
5,Alabama,1993,27.481772694781988
6,Alabama,1994,26.00801282051282
7,Alabama,1995,26.142946905435124
8,Alabama,1996,23.876634958382876
9,Alabama,1997,24.82590173246237
10,Alabama,1998,27.637898686679176
11,Alabama,1999,30.95038276155373
12,Alabama,2000,31.255138662316476
13,Alabama,2001,26.999316473000682
14,Alabama,2002,26.454084507042253
15,Alabama,2003,28.727183191070257
16,Alabama,2004,27.6578231292517
17,Alabama,2005,29.14674080939141
18,Alabama,2006,28.454545454545453
19,Alabama,2007,31.671140939597315
20,Alabama,2008,25.788400702987698
21,Alabama,2009,20.370384185005594
22,Alabama,2010,23.966328747284578
23,Alabama,2011,22.854605534902934
24,Alabama,2012,18.561099796334013
25,Alabama,2013,16.872074253430185
26,Alabama,2014,18.975406236275802
27,Alabama,2015,18.221772379667115
28,Alabama,2016,18.012894619831037
29,Alabama,2017,16.54164790634849
30,Alabama,2018,17.36795688388045
31,Alabama,2019,19.74918109499298
32,Alaska,1988,20.93288590604027
33,Alaska,1989,21.58223289315726
34,Alaska,1990,23.59066487575554
35,Alaska,1991,25.619802677942214
36,Alaska,1992,26.296463815789473
37,Alaska,1993,22.93531914893617
38,Alaska,1994,21.70656779661017
39,Alaska,1995,22.93660855784469
40,Alaska,1996,23.277654867256636
41,Alaska,1997,22.612565445026178
42,Alaska,1998,20.69539666993144
43,Alaska,1999,17.25195094760312
44,Alaska,2000,18.27848101265823
45,Alaska,2001,18.136288998357966
46,Alaska,2002,19.193929173693085
47,Alaska,2003,25.98068669527897
48,Alaska,2004,19.614864864864863
49,Alaska,2005,21.10706638115632
50,Alaska,2006,18.865248226950353
51,Alaska,2007,18.221719457013574
52,Alaska,2008,18.03872437357631
53,Alaska,2009,17.049357674104126
54,Alaska,2010,15.586792452830188
55,Alaska,2011,14.683042212518195
56,Alaska,2012,16.266310794780544
57,Alaska,2013,15.316124706671136
58,Alaska,2014,20.25461789206809
59,Alaska,2015,16.828103683492497
60,Alaska,2016,17.980332167832167
61,Alaska,2017,13.239789196310936
62,Alaska,2018,12.34733566705562
63,Alaska,2019,15.14958348424484
64,Arizona,1988,43.320251177394034
65,Arizona,1989,45.23122142390594
66,Arizona,1990,35.727474972191324
67,Arizona,1991,31.883373493975903
68,Arizona,1992,29.37384473197782
69,Arizona,1993,27.36222326895902
70,Arizona,1994,26.560155239327297
71,Arizona,1995,29.94991055456172
72,Arizona,1996,28.767547481420312
73,Arizona,1997,40.54872303496157
74,Arizona,1998,38.7434965034965
75,Arizona,1999,35.7391435464415
76,Arizona,2000,35.44539614561028
77,Arizona,2001,30.33875128998968
78,Arizona,2002,34.669995129079396
79,Arizona,2003,31.35132340777502
80,Arizona,2004,28.201779876498364
81,Arizona,2005,39.16496128318584
82,Arizona,2006,55.1150598861182
83,Arizona,2007,52.50635129215944
84,Arizona,2008,43.59754385964912
85,Arizona,2009,39.02510658455708
86,Arizona,2010,31.265862411239215
87,Arizona,2011,40.340513257979666
88,Arizona,2012,38.35180145152929
89,Arizona,2013,33.760977582620754
90,Arizona,2014,34.81597756762701
91,Arizona,2015,26.450094686420854
92,Arizona,2016,31.380550621669627
93,Arizona,2017,34.31777031258896
94,Arizona,2018,33.84819532908705
95,Arizona,2019,25.729028364514182
96,Arkansas,1988,30.28
97,Arkansas,1989,27.66235446313066
98,Arkansas,1990,25.78122380553227
99,Arkansas,1991,23.573426573426573
100,Arkansas,1992,24.540201005025125
101,Arkansas,1993,24.538789428815004
102,Arkansas,1994,24.754355400696863
103,Arkansas,1995,26.069887834339948
104,Arkansas,1996,24.412371134020617
105,Arkansas,1997,22.204225352112676
106,Arkansas,1998,34.18032786885246
107,Arkansas,1999,29.81159420289855
108,Arkansas,2000,27.585858585858585
109,Arkansas,2001,26.64423076923077
110,Arkansas,2002,23.551724137931036
111,Arkansas,2003,24.49074074074074
112,Arkansas,2004,24.30841121495327
113,Arkansas,2005,24.233128834355828
114,Arkansas,2006,21.660919540229884
115,Arkansas,2007,23.43975903614458
116,Arkansas,2008,19.770114942528735
117,Arkansas,2009,17.514450867052023
118,Arkansas,2010,21.244444444444444
119,Arkansas,2011,21.323383084577113
120,Arkansas,2012,19.11111111111111
121,Arkansas,2013,18.15126050420168
122,Arkansas,2014,17.540425531914895
123,Arkansas,2015,18.636363636363637
124,Arkansas,2016,18.01421800947867
125,Arkansas,2017,17.3125
126,Arkansas,2018,17.275092936802974
127,Arkansas,2019,16.623616236162363
128,California,1988,39.43190779496512
129,California,1989,40.987267507177634
130,California,1990,37.38211095439586
131,California,1991,38.32506053268765
132,California,1992,32.86496175908222
133,California,1993,31.81691772885284
134,California,1994,31.34221208919535
135,California,1995,31.765317372814618
136,California,1996,28.12827607022486
137,California,1997,26.36432690175205
138,California,1998,24.58753956355156
139,California,1999,29.745045646849253
140,California,2000,31.39896174863388
141,California,2001,35.49833676540472
142,California,2002,35.93309387229936
143,California,2003,34.096998620055196
144,California,2004,29.832636483096405
145,California,2005,24.65476873637094
146,California,2006,29.951078582434516
147,California,2007,27.048765694183295
148,California,2008,28.692437057921552
149,California,2009,26.708966382096175
150,California,2010,24.407305685251306
151,California,2011,25.839295404265975
152,California,2012,25.700644150417826
153,California,2013,27.30009970089731
154,California,2014,26.644700020476417
155,California,2015,24.40400294145858
156,California,2016,26.503477993228685
157,California,2017,27.927178986546263
158,California,2018,27.688796680497926
159,California,2019,22.952434456928838
160,California,2020,19.21276595744681
161,Colorado,1988,29.08344063868143
162,Colorado,1989,29.82935586061246
163,Colorado,1990,25.710193452380953
164,Colorado,1991,27.170350673092905
165,Colorado,1992,27.40430908365474
166,Colorado,1993,26.72932944606414
167,Colorado,1994,25.14247468280759
168,Colorado,1995,22.85888538380652
169,Colorado,1996,22.991809629219702
170,Colorado,1997,23.2636426433341
171,Colorado,1998,24.16955999563271
172,Colorado,1999,23.878741533755736
173,Colorado,2000,23.285714285714285
174,Colorado,2001,24.38043946574752
175,Colorado,2002,26.902678234628443
176,Colorado,2003,24.528327730046072
177,Colorado,2004,22.889505615076803
178,Colorado,2005,23.472178636089318
179,Colorado,2006,22.712628290941545
180,Colorado,2007,24.11278100530437
181,Colorado,2008,25.092406769507264
182,Colorado,2009,23.169204251651824
183,Colorado,2010,23.022658826903772
184,Colorado,2011,22.48895899053628
185,Colorado,2012,23.791129976580795
186,Colorado,2013,20.867102065613608
187,Colorado,2014,20.9163206643245
188,Colorado,2015,18.101816276632903
189,Colorado,2016,19.00910204796079
190,Colorado,2017,19.573618394513918
191,Colorado,2018,20.999351771823683
192,Colorado,2019,19.764621559633028
193,Colorado,2020,18.685185185185187
194,Connecticut,1988,28.614249037227214
195,Connecticut,1989,27.07943925233645
196,Connecticut,1990,26.64440263405456
197,Connecticut,1991,30.580506822612087
198,Connecticut,1992,23.518300948938094
199,Connecticut,1993,25.229864253393664
200,Connecticut,1994,24.37453007518797
201,Connecticut,1995,20.915684496826835
202,Connecticut,1996,21.512235817575082
203,Connecticut,1997,21.91243654822335
204,Connecticut,1998,21.370193943518203
205,Connecticut,1999,23.81344902386117
206,Connecticut,2000,24.534525277435264
207,Connecticut,2001,26.441247002398082
208,Connecticut,2002,24.429184549356222
209,Connecticut,2003,33.319686411149824
210,Connecticut,2004,30.929078014184398
211,Connecticut,2005,19.281045751633986
212,Connecticut,2006,19.890625
213,Connecticut,2007,18.344827586206897
214,Connecticut,2008,18.0
215,Connecticut,2009,15.993520518358531
216,Connecticut,2010,14.351063829787234
217,Connecticut,2011,12.802702702702703
218,Connecticut,2012,12.325980392156863
219,Connecticut,2013,12.049627791563275
220,Connecticut,2014,11.822384428223843
221,Connecticut,2015,13.595138888888888
222,Connecticut,2016,11.949929478138223
223,Connecticut,2017,11.334905660377359
224,Connecticut,2018,13.269094138543517
225,Connecticut,2019,12.931155192532088
226,Delaware,1988,32.656488549618324
227,Delaware,1989,35.481651376146786
228,Delaware,1990,32.338345864661655
229,Delaware,1991,31.25830258302583
230,Delaware,1992,27.252032520325205
231,Delaware,1993,28.099378881987576
232,Delaware,1994,31.166666666666668
233,Delaware,1995,29.1046277665996
234,Delaware,1996,27.558185404339252
235,Delaware,1997,24.247357293868923
236,Delaware,1998,22.96875
237,Delaware,2000,26.178571428571427
238,Delaware,2001,22.61904761904762
239,Delaware,2002,22.83050847457627
240,Delaware,2003,20.889196675900276
241,Delaware,2004,19.368852459016395
242,Delaware,2005,22.06685236768802
243,Delaware,2006,22.135057471264368
244,Delaware,2007,22.678977272727273
245,Delaware,2008,19.255555555555556
246,Delaware,2009,16.817891373801917
247,District Of Columbia,1989,43.267857142857146
248,District Of Columbia,1990,32.87755102040816
249,District Of Columbia,1991,29.197604790419163
250,District Of Columbia,1992,24.275280898876403
251,District Of Columbia,1993,25.19158878504673
252,District Of Columbia,1994,25.256521739130434
253,District Of Columbia,1995,25.601092896174862
254,District Of Columbia,1996,21.91860465116279
255,District Of Columbia,1997,21.644736842105264
256,District Of Columbia,1998,25.526881720430108
257,District Of Columbia,1999,23.454545454545453
258,District Of Columbia,2001,25.55056179775281
259,District Of Columbia,2002,27.17543859649123
260,District Of Columbia,2003,23.11111111111111
261,District Of Columbia,2004,26.5
262,District Of Columbia,2005,35.733333333333334
263,District Of Columbia,2006,25.73404255319149
264,District Of Columbia,2007,22.47457627118644
265,District Of Columbia,2008,19.203389830508474
266,District Of Columbia,2009,18.442622950819672
267,District Of Columbia,2010,22.478632478632477
268,District Of Columbia,2011,18.016393442622952
269,District Of Columbia,2012,16.93006993006993
270,District Of Columbia,2013,16.539078156312627
271,District Of Columbia,2014,16.613259668508288
272,District Of Columbia,2015,16.54794520547945
273,District Of Columbia,2016,16.564564564564563
274,District Of Columbia,2017,15.88495575221239
275,District Of Columbia,2018,16.00574712643678
276,District Of Columbia,2019,17.019444444444446
277,Florida,1988,29.41842105263158
278,Florida,1989,29.3875
279,Florida,1990,27.385266723116004
280,Florida,1991,26.03293413173653
281,Florida,1992,21.889002383384405
282,Florida,1993,23.047344689378757
283,Florida,1994,21.536785439630865
284,Florida,1995,20.66994382022472
285,Florida,1996,21.30397470641373
286,Florida,1997,21.13329475308642
287,Florida,1998,23.89654514220271
288,Florida,1999,20.95191927186387
289,Florida,2000,21.60712266817411
290,Florida,2001,21.740649908031884
291,Florida,2002,18.972210870453615
292,Florida,2003,20.583920841063698
293,Florida,2004,21.507561929595827
294,Florida,2005,20.86489931175121
295,Florida,2006,22.333606110201856
296,Florida,2007,20.927445216461784
297,Florida,2008,19.404355016538037
298,Florida,2009,17.603822314049587
299,Florida,2010,17.655522718876984
300,Florida,2011,17.574882713821726
301,Florida,2012,17.719913759310074
302,Florida,2013,16.242079301840256
303,Florida,2014,15.615619047619047
304,Florida,2015,15.927856868026163
305,Florida,2016,16.25269438029253
306,Florida,2017,16.91624313884936
307,Florida,2018,16.667843955691122
308,Florida,2019,16.71477104874446
309,Georgia,1988,41.198830409356724
310,Georgia,1989,39.39766081871345
311,Georgia,1990,40.36818181818182
312,Georgia,1991,32.038709677419355
313,Georgia,1992,29.562700964630224
314,Georgia,1993,29.288690476190474
315,Georgia,1994,27.572139303482587
316,Georgia,1995,28.347368421052632
317,Georgia,1996,25.66955266955267
318,Georgia,1997,26.403377110694183
319,Georgia,1998,27.094059405940595
320,Georgia,1999,25.046270718232044
321,Georgia,2000,25.776832460732983
322,Georgia,2001,24.03489847715736
323,Georgia,2002,20.619745222929936
324,Georgia,2003,22.87329192546584
325,Georgia,2004,22.941641337386017
326,Georgia,2005,23.72013422818792
327,Georgia,2006,24.62130637636081
328,Georgia,2007,27.568052159739203
329,Georgia,2008,22.357512953367877
330,Georgia,2009,21.367521367521366
331,Georgia,2010,19.335813953488373
332,Georgia,2011,19.12947067238913
333,Georgia,2012,17.937321937321936
334,Georgia,2013,16.80842105263158
335,Georgia,2014,17.097510373443985
336,Georgia,2015,16.543157894736844
337,Georgia,2016,16.438976377952756
338,Georgia,2017,16.694915254237287
339,Georgia,2018,14.792079207920793
340,Georgia,2019,14.98989898989899
341,Hawaii,1988,19.826771653543307
342,Hawaii,1989,18.38658146964856
343,Hawaii,1990,18.404605263157894
344,Hawaii,1991,17.576208178438662
345,Hawaii,1992,16.64625850340136
346,Hawaii,1993,14.794029850746268
347,Hawaii,1994,15.839167455061494
348,Hawaii,1995,15.474798387096774
349,Hawaii,1996,14.662103746397694
350,Hawaii,1997,15.065853658536586
351,Hawaii,1998,17.33442469597755
352,Hawaii,1999,15.982060717571297
353,Hawaii,2000,16.800762631077216
354,Hawaii,2001,17.73878364905284
355,Hawaii,2002,15.995749202975558
356,Hawaii,2003,16.83756071235834
357,Hawaii,2004,14.573851203501095
358,Hawaii,2005,17.227364185110662
359,Hawaii,2006,15.596482152095188
360,Hawaii,2007,17.718279569892474
361,Hawaii,2008,17.084892086330935
362,Hawaii,2009,15.975194897236003
363,Hawaii,2010,15.172727272727272
364,Hawaii,2011,15.672743055555555
365,Hawaii,2012,15.27221702525725
366,Hawaii,2013,14.978504672897197
367,Hawaii,2014,15.850561797752809
368,Hawaii,2015,16.182806324110672
369,Hawaii,2016,15.599052132701422
370,Hawaii,2017,13.125119388729704
371,Hawaii,2018,12.434372049102928
372,Hawaii,2019,11.8196261682243
373,Idaho,1988,42.07336343115124
374,Idaho,1989,38.10522548317824
375,Idaho,1990,33.2875
376,Idaho,1991,38.75759668508287
377,Idaho,1992,36.37282463186077
378,Idaho,1993,37.03432930705658
379,Idaho,1994,32.73537163943068
380,Idaho,1995,26.282525287757238
381,Idaho,1996,29.540366972477063
382,Idaho,1997,31.630666666666666
383,Idaho,1998,27.268646164722515
384,Idaho,1999,28.595288080242593
385,Idaho,2000,28.325858778625953
386,Idaho,2001,26.23170128585559
387,Idaho,2002,23.903359030837006
388,Idaho,2003,21.148644437519476
389,Idaho,2004,20.078937926085395
390,Idaho,2005,20.341490138787435
391,Idaho,2006,20.02814110186286
392,Idaho,2007,20.04700089525515
393,Idaho,2008,20.70594262295082
394,Idaho,2009,18.908963585434172
395,Idaho,2010,16.42971321109544
396,Idaho,2011,17.514285714285716
397,Idaho,2012,20.52868288205599
398,Idaho,2013,20.261508325171402
399,Idaho,2014,16.974647887323943
400,Idaho,2015,19.81097008159565
401,Idaho,2016,16.61111111111111
402,Idaho,2017,19.288175046554933
403,Idaho,2018,19.5943661971831
404,Idaho,2019,16.4989837398374
405,Illinois,1988,42.559853633037115
406,Illinois,1989,42.462778730703256
407,Illinois,1990,35.49354657687991
408,Illinois,1991,34.26319095477387
409,Illinois,1992,35.204510349088665
410,Illinois,1993,29.718561064087062
411,Illinois,1994,35.059471365638764
412,Illinois,1995,32.57538148524924
413,Illinois,1996,30.034031413612567
414,Illinois,1997,29.34933110367893
415,Illinois,1998,30.999197646429526
416,Illinois,1999,30.677279874213838
417,Illinois,2000,30.756570443774237
418,Illinois,2001,31.294465894465894
419,Illinois,2002,31.002560455192032
420,Illinois,2003,28.294281729428175
421,Illinois,2004,28.747545582047685
422,Illinois,2005,30.22290232083652
423,Illinois,2006,26.89641844885339
424,Illinois,2007,30.040787623066105
425,Illinois,2008,26.22757049273711
426,Illinois,2009,21.20611144397843
427,Illinois,2010,24.275326509001058
428,Illinois,2011,23.994366197183098
429,Illinois,2012,29.388261851015802
430,Illinois,2013,27.79858657243816
431,Illinois,2014,33.532085561497325
432,Illinois,2015,27.64047619047619
433,Illinois,2016,21.258373205741627
434,Illinois,2017,21.996146435452793
435,Illinois,2018,22.46514575411914
436,Illinois,2019,26.221251819505095
437,Illinois,2020,26.608695652173914
438,Indiana,1988,36.3235294117647
439,Indiana,1989,34.22240618101545
440,Indiana,1990,31.925026123301986
441,Indiana,1991,30.64985082723081
442,Indiana,1992,27.243846153846153
443,Indiana,1993,26.046498754497648
444,Indiana,1994,27.282992036405005
445,Indiana,1995,27.27797934691599
446,Indiana,1996,23.52840579710145
447,Indiana,1997,24.465693430656934
448,Indiana,1998,26.00227346541085
449,Indiana,1999,24.36900826446281
450,Indiana,2000,23.596638655462186
451,Indiana,2001,22.333435771358328
452,Indiana,2002,21.77267041901188
453,Indiana,2003,23.625291828793774
454,Indiana,2004,22.414041994750654
455,Indiana,2005,25.475164987843
456,Indiana,2006,21.541548295454547
457,Indiana,2007,25.707881957415015
458,Indiana,2008,23.23334823424229
459,Indiana,2009,20.30423685553854
460,Indiana,2010,23.47714907508161
461,Indiana,2011,21.288059701492536
462,Indiana,2012,22.25244072524407
463,Indiana,2013,19.799906279287722
464,Indiana,2014,20.36587982832618
465,Indiana,2015,19.70852956567242
466,Indiana,2016,18.600401606425702
467,Indiana,2017,19.38030560271647
468,Indiana,2018,19.457885811192764
469,Indiana,2019,18.122994652406415
470,Indiana,2020,14.056962025316455
471,Iowa,1988,35.43181818181818
472,Iowa,1989,32.718439716312055
473,Iowa,1990,31.31267217630854
474,Iowa,1991,29.801184990125083
475,Iowa,1992,32.883805374001454
476,Iowa,1993,29.65
477,Iowa,1994,31.67740232312566
478,Iowa,1995,32.63278525161933
479,Iowa,1996,31.729397781299525
480,Iowa,1997,32.6228107646305
481,Iowa,1998,30.286911970190964
482,Iowa,1999,30.18034727703236
483,Iowa,2000,27.689496314496314
484,Iowa,2001,25.89019702066314
485,Iowa,2002,25.046171967020022
486,Iowa,2003,25.540585975024015
487,Iowa,2004,24.11173561151079
488,Iowa,2005,26.286856127886324
489,Iowa,2006,27.49900911613159
490,Iowa,2007,28.87990392313851
491,Iowa,2008,24.440597667638485
492,Iowa,2009,22.519457956914525
493,Iowa,2010,24.23570432357043
494,Iowa,2011,23.58894984326019
495,Iowa,2012,24.976430976430976
496,Iowa,2013,25.851757369614514
497,Iowa,2014,25.910605219322598
498,Iowa,2015,24.59854651162791
499,Iowa,2016,22.74714611872146
500,Iowa,2017,24.80597014925373
501,Iowa,2018,27.474142097631706
502,Iowa,2019,24.97017797017797
503,Iowa,2020,21.080691642651296
504,Kansas,1988,35.56334841628959
505,Kansas,1989,34.574814814814815
506,Kansas,1990,30.72938144329897
507,Kansas,1991,34.050824175824175
508,Kansas,1992,33.9003984063745
509,Kansas,1993,32.05813953488372
510,Kansas,1994,29.718963165075035
511,Kansas,1995,29.117930204572804
512,Kansas,1996,29.174973488865323
513,Kansas,1997,25.198813056379823
514,Kansas,1998,25.350809061488672
515,Kansas,1999,25.11139455782313
516,Kansas,2000,23.262981574539364
517,Kansas,2001,22.30670926517572
518,Kansas,2002,22.007751937984494
519,Kansas,2003,22.68533834586466
520,Kansas,2004,19.10341726618705
521,Kansas,2005,20.954425942156004
522,Kansas,2006,23.09935117599351
523,Kansas,2007,22.311072056239016
524,Kansas,2008,22.05005440696409
525,Kansas,2009,19.994086956521738
526,Kansas,2010,21.375533980582524
527,Kansas,2011,22.407214428857717
528,Kansas,2012,22.479133226324237
529,Kansas,2013,18.1671469740634
530,Kansas,2014,20.43559399180701
531,Kansas,2015,19.29628027681661
532,Kansas,2016,19.027680448493342
533,Kansas,2017,20.18981018981019
534,Kansas,2018,19.68996062992126
535,Kansas,2019,16.717045454545456
536,Kentucky,1988,36.78027867095391
537,Kentucky,1989,36.544769085768145
538,Kentucky,1990,32.52037037037037
539,Kentucky,1991,30.96453488372093
540,Kentucky,1992,26.421564653425214
541,Kentucky,1993,26.332966428178317
542,Kentucky,1994,28.126157101295952
543,Kentucky,1995,25.69045771916214
544,Kentucky,1996,23.31514679137438
545,Kentucky,1997,23.05572998430141
546,Kentucky,1998,23.465827338129497
547,Kentucky,1999,24.107626893436088
548,Kentucky,2000,23.005470774546502
549,Kentucky,2001,22.244191794364806
550,Kentucky,2002,20.611083249749246
551,Kentucky,2003,21.23944827586207
552,Kentucky,2004,19.88872028325746
553,Kentucky,2005,22.527346731111678
554,Kentucky,2006,21.15427114322142
555,Kentucky,2007,24.391531874405327
556,Kentucky,2008,20.1914749661705
557,Kentucky,2009,17.990112063282794
558,Kentucky,2010,20.86094477711244
559,Kentucky,2011,18.98472775564409
560,Kentucky,2012,19.357142857142858
561,Kentucky,2013,17.103160405485987
562,Kentucky,2014,17.371069182389938
563,Kentucky,2015,17.386071158213475
564,Kentucky,2016,15.322520852641334
565,Kentucky,2017,15.542110358180057
566,Kentucky,2018,16.589320388349513
567,Kentucky,2019,16.405511811023622
568,Louisiana,1988,27.130841121495326
569,Louisiana,1989,29.945564516129032
570,Louisiana,1990,27.24454828660436
571,Louisiana,1991,26.613126079447323
572,Louisiana,1992,26.724258289703315
573,Louisiana,1993,24.098335854765505
574,Louisiana,1994,25.808535178777394
575,Louisiana,1995,24.90745501285347
576,Louisiana,1996,22.942779291553133
577,Louisiana,1997,24.898921832884096
578,Louisiana,1999,26.235119047619047
579,Louisiana,2000,26.12621359223301
580,Louisiana,2001,26.607038123167154
581,Louisiana,2002,22.646198830409357
582,Louisiana,2003,24.8328611898017
583,Louisiana,2004,23.302721088435373
584,Louisiana,2005,24.872549019607842
585,Louisiana,2006,34.688311688311686
586,Louisiana,2007,30.724444444444444
587,Louisiana,2008,26.415178571428573
588,Louisiana,2009,23.188235294117646
589,Louisiana,2010,23.771178188899707
590,Louisiana,2011,23.879830348727616
591,Louisiana,2012,21.677113010446345
592,Louisiana,2013,20.227229146692235
593,Louisiana,2014,19.550024166263896
594,Louisiana,2015,19.485878962536024
595,Louisiana,2016,18.501424501424502
596,Louisiana,2017,17.94811858608894
597,Louisiana,2018,19.605292792792792
598,Louisiana,2019,16.281681681681683
599,Louisiana,2020,11.946236559139784
600,Maine,1988,22.00873528294721
601,Maine,1989,22.999674796747968
602,Maine,1990,19.736507936507937
603,Maine,1991,19.22287166454892
604,Maine,1992,18.34069319640565
605,Maine,1993,18.194882398552597
606,Maine,1994,17.632772020725387
607,Maine,1995,16.897310513447433
608,Maine,1996,16.62205754141238
609,Maine,1997,16.85776911836337
610,Maine,1998,17.64657694558221
611,Maine,1999,17.322992700729927
612,Maine,2000,16.239973701512163
613,Maine,2001,18.918781725888326
614,Maine,2002,16.25347506132461
615,Maine,2003,18.207592891760903
616,Maine,2004,16.79760809567617
617,Maine,2005,17.362962962962964
618,Maine,2006,17.626847290640395
619,Maine,2007,17.302295918367346
620,Maine,2008,17.345356176735798
621,Maine,2009,16.045567522783763
622,Maine,2010,14.511576626240354
623,Maine,2011,13.907253269916765
624,Maine,2012,15.532777115613825
625,Maine,2013,14.043316831683168
626,Maine,2014,13.387573964497042
627,Maine,2015,13.789663461538462
628,Maine,2016,11.754299754299755
629,Maine,2017,10.59878787878788
630,Maine,2018,11.520604395604396
631,Maine,2019,11.844748858447488
632,Maine,2020,29.285714285714285
633,Maryland,1988,41.99203187250996
634,Maryland,1989,40.72516556291391
635,Maryland,1990,28.42763157894737
636,Maryland,1991,32.93774319066148
637,Maryland,1992,26.75126171593367
638,Maryland,1993,27.297636632200888
639,Maryland,1994,27.01575393848462
640,Maryland,1995,26.443379790940767
641,Maryland,1996,24.881880733944953
642,Maryland,1997,24.8389731621937
643,Maryland,1998,23.792105263157893
644,Maryland,1999,21.587734241908006
645,Maryland,2000,22.227342549923193
646,Maryland,2001,21.8
647,Maryland,2002,23.38095238095238
648,Maryland,2003,19.91008174386921
649,Maryland,2004,23.01689189189189
650,Maryland,2005,23.037552155771905
651,Maryland,2006,24.13142857142857
652,Maryland,2007,25.027972027972027
653,Maryland,2008,20.064285714285713
654,Maryland,2009,15.833333333333334
655,Maryland,2010,15.482142857142858
656,Maryland,2011,12.958466453674122
657,Maryland,2012,13.099378881987578
658,Maryland,2013,13.072100313479623
659,Maryland,2014,13.531055900621118
660,Maryland,2015,14.274193548387096
661,Maryland,2016,12.427184466019417
662,Maryland,2017,11.77076411960133
663,Maryland,2018,10.983388704318937
664,Maryland,2019,11.427609427609427
665,Massachusetts,1988,31.37874659400545
666,Massachusetts,1989,25.045112781954888
667,Massachusetts,1990,22.773526370217166
668,Massachusetts,1991,22.8214607754734
669,Massachusetts,1992,20.68563162970106
670,Massachusetts,1993,20.43200663349917
671,Massachusetts,1994,21.475953565505804
672,Massachusetts,1995,19.1985559566787
673,Massachusetts,1996,20.966796875
674,Massachusetts,1997,20.39181818181818
675,Massachusetts,1998,21.327056491575817
676,Massachusetts,1999,25.564406779661017
677,Massachusetts,2000,23.28676470588235
678,Massachusetts,2001,21.959899749373434
679,Massachusetts,2002,19.906183368869936
680,Massachusetts,2003,19.97196261682243
681,Massachusetts,2004,19.80327868852459
682,Massachusetts,2005,20.556169429097604
683,Massachusetts,2006,17.22222222222222
684,Massachusetts,2007,16.770758122743683
685,Massachusetts,2008,16.202380952380953
686,Massachusetts,2009,15.444444444444445
687,Massachusetts,2010,13.321008403361345
688,Massachusetts,2011,14.134393063583815
689,Massachusetts,2012,13.992636229749632
690,Massachusetts,2013,15.182656826568266
691,Massachusetts,2014,13.104046242774567
692,Massachusetts,2015,12.41139240506329
693,Massachusetts,2016,11.957399103139014
694,Massachusetts,2017,10.838120104438643
695,Massachusetts,2018,9.365217391304348
696,Massachusetts,2019,10.003831417624522
697,Michigan,1988,34.55106167846309
698,Michigan,1989,32.037269869779976
699,Michigan,1990,28.530057251908396
700,Michigan,1991,27.896912114014253
701,Michigan,1992,24.724187209717755
702,Michigan,1993,22.666804293971925
703,Michigan,1994,28.273703041144902
704,Michigan,1995,26.218352310783658
705,Michigan,1996,25.568877551020407
706,Michigan,1997,23.241582988777317
707,Michigan,1998,26.25036927621861
708,Michigan,1999,22.782178217821784
709,Michigan,2000,27.269198312236288
710,Michigan,2001,30.606666666666666
711,Michigan,2002,31.429184549356222
712,Michigan,2003,36.605413105413106
713,Michigan,2004,29.793696275071632
714,Michigan,2005,29.74746008708273
715,Michigan,2006,24.95509708737864
716,Michigan,2007,25.650375939849624
717,Michigan,2008,22.64214992927864
718,Michigan,2009,17.941721854304635
719,Michigan,2010,19.432835820895523
720,Michigan,2011,18.94825174825175
721,Michigan,2012,26.78847093307279
722,Michigan,2013,21.437043795620436
723,Michigan,2014,22.500461254612546
724,Michigan,2015,23.94757281553398
725,Michigan,2016,21.475798644724104
726,Michigan,2017,21.421495327102804
727,Michigan,2018,21.229014598540147
728,Michigan,2019,19.964672364672364
729,Minnesota,1988,29.873200822481152
730,Minnesota,1989,29.361125586242835
731,Minnesota,1990,26.308560677328316
732,Minnesota,1991,24.778053624627606
733,Minnesota,1992,20.951290591174022
734,Minnesota,1993,22.174006444683137
735,Minnesota,1994,22.863908275174477
736,Minnesota,1995,21.216310293386375
737,Minnesota,1996,20.485419470614627
738,Minnesota,1997,19.850569860700716
739,Minnesota,1998,21.59025174076058
740,Minnesota,1999,21.89861039629439
741,Minnesota,2000,21.779310344827586
742,Minnesota,2001,23.955584585238405
743,Minnesota,2002,23.30976430976431
744,Minnesota,2003,26.25018181818182
745,Minnesota,2004,24.339268978444235
746,Minnesota,2005,23.254366812227076
747,Minnesota,2006,22.641592920353983
748,Minnesota,2007,22.40358744394619
749,Minnesota,2008,20.506677796327214
750,Minnesota,2009,20.55187445510026
751,Minnesota,2010,22.47737068965517
752,Minnesota,2011,24.541012216404887
753,Minnesota,2012,20.11809889582333
754,Minnesota,2013,19.28749462827675
755,Minnesota,2014,19.521472392638035
756,Minnesota,2015,21.71167127071823
757,Minnesota,2016,20.158616187989555
758,Minnesota,2017,22.39993554624557
759,Minnesota,2018,23.069990709197896
760,Minnesota,2019,20.3925
761,Mississippi,1988,30.16393442622951
762,Mississippi,1989,26.210526315789473
763,Mississippi,1990,27.75409836065574
764,Mississippi,1991,23.39245283018868
765,Mississippi,1992,22.6875
766,Mississippi,1993,22.271099744245525
767,Mississippi,1994,20.945906432748536
768,Mississippi,1995,20.986880466472304
769,Mississippi,1996,20.064046579330423
770,Mississippi,1997,22.8727959697733
771,Mississippi,1998,23.16795865633075
772,Mississippi,1999,20.575875486381324
773,Mississippi,2000,21.51851851851852
774,Mississippi,2001,19.4004329004329
775,Mississippi,2002,13.527272727272727
776,Mississippi,2003,18.21212121212121
777,Mississippi,2004,18.70754716981132
778,Mississippi,2005,17.970588235294116
779,Mississippi,2006,22.236842105263158
780,Mississippi,2007,20.72
781,Mississippi,2010,19.069767441860463
782,Mississippi,2011,17.91588785046729
783,Mississippi,2012,17.377777777777776
784,Mississippi,2013,19.46808510638298
785,Mississippi,2014,17.58823529411765
786,Mississippi,2015,18.91919191919192
787,Mississippi,2016,17.10185185185185
788,Mississippi,2017,15.63265306122449
789,Mississippi,2018,20.020114942528735
790,Mississippi,2019,18.90909090909091
791,Mississippi,2020,12.327586206896552
792,Missouri,1988,32.4517937219731
793,Missouri,1989,32.745098039215684
794,Missouri,1990,29.479616306954437
795,Missouri,1991,28.29281767955801
796,Missouri,1992,26.28641975308642
797,Missouri,1993,24.68414849734826
798,Missouri,1994,27.021558872305143
799,Missouri,1995,26.039264828738514
800,Missouri,1996,37.643052837573386
801,Missouri,1997,28.093012704174228
802,Missouri,1998,27.514929577464788
803,Missouri,1999,29.313984168865435
804,Missouri,2000,28.309782608695652
805,Missouri,2001,33.180851063829785
806,Missouri,2002,37.46269487750557
807,Missouri,2003,33.094609460946096
808,Missouri,2004,31.682515337423315
809,Missouri,2005,37.316276537833424
810,Missouri,2006,35.5005376344086
811,Missouri,2007,29.10863804981452
812,Missouri,2008,25.492610837438423
813,Missouri,2009,22.612264150943396
814,Missouri,2010,25.32039853172522
815,Missouri,2011,26.043497757847533
816,Missouri,2012,25.398692810457515
817,Missouri,2013,21.103461249059443
818,Missouri,2014,22.076233183856502
819,Missouri,2015,21.49135802469136
820,Missouri,2016,19.734911242603552
821,Missouri,2017,21.318828680897646
822,Missouri,2018,20.1585452816734
823,Missouri,2019,19.911213754169875
824,Montana,1988,37.30985576923077
825,Montana,1989,28.206459454766453
826,Montana,1990,24.163832872017924
827,Montana,1991,23.104369854338188
828,Montana,1992,21.845902009482952
829,Montana,1993,19.82491543217077
830,Montana,1994,21.564725423025017
831,Montana,1995,18.166862514688603
832,Montana,1996,18.257290433659744
833,Montana,1997,17.61993871744364
834,Montana,1998,23.431266846361186
835,Montana,1999,21.490343347639485
836,Montana,2000,21.715122359339052
837,Montana,2001,20.16202804746494
838,Montana,2002,18.29137432934379
839,Montana,2003,20.48343245539507
840,Montana,2004,18.85885570046277
841,Montana,2005,18.986389266964807
842,Montana,2006,22.464935064935066
843,Montana,2007,23.65291387313048
844,Montana,2008,20.31389420012747
845,Montana,2009,20.730751283247784
846,Montana,2010,18.527659574468085
847,Montana,2011,21.860204081632652
848,Montana,2012,22.253213016133444
849,Montana,2013,17.147205707491082
850,Montana,2014,17.03557224922669
851,Montana,2015,21.38572719060524
852,Montana,2016,15.93962703962704
853,Montana,2017,18.42478085761668
854,Montana,2018,16.95421630460173
855,Montana,2019,14.381852111033357
856,Montana,2020,9.506925207756233
857,Nebraska,1988,39.291469194312796
858,Nebraska,1989,38.86321243523316
859,Nebraska,1990,34.28359592215014
860,Nebraska,1991,34.265917602996254
861,Nebraska,1992,30.8964316797215
862,Nebraska,1993,29.793478260869566
863,Nebraska,1994,30.560221870047542
864,Nebraska,1995,27.834285714285713
865,Nebraska,1996,31.243180046765392
866,Nebraska,1997,30.557627118644067
867,Nebraska,1998,32.477178423236516
868,Nebraska,1999,39.73733583489681
869,Nebraska,2000,37.529510961214164
870,Nebraska,2001,33.46338535414166
871,Nebraska,2002,33.80242825607064
872,Nebraska,2003,32.01980198019802
873,Nebraska,2004,26.474799123447774
874,Nebraska,2005,31.063199473337722
875,Nebraska,2006,31.508909479686388
876,Nebraska,2007,28.96603148301574
877,Nebraska,2008,30.13465220165922
878,Nebraska,2009,23.686520376175547
879,Nebraska,2010,29.683812405446293
880,Nebraska,2011,29.240714285714287
881,Nebraska,2012,34.058284217419775
882,Nebraska,2013,25.4735432016075
883,Nebraska,2014,23.814123917388407
884,Nebraska,2015,22.583787465940055
885,Nebraska,2016,21.911585365853657
886,Nebraska,2017,22.605882352941176
887,Nebraska,2018,18.731509625126645
888,Nebraska,2019,17.242250287026405
889,Nebraska,2020,12.016666666666667
890,Nevada,1988,41.6258865248227
891,Nevada,1989,43.61275964391692
892,Nevada,1990,44.73231218088986
893,Nevada,1991,37.47282608695652
894,Nevada,1992,33.34550311665183
895,Nevada,1993,31.868093922651934
896,Nevada,1994,28.855379188712522
897,Nevada,1995,33.56657483930211
898,Nevada,1996,34.84575600851841
899,Nevada,1997,31.067678684376975
900,Nevada,1998,30.197505552708012
901,Nevada,1999,34.48338844276492
902,Nevada,2000,30.06189024390244
903,Nevada,2001,30.20349009168885
904,Nevada,2002,33.33499501495513
905,Nevada,2003,29.466826778745123
906,Nevada,2004,26.195222724338283
907,Nevada,2005,25.920145434958254
908,Nevada,2006,25.114440337909187
909,Nevada,2007,24.95041434587692
910,Nevada,2008,21.899241945672774
911,Nevada,2009,20.46473668001232
912,Nevada,2010,17.735323886639677
913,Nevada,2011,18.68830944569159
914,Nevada,2012,21.59711231431348
915,Nevada,2013,23.186292604897258
916,Nevada,2014,21.212377850162866
917,Nevada,2015,17.984174731885954
918,Nevada,2016,18.940768746061753
919,Nevada,2017,19.603768875577188
920,Nevada,2018,20.937216553287982
921,Nevada,2019,18.677380952380954
922,Nevada,2020,19.751851851851853
923,New Hampshire,1988,33.509578544061306
924,New Hampshire,1989,31.392241379310345
925,New Hampshire,1990,24.662241887905605
926,New Hampshire,1991,24.489583333333332
927,New Hampshire,1992,21.403081914030818
928,New Hampshire,1993,17.659412404787812
929,New Hampshire,1994,15.77094972067039
930,New Hampshire,1995,16.46707317073171
931,New Hampshire,1996,17.179138321995463
932,New Hampshire,1997,18.643586833144155
933,New Hampshire,1998,17.571743929359823
934,New Hampshire,1999,17.28054298642534
935,New Hampshire,2000,15.528344671201815
936,New Hampshire,2001,16.074494949494948
937,New Hampshire,2002,15.529069767441861
938,New Hampshire,2003,18.459227467811157
939,New Hampshire,2004,15.595505617977528
940,New Hampshire,2005,18.44705882352941
941,New Hampshire,2006,15.062146892655367
942,New Hampshire,2007,13.655172413793103
943,New Hampshire,2008,13.082872928176796
944,New Hampshire,2009,13.011560693641618
945,New Hampshire,2010,11.75
946,New Hampshire,2011,9.069164265129682
947,New Hampshire,2012,9.72
948,New Hampshire,2013,10.977419354838709
949,New Hampshire,2014,9.839541547277937
950,New Hampshire,2015,11.335540838852097
951,New Hampshire,2016,9.530434782608696
952,New Hampshire,2017,10.291891891891892
953,New Hampshire,2018,9.414201183431953
954,New Hampshire,2019,11.375
955,New Jersey,1988,33.14453477868112
956,New Jersey,1989,32.562746645619576
957,New Jersey,1990,30.48389458272328
958,New Jersey,1991,31.704382470119523
959,New Jersey,1992,27.190880989180833
960,New Jersey,1993,28.19672131147541
961,New Jersey,1994,31.370778773259822
962,New Jersey,1995,26.99310344827586
963,New Jersey,1996,29.02784810126582
964,New Jersey,1997,28.613725490196078
965,New Jersey,1998,25.977049180327867
966,New Jersey,1999,27.618677042801558
967,New Jersey,2000,29.55952380952381
968,New Jersey,2001,28.43142144638404
969,New Jersey,2002,25.78005115089514
970,New Jersey,2003,27.927835051546392
971,New Jersey,2004,23.235294117647058
972,New Jersey,2005,30.029556650246306
973,New Jersey,2006,26.403598971722364
974,New Jersey,2007,26.525
975,New Jersey,2008,28.43107769423559
976,New Jersey,2009,27.074675324675326
977,New Jersey,2010,26.008849557522122
978,New Jersey,2011,29.278947368421054
979,New Jersey,2012,29.36024844720497
980,New Jersey,2013,20.52857142857143
981,New Jersey,2014,17.35
982,New Jersey,2015,20.71785714285714
983,New Jersey,2016,20.359154929577464
984,New Jersey,2017,15.680555555555555
985,New Jersey,2018,14.879562043795621
986,New Jersey,2019,14.833333333333334
987,New Mexico,1988,40.44712990936556
988,New Mexico,1989,37.17998779743746
989,New Mexico,1990,26.980458793542905
990,New Mexico,1991,24.704046242774567
991,New Mexico,1992,23.178302532511978
992,New Mexico,1993,21.494295405488746
993,New Mexico,1994,23.04934734161095
994,New Mexico,1995,28.05506419400856
995,New Mexico,1996,35.58379094868396
996,New Mexico,1997,27.714285714285715
997,New Mexico,1998,30.22715251248898
998,New Mexico,1999,22.306258322237017
999,New Mexico,2000,22.552289156626507
1000,New Mexico,2001,21.04922961292747
1001,New Mexico,2002,27.895635673624287
1002,New Mexico,2003,38.064963908939475
1003,New Mexico,2004,32.38809113536282
1004,New Mexico,2005,33.268871753246756
1005,New Mexico,2006,35.05703493862134
1006,New Mexico,2007,29.15164403729756
1007,New Mexico,2008,33.79461108286731
1008,New Mexico,2009,28.176470588235293
1009,New Mexico,2010,27.591348786274867
1010,New Mexico,2011,31.007462686567163
1011,New Mexico,2012,31.355802219979818
1012,New Mexico,2013,30.42367535744323
1013,New Mexico,2014,29.18136645962733
1014,New Mexico,2015,22.114051336332363
1015,New Mexico,2016,27.28027139874739
1016,New Mexico,2017,27.689001264222505
1017,New Mexico,2018,26.46001088139282
1018,New Mexico,2019,23.668530866853086
1019,New York,1988,31.905683192261186
1020,New York,1989,29.24704558244232
1021,New York,1990,23.469830757910227
1022,New York,1991,24.445239576851275
1023,New York,1992,22.14505893019039
1024,New York,1993,20.595519601742378
1025,New York,1994,21.171077504725897
1026,New York,1995,19.72917347272133
1027,New York,1996,20.95665529010239
1028,New York,1997,20.953686550574286
1029,New York,1998,21.629669540229884
1030,New York,1999,16.248
1031,New York,2000,16.936559139784947
1032,New York,2001,17.41648590021692
1033,New York,2002,19.0
1034,New York,2003,18.358921161825727
1035,New York,2004,13.485411140583555
1036,New York,2005,12.683544303797468
1037,New York,2006,12.17732558139535
1038,New York,2007,12.628242074927954
1039,New York,2008,12.038567493112948
1040,New York,2009,9.047619047619047
1041,New York,2017,13.311797752808989
1042,New York,2018,13.410404624277456
1043,New York,2019,12.357558139534884
1044,New York,2020,10.04
1045,North Carolina,1988,32.88255613126079
1046,North Carolina,1989,29.688796680497926
1047,North Carolina,1990,28.7319587628866
1048,North Carolina,1991,28.666666666666668
1049,North Carolina,1992,25.6632160110421
1050,North Carolina,1993,25.766393442622952
1051,North Carolina,1994,23.36302765647744
1052,North Carolina,1995,23.229184549356223
1053,North Carolina,1996,23.433562257390264
1054,North Carolina,1997,22.873058542413382
1055,North Carolina,1998,24.079893475366177
1056,North Carolina,1999,22.813566552901023
1057,North Carolina,2000,22.66285924834193
1058,North Carolina,2001,21.639261744966444
1059,North Carolina,2002,20.30365022061773
1060,North Carolina,2003,19.843230403800476
1061,North Carolina,2004,20.59176470588235
1062,North Carolina,2005,20.305047143649475
1063,North Carolina,2006,20.07224958949097
1064,North Carolina,2007,20.322491730981255
1065,North Carolina,2008,18.174719101123596
1066,North Carolina,2009,15.80237825594564
1067,North Carolina,2010,17.646625766871164
1068,North Carolina,2011,14.709166092350104
1069,North Carolina,2012,14.594965675057209
1070,North Carolina,2013,14.354604786076868
1071,North Carolina,2014,13.079222720478326
1072,North Carolina,2015,13.261146496815286
1073,North Carolina,2016,11.671508379888268
1074,North Carolina,2017,12.900371496116177
1075,North Carolina,2018,13.75357873210634
1076,North Carolina,2019,13.434492448191078
1077,North Carolina,2020,8.597938144329897
1078,North Dakota,1988,15.822006472491909
1079,North Dakota,1989,18.35483870967742
1080,North Dakota,1990,23.794444444444444
1081,North Dakota,1991,19.807439824945295
1082,North Dakota,1992,17.785858585858588
1083,North Dakota,1993,14.943048576214405
1084,North Dakota,1994,14.12442396313364
1085,North Dakota,1995,14.898263027295286
1086,North Dakota,1996,13.490291262135923
1087,North Dakota,1997,13.927966101694915
1088,North Dakota,1998,15.288981288981288
1089,North Dakota,1999,12.272340425531915
1090,North Dakota,2000,12.046808510638298
1091,North Dakota,2001,15.547085201793722
1092,North Dakota,2002,13.470443349753694
1093,North Dakota,2003,13.01713062098501
1094,North Dakota,2004,12.123672230652504
1095,North Dakota,2005,11.101851851851851
1096,North Dakota,2006,12.230732635585158
1097,North Dakota,2007,12.01466015104398
1098,North Dakota,2008,12.51127141568981
1099,North Dakota,2009,10.244475787494123
1100,North Dakota,2010,11.333689839572193
1101,North Dakota,2011,12.69721689059501
1102,North Dakota,2012,15.028335301062574
1103,North Dakota,2013,13.50909090909091
1104,North Dakota,2014,13.339012517385257
1105,North Dakota,2015,14.364382696558257
1106,North Dakota,2016,10.57526545908807
1107,North Dakota,2017,13.49782166715074
1108,North Dakota,2018,11.9264896373057
1109,North Dakota,2019,8.641522029372497
1110,Ohio,1988,37.47113095238095
1111,Ohio,1989,38.03977272727273
1112,Ohio,1990,32.863420588634206
1113,Ohio,1991,31.926325893928485
1114,Ohio,1992,28.55478471533972
1115,Ohio,1993,29.083555935463192
1116,Ohio,1994,29.82054101605454
1117,Ohio,1995,29.09616716693604
1118,Ohio,1996,26.767532152390196
1119,Ohio,1997,26.18673817649927
1120,Ohio,1998,27.419192554395675
1121,Ohio,1999,26.45903805496829
1122,Ohio,2000,26.40566414040686
1123,Ohio,2001,25.350788900979325
1124,Ohio,2002,24.11725858526563
1125,Ohio,2003,24.31164759366672
1126,Ohio,2004,22.6411390166254
1127,Ohio,2005,26.715803205367127
1128,Ohio,2006,22.270758122743683
1129,Ohio,2007,24.294051374493016
1130,Ohio,2008,21.82471264367816
1131,Ohio,2009,19.63283378746594
1132,Ohio,2010,21.563728738679036
1133,Ohio,2011,20.131191432396253
1134,Ohio,2012,21.57990367775832
1135,Ohio,2013,19.511825078090137
1136,Ohio,2014,18.887559268457892
1137,Ohio,2015,20.051607062019013
1138,Ohio,2016,17.221652929382937
1139,Ohio,2017,15.965341035325483
1140,Ohio,2018,15.805359661495064
1141,Ohio,2019,15.789118809579168
1142,Ohio,2020,13.592783505154639
1143,Oklahoma,1988,28.435960591133004
1144,Oklahoma,1989,28.6799591002045
1145,Oklahoma,1990,25.016409266409266
1146,Oklahoma,1991,25.315470171890798
1147,Oklahoma,1992,23.71264367816092
1148,Oklahoma,1993,24.72
1149,Oklahoma,1994,24.312240663900415
1150,Oklahoma,1995,24.388595564941923
1151,Oklahoma,1996,25.606324972737188
1152,Oklahoma,1997,23.607734806629836
1153,Oklahoma,1998,31.01851851851852
1154,Oklahoma,1999,24.572602739726026
1155,Oklahoma,2000,23.267402376910017
1156,Oklahoma,2001,24.59910485933504
1157,Oklahoma,2002,23.901588928754485
1158,Oklahoma,2003,24.144494474007367
1159,Oklahoma,2004,21.251698579369982
1160,Oklahoma,2005,23.792558445834704
1161,Oklahoma,2006,24.209263854425146
1162,Oklahoma,2007,22.52085293195359
1163,Oklahoma,2008,20.56926330630948
1164,Oklahoma,2009,21.372758326216907
1165,Oklahoma,2010,21.836404243439418
1166,Oklahoma,2011,23.720655487804876
1167,Oklahoma,2012,22.917572463768117
1168,Oklahoma,2013,18.77618069815195
1169,Oklahoma,2014,21.767524752475246
1170,Oklahoma,2015,18.403184943901557
1171,Oklahoma,2016,17.780183180682766
1172,Oklahoma,2017,17.66378191259195
1173,Oklahoma,2018,19.641620937104264
1174,Oklahoma,2019,17.484012539184953
1175,Oklahoma,2020,14.573170731707316
1176,Oregon,1988,45.48137254901961
1177,Oregon,1989,45.058804523424875
1178,Oregon,1990,38.85632183908046
1179,Oregon,1991,38.555614688664186
1180,Oregon,1992,30.5699928212491
1181,Oregon,1993,32.50847862431335
1182,Oregon,1994,27.5007371007371
1183,Oregon,1995,21.69703058718464
1184,Oregon,1996,21.056069958847736
1185,Oregon,1997,22.208233890214796
1186,Oregon,1998,17.88872874027097
1187,Oregon,1999,20.318288197927114
1188,Oregon,2000,21.387801547564862
1189,Oregon,2001,19.54639175257732
1190,Oregon,2002,22.092733188720175
1191,Oregon,2003,18.198813056379823
1192,Oregon,2004,18.659107016300496
1193,Oregon,2005,17.707575757575757
1194,Oregon,2006,18.272566371681418
1195,Oregon,2007,17.33968609865471
1196,Oregon,2008,15.817635270541082
1197,Oregon,2009,15.129310344827585
1198,Oregon,2010,12.658252427184467
1199,Oregon,2011,13.229299363057326
1200,Oregon,2012,13.64655172413793
1201,Oregon,2013,14.592915980230641
1202,Oregon,2014,12.164485981308411
1203,Oregon,2015,13.333881578947368
1204,Oregon,2016,10.884160756501181
1205,Oregon,2017,16.654751525719266
1206,Oregon,2018,15.589805825242719
1207,Oregon,2019,15.745901639344263
1208,Pennsylvania,1988,39.44449262792715
1209,Pennsylvania,1989,35.082019848219495
1210,Pennsylvania,1990,31.888472622478385
1211,Pennsylvania,1991,32.97244201909959
1212,Pennsylvania,1992,29.294309909374537
1213,Pennsylvania,1993,31.362423368193294
1214,Pennsylvania,1994,33.81904600237651
1215,Pennsylvania,1995,28.79707792207792
1216,Pennsylvania,1996,27.16579868522155
1217,Pennsylvania,1997,25.437750688163586
1218,Pennsylvania,1998,25.16154024051804
1219,Pennsylvania,1999,26.288758116883116
1220,Pennsylvania,2000,24.064102564102566
1221,Pennsylvania,2001,24.37315846209127
1222,Pennsylvania,2002,22.280927835051546
1223,Pennsylvania,2003,22.455941869021338
1224,Pennsylvania,2004,21.86836221352711
1225,Pennsylvania,2005,23.333581672564723
1226,Pennsylvania,2006,21.292893600314095
1227,Pennsylvania,2007,21.118053469510365
1228,Pennsylvania,2008,19.533414832925835
1229,Pennsylvania,2009,17.34548611111111
1230,Pennsylvania,2010,19.151216767477845
1231,Pennsylvania,2011,17.56733369388859
1232,Pennsylvania,2012,17.281208233092755
1233,Pennsylvania,2013,16.88896045343295
1234,Pennsylvania,2014,16.714246947082767
1235,Pennsylvania,2015,17.0332689122032
1236,Pennsylvania,2016,15.551827653187356
1237,Pennsylvania,2017,15.248035714285715
1238,Pennsylvania,2018,14.585852478839177
1239,Pennsylvania,2019,15.570030581039756
1240,Puerto Rico,1988,38.461077844311376
1241,Puerto Rico,1989,34.825520833333336
1242,Puerto Rico,1990,34.75503355704698
1243,Puerto Rico,1991,31.961499493414387
1244,Puerto Rico,1992,28.94938539407086
1245,Puerto Rico,1993,33.83535762483131
1246,Puerto Rico,1994,31.342895263509007
1247,Puerto Rico,1995,26.08617482951023
1248,Puerto Rico,1996,28.960095294818345
1249,Puerto Rico,1997,33.66613924050633
1250,Puerto Rico,1998,31.036532170119955
1251,Puerto Rico,1999,32.70480404551201
1252,Puerto Rico,2000,30.456992084432716
1253,Puerto Rico,2001,28.66745171926519
1254,Puerto Rico,2002,29.207040296433533
1255,Puerto Rico,2003,29.509223300970874
1256,Puerto Rico,2004,28.146770025839793
1257,Puerto Rico,2005,29.501158748551564
1258,Puerto Rico,2006,32.13403990024938
1259,Puerto Rico,2007,31.28767942583732
1260,Puerto Rico,2008,27.692975532754538
1261,Puerto Rico,2009,24.033045977011493
1262,Puerto Rico,2010,27.530465949820787
1263,Puerto Rico,2011,24.411222136817834
1264,Puerto Rico,2012,29.20601407549584
1265,Puerto Rico,2013,26.18905472636816
1266,Puerto Rico,2014,26.651875
1267,Puerto Rico,2015,28.83603370058328
1268,Puerto Rico,2016,24.417398945518453
1269,Puerto Rico,2017,26.676156583629894
1270,Puerto Rico,2018,24.448275862068964
1271,Puerto Rico,2019,26.095238095238095
1272,Rhode Island,1988,32.793103448275865
1273,Rhode Island,1989,35.622950819672134
1274,Rhode Island,1990,33.6875
1275,Rhode Island,1991,34.327586206896555
1276,Rhode Island,1992,28.20175438596491
1277,Rhode Island,1993,30.581196581196583
1278,Rhode Island,1994,26.502347417840376
1279,Rhode Island,1995,21.04568527918782
1280,Rhode Island,1996,23.465346534653467
1281,Rhode Island,1997,23.351724137931033
1282,Rhode Island,1998,21.35377358490566
1283,Rhode Island,1999,23.065068493150687
1284,Rhode Island,2000,22.82336182336182
1285,Rhode Island,2001,21.931102362204726
1286,Rhode Island,2002,17.2
1287,Rhode Island,2003,19.635087719298244
1288,Rhode Island,2004,16.54268292682927
1289,Rhode Island,2005,18.700680272108844
1290,Rhode Island,2006,17.52097902097902
1291,Rhode Island,2007,14.811188811188812
1292,Rhode Island,2008,16.63157894736842
1293,Rhode Island,2009,15.22491349480969
1294,Rhode Island,2010,13.6993006993007
1295,Rhode Island,2011,12.9375
1296,Rhode Island,2012,12.572549019607843
1297,Rhode Island,2013,13.572916666666666
1298,Rhode Island,2014,12.365942028985508
1299,Rhode Island,2015,15.351724137931035
1300,Rhode Island,2016,11.732342007434944
1301,Rhode Island,2017,11.140425531914893
1302,Rhode Island,2018,12.760233918128655
1303,Rhode Island,2019,11.9875
1304,South Carolina,1988,30.710794297352344
1305,South Carolina,1989,29.46808510638298
1306,South Carolina,1990,28.623169107856192
1307,South Carolina,1991,29.604282315622523
1308,South Carolina,1992,32.852100840336135
1309,South Carolina,1993,30.41796134899583
1310,South Carolina,1994,29.578659868900218
1311,South Carolina,1995,28.893343419062028
1312,South Carolina,1996,29.44871794871795
1313,South Carolina,1997,28.705946337926033
1314,South Carolina,1998,30.50804868472713
1315,South Carolina,1999,29.59151072569603
1316,South Carolina,2000,29.53594489883771
1317,South Carolina,2001,27.384100418410043
1318,South Carolina,2002,24.710452543051662
1319,South Carolina,2003,24.33151718357083
1320,South Carolina,2004,26.041952983725135
1321,South Carolina,2005,26.484369511766772
1322,South Carolina,2006,24.41053299492386
1323,South Carolina,2007,23.781504395962227
1324,South Carolina,2008,20.86085219707057
1325,South Carolina,2009,19.463992707383774
1326,South Carolina,2010,19.65298245614035
1327,South Carolina,2011,19.765974765974764
1328,South Carolina,2012,17.598707110890103
1329,South Carolina,2013,15.286720867208672
1330,South Carolina,2014,15.789929615592854
1331,South Carolina,2015,15.507983441750444
1332,South Carolina,2016,15.412492269635127
1333,South Carolina,2017,15.053968253968254
1334,South Carolina,2018,14.202214022140222
1335,South Carolina,2019,14.355421686746988
1336,South Carolina,2020,10.354285714285714
1337,South Dakota,1988,28.517482517482517
1338,South Dakota,1989,26.473214285714285
1339,South Dakota,1990,30.27
1340,South Dakota,1991,27.88501026694045
1341,South Dakota,1992,29.37064413938754
1342,South Dakota,1993,26.34431137724551
1343,South Dakota,1994,32.97267206477733
1344,South Dakota,1995,28.98521505376344
1345,South Dakota,1996,28.842501447596987
1346,South Dakota,1997,29.48706152961472
1347,South Dakota,1998,24.734397677793904
1348,South Dakota,1999,24.1012101210121
1349,South Dakota,2000,23.582431572246975
1350,South Dakota,2001,25.251267605633803
1351,South Dakota,2002,24.49670855774985
1352,South Dakota,2003,25.956399437412095
1353,South Dakota,2004,23.764121663563003
1354,South Dakota,2005,17.552608311229
1355,South Dakota,2006,18.706418219461696
1356,South Dakota,2007,20.134654266073596
1357,South Dakota,2008,19.641260973663208
1358,South Dakota,2009,17.31007488087134
1359,South Dakota,2010,17.99210164835165
1360,South Dakota,2011,16.94097222222222
1361,South Dakota,2012,20.262880198634388
1362,South Dakota,2013,18.5343367826905
1363,South Dakota,2014,18.065591397849463
1364,South Dakota,2015,18.649621894130355
1365,South Dakota,2016,16.703752906011292
1366,South Dakota,2017,16.660168940870694
1367,South Dakota,2018,17.24577922077922
1368,South Dakota,2019,15.190837178642056
1369,Tennessee,1988,36.261319534282016
1370,Tennessee,1989,32.79347826086956
1371,Tennessee,1990,33.3961192617132
1372,Tennessee,1991,32.02507437314067
1373,Tennessee,1992,29.815678954736352
1374,Tennessee,1993,28.95347003154574
1375,Tennessee,1994,28.55131264916468
1376,Tennessee,1995,28.364920541494996
1377,Tennessee,1996,26.656259118762765
1378,Tennessee,1997,27.579954311821815
1379,Tennessee,1998,28.825782912739434
1380,Tennessee,1999,28.93425605536332
1381,Tennessee,2000,28.751385927505332
1382,Tennessee,2001,26.80939476061427
1383,Tennessee,2002,24.82905982905983
1384,Tennessee,2003,26.662961091460332
1385,Tennessee,2004,26.712793733681462
1386,Tennessee,2005,27.103918228279387
1387,Tennessee,2006,26.146061269146607
1388,Tennessee,2007,27.10158013544018
1389,Tennessee,2008,22.62891046386192
1390,Tennessee,2009,17.756078118772418
1391,Tennessee,2010,21.09080370942813
1392,Tennessee,2011,19.672727272727272
1393,Tennessee,2012,19.027748691099475
1394,Tennessee,2013,17.862926547137075
1395,Tennessee,2014,18.133627019089573
1396,Tennessee,2015,22.411908646003262
1397,Tennessee,2016,19.38160469667319
1398,Tennessee,2017,16.084075173095943
1399,Tennessee,2018,16.37574159525379
1400,Tennessee,2019,16.138148667601683
1401,Tennessee,2020,12.741935483870968
1402,Texas,1988,35.19147005444646
1403,Texas,1989,36.939320388349515
1404,Texas,1990,31.5972972972973
1405,Texas,1991,28.47117117117117
1406,Texas,1992,27.057938718662953
1407,Texas,1993,24.8978978978979
1408,Texas,1994,25.943579269849373
1409,Texas,1995,26.863117870722434
1410,Texas,1996,26.103683897801545
1411,Texas,1997,30.821257400620244
1412,Texas,1998,31.999312005503956
1413,Texas,1999,30.65409622886866
1414,Texas,2000,30.208083233293316
1415,Texas,2001,28.61814488828707
1416,Texas,2002,33.534169439467625
1417,Texas,2003,37.96998332406893
1418,Texas,2004,30.74018738921246
1419,Texas,2005,30.821739130434782
1420,Texas,2006,36.450596901193805
1421,Texas,2007,30.311763164789102
1422,Texas,2008,26.930491644465974
1423,Texas,2009,23.304413239719157
1424,Texas,2010,22.484561752988046
1425,Texas,2011,26.97503744383425
1426,Texas,2012,24.32724358974359
1427,Texas,2013,24.45273631840796
1428,Texas,2014,24.822974472807992
1429,Texas,2015,23.209717097170973
1430,Texas,2016,21.050931677018635
1431,Texas,2017,21.336184210526316
1432,Texas,2018,22.94147582697201
1433,Texas,2019,21.89564616447823
1434,Utah,1988,45.76296743063932
1435,Utah,1989,45.34538327526133
1436,Utah,1990,33.001973943939994
1437,Utah,1991,41.30289139633286
1438,Utah,1992,36.383033419023135
1439,Utah,1993,37.090058102001294
1440,Utah,1994,32.62383107088989
1441,Utah,1995,28.805084745762713
1442,Utah,1996,31.993032414419872
1443,Utah,1997,27.84412114014252
1444,Utah,1998,27.819730941704037
1445,Utah,1999,32.04253214638971
1446,Utah,2000,31.98018018018018
1447,Utah,2001,32.650055991041434
1448,Utah,2002,31.834
1449,Utah,2003,27.605612998522894
1450,Utah,2004,29.443689320388348
1451,Utah,2005,25.337777777777777
1452,Utah,2006,25.735323383084577
1453,Utah,2007,30.420031463030938
1454,Utah,2008,28.82204646564508
1455,Utah,2009,27.84675451439727
1456,Utah,2010,26.80305510092744
1457,Utah,2011,21.278459821428573
1458,Utah,2012,21.5987969924812
1459,Utah,2013,21.63344709897611
1460,Utah,2014,18.647325102880657
1461,Utah,2015,18.96911649726349
1462,Utah,2016,18.280136652025377
1463,Utah,2017,20.385271317829456
1464,Utah,2018,21.436750272628135
1465,Utah,2019,16.14745308310992
1466,Utah,2020,15.598915989159892
1467,Vermont,1988,22.656140350877195
1468,Vermont,1989,23.957236842105264
1469,Vermont,1990,22.870206489675518
1470,Vermont,1991,22.77479892761394
1471,Vermont,1992,22.201995012468828
1472,Vermont,1993,19.400452488687783
1473,Vermont,1994,19.64516129032258
1474,Vermont,1995,18.203821656050955
1475,Vermont,1996,19.137295081967213
1476,Vermont,1997,20.258517034068138
1477,Vermont,1998,19.985507246376812
1478,Vermont,1999,16.632022471910112
1479,Vermont,2000,14.414438502673796
1480,Vermont,2001,15.426136363636363
1481,Vermont,2002,15.05232558139535
1482,Vermont,2003,19.23204419889503
1483,Vermont,2004,15.643724696356275
1484,Vermont,2005,16.30392156862745
1485,Vermont,2006,13.809433962264151
1486,Vermont,2007,10.986247544204323
1487,Vermont,2008,9.875728155339806
1488,Vermont,2009,8.742004264392325
1489,Vermont,2010,9.77995642701525
1490,Vermont,2011,9.149717514124294
1491,Vermont,2012,6.919831223628692
1492,Vermont,2013,8.854111405835544
1493,Vermont,2014,9.955958549222798
1494,Vermont,2015,10.74074074074074
1495,Vermont,2016,9.177570093457945
1496,Vermont,2017,7.926530612244898
1497,Vermont,2018,7.572549019607843
1498,Vermont,2019,7.181034482758621
1499,Virgin Islands,1995,32.0
1500,Virgin Islands,1996,22.06
1501,Virgin Islands,1997,20.6993006993007
1502,Virgin Islands,1998,19.954248366013072
1503,Virgin Islands,1999,19.487179487179485
1504,Virgin Islands,2000,27.31764705882353
1505,Virgin Islands,2001,17.63243243243243
1506,Virgin Islands,2002,23.619718309859156
1507,Virgin Islands,2003,18.84978540772532
1508,Virgin Islands,2004,16.367441860465117
1509,Virgin Islands,2005,22.283464566929133
1510,Virgin Islands,2006,33.388888888888886
1511,Virgin Islands,2007,29.273684210526316
1512,Virgin Islands,2008,28.19672131147541
1513,Virgin Islands,2009,28.21904761904762
1514,Virgin Islands,2010,53.082352941176474
1515,Virgin Islands,2011,28.513513513513512
1516,Virgin Islands,2013,41.09090909090909
1517,Virgin Islands,2014,44.950819672131146
1518,Virgin Islands,2015,88.84
1519,Virginia,1988,32.09621451104101
1520,Virginia,1989,30.947670250896056
1521,Virginia,1990,26.892198581560283
1522,Virginia,1991,26.98905109489051
1523,Virginia,1992,23.038782523318606
1524,Virginia,1993,23.10632911392405
1525,Virginia,1994,21.707090464547676
1526,Virginia,1995,22.313563692625063
1527,Virginia,1996,21.66738894907909
1528,Virginia,1997,21.3986856516977
1529,Virginia,1998,21.32097100472016
1530,Virginia,1999,20.322935779816515
1531,Virginia,2000,20.968984962406015
1532,Virginia,2001,18.87378640776699
1533,Virginia,2002,18.122330097087378
1534,Virginia,2003,17.642502482621648
1535,Virginia,2004,18.50919540229885
1536,Virginia,2005,21.21353558926488
1537,Virginia,2006,20.556277056277057
1538,Virginia,2007,20.994355597365946
1539,Virginia,2008,19.35253227408143
1540,Virginia,2009,15.946961325966852
1541,Virginia,2010,16.587336244541486
1542,Virginia,2011,15.797014925373134
1543,Virginia,2012,13.526838966202783
1544,Virginia,2013,12.061684460260972
1545,Virginia,2014,11.75984752223634
1546,Virginia,2015,12.64655172413793
1547,Virginia,2016,12.327464788732394
1548,Virginia,2017,11.251219512195123
1549,Virginia,2018,10.353403141361257
1550,Virginia,2019,9.351920693928129
1551,Virginia,2020,5.4324324324324325
1552,Washington,1988,39.48059701492537
1553,Washington,1989,34.85141373341027
1554,Washington,1990,31.142172926644818
1555,Washington,1991,32.36656819300837
1556,Washington,1992,31.151573849878936
1557,Washington,1993,30.664319781966842
1558,Washington,1994,25.558856129461315
1559,Washington,1995,23.110662177328845
1560,Washington,1996,23.56269191402252
1561,Washington,1997,24.799852107468574
1562,Washington,1998,21.48205128205128
1563,Washington,1999,21.760062524423603
1564,Washington,2000,23.954919809276117
1565,Washington,2001,24.040431266846362
1566,Washington,2002,24.633170731707317
1567,Washington,2003,24.53169533169533
1568,Washington,2004,22.75401560348784
1569,Washington,2005,22.401636764242998
1570,Washington,2006,21.01158301158301
1571,Washington,2007,19.64598681659558
1572,Washington,2008,22.92071086807929
1573,Washington,2009,20.660267111853088
1574,Washington,2010,16.168014375561544
1575,Washington,2011,18.599498327759196
1576,Washington,2012,18.443661971830984
1577,Washington,2013,19.614184397163122
1578,Washington,2014,19.40066777963272
1579,Washington,2015,20.655849701110164
1580,Washington,2016,16.705137227304714
1581,Washington,2017,21.1254851228978
1582,Washington,2018,19.5
1583,Washington,2019,17.598333333333333
1584,West Virginia,1988,42.880174291939
1585,West Virginia,1989,41.71230158730159
1586,West Virginia,1990,40.78103448275862
1587,West Virginia,1991,39.53410740203193
1588,West Virginia,1992,33.59891008174387
1589,West Virginia,1993,32.78428022212729
1590,West Virginia,1994,34.625850340136054
1591,West Virginia,1995,32.71678023850085
1592,West Virginia,1996,30.693581780538302
1593,West Virginia,1997,27.279505582137162
1594,West Virginia,1998,28.82714521452145
1595,West Virginia,1999,25.073993942016443
1596,West Virginia,2000,25.267990074441688
1597,West Virginia,2001,27.351038145823274
1598,West Virginia,2002,26.274978279756734
1599,West Virginia,2003,26.01761338617349
1600,West Virginia,2004,25.005347593582886
1601,West Virginia,2005,23.046278924327705
1602,West Virginia,2006,22.773333333333333
1603,West Virginia,2007,24.730301089045483
1604,West Virginia,2008,19.400363416111446
1605,West Virginia,2009,16.940217391304348
1606,West Virginia,2010,17.998775260257194
1607,West Virginia,2011,16.00139567341242
1608,West Virginia,2012,15.270847691247415
1609,West Virginia,2013,13.560540872771973
1610,West Virginia,2014,13.35204081632653
1611,West Virginia,2015,13.1961970613656
1612,West Virginia,2016,14.794117647058824
1613,West Virginia,2017,13.189950980392156
1614,West Virginia,2018,13.333796940194715
1615,West Virginia,2019,14.55718954248366
1616,Wisconsin,1988,26.51132075471698
1617,Wisconsin,1989,31.76546184738956
1618,Wisconsin,1990,27.181488203266788
1619,Wisconsin,1991,24.70014556040757
1620,Wisconsin,1992,21.38920134983127
1621,Wisconsin,1993,21.20880503144654
1622,Wisconsin,1994,21.5188679245283
1623,Wisconsin,1995,21.768627450980393
1624,Wisconsin,1996,21.225174825174825
1625,Wisconsin,1997,20.421259842519685
1626,Wisconsin,1998,22.629961587708067
1627,Wisconsin,1999,20.913928012519563
1628,Wisconsin,2000,19.44956140350877
1629,Wisconsin,2001,19.0
1630,Wisconsin,2002,17.511777301927197
1631,Wisconsin,2003,18.43126177024482
1632,Wisconsin,2004,17.25423728813559
1633,Wisconsin,2005,20.924324324324324
1634,Wisconsin,2006,17.3896484375
1635,Wisconsin,2007,19.09371781668383
1636,Wisconsin,2008,16.06641721234799
1637,Wisconsin,2009,15.970873786407767
1638,Wisconsin,2010,17.21153846153846
1639,Wisconsin,2011,14.67457627118644
1640,Wisconsin,2012,14.374799786438867
1641,Wisconsin,2013,13.36819360414866
1642,Wisconsin,2014,12.637706855791961
1643,Wisconsin,2015,12.20560190703218
1644,Wisconsin,2016,11.217785843920145
1645,Wisconsin,2017,11.78503629257398
1646,Wisconsin,2018,13.300816696914701
1647,Wisconsin,2019,14.460848287112562
1648,Wyoming,1988,38.50484094052559
1649,Wyoming,1989,29.88987764182425
1650,Wyoming,1990,25.088259109311743
1651,Wyoming,1991,27.442329873125722
1652,Wyoming,1992,24.812527765437583
1653,Wyoming,1993,21.05269607843137
1654,Wyoming,1994,24.28652321630804
1655,Wyoming,1995,18.696807151979566
1656,Wyoming,1996,17.694776931447226
1657,Wyoming,1997,16.82459782044629
1658,Wyoming,1998,16.285264940721024
1659,Wyoming,1999,19.254513540621865
1660,Wyoming,2000,19.616644823066842
1661,Wyoming,2001,22.07118254879449
1662,Wyoming,2002,22.954050409708536
1663,Wyoming,2003,21.78963770938839
1664,Wyoming,2004,20.113525458060952
1665,Wyoming,2005,19.93044847881953
1666,Wyoming,2006,21.53835436179271
1667,Wyoming,2007,22.719299531066824
1668,Wyoming,2008,20.57914463556656
1669,Wyoming,2009,16.761913719588662
1670,Wyoming,2010,16.57317587515816
1671,Wyoming,2011,15.822996735811309
1672,Wyoming,2012,20.37059514487079
1673,Wyoming,2013,15.187440305635148
1674,Wyoming,2014,14.950809464508094
1675,Wyoming,2015,15.121258341277407
1676,Wyoming,2016,13.819693614713724
1677,Wyoming,2017,15.330009927057706
1678,Wyoming,2018,14.996070891155325
1679,Wyoming,2019,12.267746310986889
