,STATE,Year,PM2.5 (in ug/m3 LC)
0,Alabama,1999.0,19.81649011299435
1,Alabama,2000.0,17.80945558739255
2,Alabama,2001.0,15.488282402528977
3,Alabama,2002.0,14.717761743936137
4,Alabama,2003.0,14.774763773804333
5,Alabama,2004.0,14.722874683037501
6,Alabama,2005.0,15.776068052930057
7,Alabama,2006.0,15.22505928853755
8,Alabama,2007.0,15.610742945896972
9,Alabama,2008.0,12.903442560244804
10,Alabama,2009.0,10.69785219399538
11,Alabama,2010.0,11.893441910966342
12,Alabama,2011.0,11.604509172384821
13,Alabama,2012.0,10.159030837004405
14,Alabama,2013.0,9.608721864951768
15,Alabama,2014.0,10.092372017132368
16,Alabama,2015.0,9.738797972483706
17,Alabama,2016.0,8.926241671714113
18,Alabama,2017.0,8.938773388773388
19,Alabama,2018.0,8.65929978118162
20,Alabama,2019.0,9.141292392300642
21,Alabama,2020.0,7.839576365663323
22,Alaska,1999.0,5.849630996309963
23,Alaska,2000.0,6.192515592515592
24,Alaska,2001.0,5.740258449304175
25,Alaska,2002.0,5.179180064308682
26,Alaska,2003.0,4.312993762993764
27,Alaska,2004.0,7.530840258541089
28,Alaska,2005.0,4.527990033222591
29,Alaska,2006.0,6.3613110539845765
30,Alaska,2007.0,6.238207547169812
31,Alaska,2008.0,6.615548780487805
32,Alaska,2009.0,8.488309352517986
33,Alaska,2010.0,7.083017832647462
34,Alaska,2011.0,6.18044537230341
35,Alaska,2012.0,6.762209302325582
36,Alaska,2013.0,8.40616854908775
37,Alaska,2014.0,10.023306469178829
38,Alaska,2015.0,10.370990857425253
39,Alaska,2016.0,7.296812971764048
40,Alaska,2017.0,7.1545692589683165
41,Alaska,2018.0,6.408323752586801
42,Alaska,2019.0,8.365184539378088
43,Alaska,2020.0,6.269260700389105
44,Arizona,1999.0,9.454295532646048
45,Arizona,2000.0,8.70761346998536
46,Arizona,2001.0,7.457335041639974
47,Arizona,2002.0,7.302720207253886
48,Arizona,2003.0,6.631804091754495
49,Arizona,2004.0,5.7634648868253056
50,Arizona,2005.0,6.920137649757838
51,Arizona,2006.0,7.283554647599591
52,Arizona,2007.0,7.154610911104957
53,Arizona,2008.0,6.8089997213708555
54,Arizona,2009.0,6.303642476884281
55,Arizona,2010.0,5.976524320621147
56,Arizona,2011.0,7.6823178226514495
57,Arizona,2012.0,7.545698924731183
58,Arizona,2013.0,7.012102093490106
59,Arizona,2014.0,7.196953316953317
60,Arizona,2015.0,6.321488729254397
61,Arizona,2016.0,6.911048158640226
62,Arizona,2017.0,7.5481365335906405
63,Arizona,2018.0,6.97628603443007
64,Arizona,2019.0,5.983466336967517
65,Arizona,2020.0,7.284210526315789
66,Arkansas,1999.0,15.111595866819748
67,Arkansas,2000.0,14.44870486656201
68,Arkansas,2001.0,13.259550938337801
69,Arkansas,2002.0,11.818350268977882
70,Arkansas,2003.0,11.931461371393112
71,Arkansas,2004.0,11.541031855955678
72,Arkansas,2005.0,14.194478063540089
73,Arkansas,2006.0,11.766003683241253
74,Arkansas,2007.0,12.317769516728626
75,Arkansas,2008.0,11.06111308046792
76,Arkansas,2009.0,10.001453385324352
77,Arkansas,2010.0,11.363811863811863
78,Arkansas,2011.0,11.261970410221922
79,Arkansas,2012.0,10.054923076923076
80,Arkansas,2013.0,9.541351466213344
81,Arkansas,2014.0,9.239769329346434
82,Arkansas,2015.0,8.688873751135333
83,Arkansas,2016.0,8.498275035936752
84,Arkansas,2017.0,8.765773893431069
85,Arkansas,2018.0,8.729512735326688
86,Arkansas,2019.0,8.585545224006761
87,Arkansas,2020.0,6.9366492146596865
88,California,1999.0,16.790677463954175
89,California,2000.0,14.729574569033687
90,California,2001.0,14.962102210945996
91,California,2002.0,16.115942663995995
92,California,2003.0,13.716683738024944
93,California,2004.0,13.125144283263142
94,California,2005.0,12.470165019714745
95,California,2006.0,12.404878048780487
96,California,2007.0,12.970777138338532
97,California,2008.0,13.558975898790935
98,California,2009.0,11.886826868369088
99,California,2010.0,10.186502810166933
100,California,2011.0,11.523196071979955
101,California,2012.0,10.112497474010373
102,California,2013.0,10.81024030759372
103,California,2014.0,10.105528134254689
104,California,2015.0,9.846908493059457
105,California,2016.0,9.157176047517073
106,California,2017.0,10.318926324335296
107,California,2018.0,11.399396661134432
108,California,2019.0,7.828256399208789
109,California,2020.0,7.446363345081705
110,Colorado,1999.0,6.011484098939929
111,Colorado,2000.0,7.3707228116710874
112,Colorado,2001.0,7.7967712733856365
113,Colorado,2002.0,7.377557959814529
114,Colorado,2003.0,7.159929804036268
115,Colorado,2004.0,6.696475903614457
116,Colorado,2005.0,6.753722117710293
117,Colorado,2006.0,6.817698412698413
118,Colorado,2007.0,7.379916815210932
119,Colorado,2008.0,6.473346693386774
120,Colorado,2009.0,6.064141553773846
121,Colorado,2010.0,6.04932735426009
122,Colorado,2011.0,5.92007007007007
123,Colorado,2012.0,6.410961791831356
124,Colorado,2013.0,5.975306358381503
125,Colorado,2014.0,6.122612681436211
126,Colorado,2015.0,5.934512344598144
127,Colorado,2016.0,5.810685335298452
128,Colorado,2017.0,6.318917047500347
129,Colorado,2018.0,7.02175222629649
130,Colorado,2019.0,6.648296338187474
131,Colorado,2020.0,6.056674123788218
132,Connecticut,1999.0,13.27608535688006
133,Connecticut,2000.0,13.382337662337662
134,Connecticut,2001.0,13.721022993899577
135,Connecticut,2002.0,13.110022573363432
136,Connecticut,2003.0,12.893202293202293
137,Connecticut,2004.0,12.020872641509433
138,Connecticut,2005.0,12.825609756097561
139,Connecticut,2006.0,11.337384987893463
140,Connecticut,2007.0,11.014482231562859
141,Connecticut,2008.0,10.555539516420065
142,Connecticut,2009.0,8.836990256225189
143,Connecticut,2010.0,8.35367847411444
144,Connecticut,2011.0,9.331020196789229
145,Connecticut,2012.0,8.756752655538696
146,Connecticut,2013.0,9.291128372853638
147,Connecticut,2014.0,8.411023955904177
148,Connecticut,2015.0,8.251775700934578
149,Connecticut,2016.0,7.022104945717732
150,Connecticut,2017.0,5.984199395770393
151,Connecticut,2018.0,6.992721347093971
152,Connecticut,2019.0,6.911724830529752
153,Connecticut,2020.0,7.168406961178046
154,Delaware,1999.0,14.492895204262878
155,Delaware,2000.0,15.03380581148122
156,Delaware,2001.0,15.992923898531377
157,Delaware,2002.0,14.856290956749673
158,Delaware,2003.0,14.171150442477876
159,Delaware,2004.0,13.945365053322396
160,Delaware,2005.0,14.440097799511003
161,Delaware,2006.0,13.289505119453924
162,Delaware,2007.0,13.47052810902896
163,Delaware,2008.0,12.612510936132983
164,Delaware,2009.0,10.558447098976108
165,Delaware,2010.0,10.739607843137254
166,Delaware,2011.0,10.133768778576094
167,Delaware,2012.0,9.726873536299765
168,Delaware,2013.0,8.790992566681242
169,Delaware,2014.0,9.109758032526775
170,Delaware,2015.0,8.895636025998144
171,Delaware,2016.0,7.727082341742028
172,Delaware,2017.0,7.505982274741507
173,Delaware,2018.0,7.230336168489267
174,Delaware,2019.0,7.555948174322733
175,Delaware,2020.0,7.523888888888889
176,District Of Columbia,1999.0,15.850722543352601
177,District Of Columbia,2000.0,16.073350253807106
178,District Of Columbia,2001.0,16.226996966632964
179,District Of Columbia,2002.0,15.544724104549855
180,District Of Columbia,2003.0,13.741352201257861
181,District Of Columbia,2004.0,13.952728613569322
182,District Of Columbia,2005.0,14.211220196353437
183,District Of Columbia,2006.0,12.832211882605582
184,District Of Columbia,2007.0,12.69557251908397
185,District Of Columbia,2008.0,11.058352059925094
186,District Of Columbia,2009.0,9.605092250922509
187,District Of Columbia,2010.0,10.456633813495072
188,District Of Columbia,2011.0,10.633353884093712
189,District Of Columbia,2012.0,10.274886141834743
190,District Of Columbia,2013.0,9.69697821503865
191,District Of Columbia,2014.0,9.646070460704607
192,District Of Columbia,2015.0,9.783700081499592
193,District Of Columbia,2016.0,8.967026578073089
194,District Of Columbia,2017.0,9.391079460269866
195,District Of Columbia,2018.0,8.654087638979725
196,District Of Columbia,2019.0,8.254335260115607
197,District Of Columbia,2020.0,6.231769722814499
198,Florida,1999.0,11.34835228367701
199,Florida,2000.0,11.389443034194416
200,Florida,2001.0,10.137936507936507
201,Florida,2002.0,9.40126362160909
202,Florida,2003.0,9.546702625686953
203,Florida,2004.0,10.685223055366205
204,Florida,2005.0,10.703772660460558
205,Florida,2006.0,10.232709554409999
206,Florida,2007.0,10.081441628313994
207,Florida,2008.0,9.021554547021314
208,Florida,2009.0,8.36073225839581
209,Florida,2010.0,8.684468664850135
210,Florida,2011.0,9.209046862589355
211,Florida,2012.0,8.165308778551442
212,Florida,2013.0,7.506485921554162
213,Florida,2014.0,7.752837729816147
214,Florida,2015.0,7.382775949745738
215,Florida,2016.0,7.508997299122214
216,Florida,2017.0,8.123795083553777
217,Florida,2018.0,7.5655933406465765
218,Florida,2019.0,7.69629427130794
219,Florida,2020.0,8.244717800289436
220,Georgia,1999.0,19.74962459778334
221,Georgia,2000.0,17.573201605433777
222,Georgia,2001.0,15.797567409144198
223,Georgia,2002.0,14.283538993089833
224,Georgia,2003.0,14.073248175182481
225,Georgia,2004.0,14.304260418053522
226,Georgia,2005.0,14.629215830875124
227,Georgia,2006.0,15.024881087202719
228,Georgia,2007.0,14.927880590438422
229,Georgia,2008.0,12.774950135992748
230,Georgia,2009.0,11.013850213850214
231,Georgia,2010.0,12.072085618255793
232,Georgia,2011.0,12.10782043288501
233,Georgia,2012.0,10.53856427378965
234,Georgia,2013.0,9.468875520592318
235,Georgia,2014.0,10.03852361302155
236,Georgia,2015.0,8.844782168186423
237,Georgia,2016.0,8.773342460395071
238,Georgia,2017.0,8.654529349238219
239,Georgia,2018.0,8.243487069479205
240,Georgia,2019.0,9.17611533658758
241,Georgia,2020.0,8.268129496402878
242,Hawaii,1999.0,4.6321925133689845
243,Hawaii,2000.0,4.2695344129554655
244,Hawaii,2001.0,4.074513124470787
245,Hawaii,2002.0,3.9065671641791044
246,Hawaii,2003.0,4.294980079681275
247,Hawaii,2004.0,3.732828282828283
248,Hawaii,2005.0,4.046304957904583
249,Hawaii,2006.0,3.915838926174497
250,Hawaii,2007.0,3.6242494226327944
251,Hawaii,2008.0,8.415396341463415
252,Hawaii,2009.0,7.151331320340379
253,Hawaii,2010.0,7.406892922915022
254,Hawaii,2011.0,6.137926916646764
255,Hawaii,2012.0,7.363414081956079
256,Hawaii,2013.0,6.312826797385621
257,Hawaii,2014.0,5.781575950808472
258,Hawaii,2015.0,6.093965183752418
259,Hawaii,2016.0,6.454448536538089
260,Hawaii,2017.0,5.577587939698493
261,Hawaii,2018.0,5.4148927392739274
262,Hawaii,2019.0,2.858539435248296
263,Hawaii,2020.0,3.123246073298429
264,Idaho,1999.0,12.94038338658147
265,Idaho,2000.0,11.991460333501768
266,Idaho,2001.0,9.486213991769548
267,Idaho,2002.0,8.574019933554817
268,Idaho,2003.0,7.309393063583816
269,Idaho,2004.0,7.952354467927327
270,Idaho,2005.0,7.848692810457517
271,Idaho,2006.0,7.961053896326811
272,Idaho,2007.0,8.219600725952812
273,Idaho,2008.0,7.344159226190476
274,Idaho,2009.0,7.224880805226912
275,Idaho,2010.0,8.163440860215054
276,Idaho,2011.0,7.0862248891207935
277,Idaho,2012.0,9.34115898959881
278,Idaho,2013.0,9.779993514915693
279,Idaho,2014.0,8.51969696969697
280,Idaho,2015.0,8.480698123620309
281,Idaho,2016.0,6.768016729033678
282,Idaho,2017.0,9.6600332709503
283,Idaho,2018.0,7.990584346342503
284,Idaho,2019.0,6.599712908848559
285,Idaho,2020.0,6.015657084188912
286,Illinois,1999.0,16.724550035997122
287,Illinois,2000.0,15.988229777256741
288,Illinois,2001.0,15.668509057129588
289,Illinois,2002.0,14.926026805015132
290,Illinois,2003.0,14.379540287951503
291,Illinois,2004.0,13.06129268292683
292,Illinois,2005.0,15.752759948652118
293,Illinois,2006.0,13.023169175810157
294,Illinois,2007.0,13.488641022549139
295,Illinois,2008.0,11.721389578163771
296,Illinois,2009.0,11.34848696461825
297,Illinois,2010.0,12.185160758450124
298,Illinois,2011.0,12.261332120936576
299,Illinois,2012.0,10.978947368421052
300,Illinois,2013.0,10.095665399239545
301,Illinois,2014.0,10.340040538050488
302,Illinois,2015.0,9.766301138760017
303,Illinois,2016.0,8.564202956452258
304,Illinois,2017.0,8.699882075471699
305,Illinois,2018.0,9.310956558955702
306,Illinois,2019.0,9.214950880065492
307,Illinois,2020.0,8.736886993603411
308,Indiana,1999.0,15.639702581369248
309,Indiana,2000.0,15.940675888635965
310,Indiana,2001.0,15.633425925925927
311,Indiana,2002.0,14.892124072825355
312,Indiana,2003.0,14.510060711188206
313,Indiana,2004.0,13.54505862646566
314,Indiana,2005.0,16.23547118644068
315,Indiana,2006.0,13.02769071363813
316,Indiana,2007.0,14.278799920524538
317,Indiana,2008.0,12.709855795294374
318,Indiana,2009.0,12.397579079593468
319,Indiana,2010.0,13.316194331983805
320,Indiana,2011.0,12.277380611953102
321,Indiana,2012.0,11.227397260273973
322,Indiana,2013.0,10.775717439293599
323,Indiana,2014.0,11.48170235356574
324,Indiana,2015.0,10.057014388489208
325,Indiana,2016.0,8.596479769276444
326,Indiana,2017.0,8.344461345740873
327,Indiana,2018.0,8.890685034204854
328,Indiana,2019.0,8.803390324460851
329,Indiana,2020.0,8.945477282200917
330,Iowa,1999.0,11.523739956172388
331,Iowa,2000.0,10.930123641813413
332,Iowa,2001.0,11.528895877009084
333,Iowa,2002.0,11.047252385653175
334,Iowa,2003.0,11.159577278731835
335,Iowa,2004.0,10.098547918683447
336,Iowa,2005.0,12.197862957937586
337,Iowa,2006.0,10.400071736011478
338,Iowa,2007.0,12.138618200567155
339,Iowa,2008.0,11.068163628279235
340,Iowa,2009.0,10.79143585386576
341,Iowa,2010.0,11.528180488823898
342,Iowa,2011.0,10.540043031317236
343,Iowa,2012.0,9.974306156144351
344,Iowa,2013.0,9.810742532442601
345,Iowa,2014.0,9.938669214155174
346,Iowa,2015.0,9.247003389270066
347,Iowa,2016.0,8.284460587842352
348,Iowa,2017.0,8.400086737791657
349,Iowa,2018.0,8.527670819177049
350,Iowa,2019.0,7.7713405663847
351,Iowa,2020.0,8.324381188118812
352,Kansas,1999.0,12.391900075700228
353,Kansas,2000.0,11.457372346528974
354,Kansas,2001.0,11.48750743604997
355,Kansas,2002.0,11.260808625336926
356,Kansas,2003.0,10.900193236714976
357,Kansas,2004.0,9.699422991566799
358,Kansas,2005.0,11.10520926090828
359,Kansas,2006.0,9.146440844378988
360,Kansas,2007.0,10.256341463414634
361,Kansas,2008.0,9.321183378500452
362,Kansas,2009.0,8.672017673048602
363,Kansas,2010.0,8.826366251198465
364,Kansas,2011.0,9.657869709938183
365,Kansas,2012.0,8.81609139523578
366,Kansas,2013.0,8.84202822791427
367,Kansas,2014.0,9.156476079346557
368,Kansas,2015.0,7.561721710882512
369,Kansas,2016.0,6.597793035801863
370,Kansas,2017.0,7.11972731146144
371,Kansas,2018.0,7.775257731958764
372,Kansas,2019.0,7.520132013201319
373,Kansas,2020.0,6.732618025751073
374,Kentucky,1999.0,15.936009087466868
375,Kentucky,2000.0,16.207096069868996
376,Kentucky,2001.0,15.66096701889209
377,Kentucky,2002.0,14.826041371493341
378,Kentucky,2003.0,14.338759479956662
379,Kentucky,2004.0,13.260097205346295
380,Kentucky,2005.0,15.716500849308419
381,Kentucky,2006.0,13.587075887075887
382,Kentucky,2007.0,13.628779271165303
383,Kentucky,2008.0,10.668509865005191
384,Kentucky,2009.0,9.258182626741773
385,Kentucky,2010.0,10.057910931174089
386,Kentucky,2011.0,10.01320051830256
387,Kentucky,2012.0,9.383270584383697
388,Kentucky,2013.0,8.916016211347944
389,Kentucky,2014.0,9.104344158582876
390,Kentucky,2015.0,9.264319667260844
391,Kentucky,2016.0,9.109462365591398
392,Kentucky,2017.0,8.729854635216675
393,Kentucky,2018.0,8.762373557486821
394,Kentucky,2019.0,8.407039420756234
395,Kentucky,2020.0,7.996230598669623
396,Louisiana,1999.0,14.293732308936516
397,Louisiana,2000.0,12.832403131901224
398,Louisiana,2001.0,11.617402894135568
399,Louisiana,2002.0,10.42829428989751
400,Louisiana,2003.0,11.525533703143385
401,Louisiana,2004.0,10.952257266542981
402,Louisiana,2005.0,12.520565865530878
403,Louisiana,2006.0,12.259167769445671
404,Louisiana,2007.0,10.951112503917267
405,Louisiana,2008.0,10.046465275615073
406,Louisiana,2009.0,9.042194282293071
407,Louisiana,2010.0,9.77984347548315
408,Louisiana,2011.0,9.542724890829694
409,Louisiana,2012.0,8.911518229639034
410,Louisiana,2013.0,8.17142857142857
411,Louisiana,2014.0,8.943239522789844
412,Louisiana,2015.0,8.932888651725364
413,Louisiana,2016.0,8.434095063985374
414,Louisiana,2017.0,8.203338747518497
415,Louisiana,2018.0,8.667076868200464
416,Louisiana,2019.0,8.263027340213652
417,Louisiana,2020.0,6.531453362255966
418,Maine,1999.0,6.276881720430108
419,Maine,2000.0,4.843203883495145
420,Maine,2001.0,6.254929577464789
421,Maine,2002.0,6.064212076583211
422,Maine,2003.0,5.927077363896848
423,Maine,2004.0,5.2965277777777775
424,Maine,2005.0,5.30042735042735
425,Maine,2006.0,5.776360392506691
426,Maine,2007.0,5.487338262476895
427,Maine,2008.0,5.355499580184718
428,Maine,2009.0,4.873327222731439
429,Maine,2010.0,5.468767605633802
430,Maine,2011.0,5.796332518337409
431,Maine,2012.0,5.4170898831116485
432,Maine,2013.0,5.8247270165551255
433,Maine,2014.0,6.160405405405405
434,Maine,2015.0,6.23841858387313
435,Maine,2016.0,5.343614509551406
436,Maine,2017.0,5.509362307067424
437,Maine,2018.0,5.113077423552375
438,Maine,2019.0,4.941011984021305
439,Maine,2020.0,5.748221906116643
440,Maryland,1999.0,15.985082872928176
441,Maryland,2000.0,16.04866723989682
442,Maryland,2001.0,15.449786675418444
443,Maryland,2002.0,15.253661394258934
444,Maryland,2003.0,14.274836091164534
445,Maryland,2004.0,14.717092280905398
446,Maryland,2005.0,15.169304906542056
447,Maryland,2006.0,13.44467607440667
448,Maryland,2007.0,13.512311722331368
449,Maryland,2008.0,12.29346284304656
450,Maryland,2009.0,10.397834784655213
451,Maryland,2010.0,11.0250234082397
452,Maryland,2011.0,10.754326579261026
453,Maryland,2012.0,9.904852227613587
454,Maryland,2013.0,8.962499999999999
455,Maryland,2014.0,9.027820932134096
456,Maryland,2015.0,9.07577511368334
457,Maryland,2016.0,7.534569377990431
458,Maryland,2017.0,7.5295398428731755
459,Maryland,2018.0,7.301826375711575
460,Maryland,2019.0,6.8116989046842225
461,Maryland,2020.0,5.376172248803828
462,Massachusetts,1999.0,12.01088024178315
463,Massachusetts,2000.0,11.674819059107357
464,Massachusetts,2001.0,12.405018472906404
465,Massachusetts,2002.0,12.02347721822542
466,Massachusetts,2003.0,11.6398891966759
467,Massachusetts,2004.0,11.221322160148976
468,Massachusetts,2005.0,10.593235644913953
469,Massachusetts,2006.0,9.28443922489724
470,Massachusetts,2007.0,10.534790930506478
471,Massachusetts,2008.0,9.738116788321168
472,Massachusetts,2009.0,8.700821508588499
473,Massachusetts,2010.0,8.382287876582739
474,Massachusetts,2011.0,9.041321111596101
475,Massachusetts,2012.0,8.150493716337524
476,Massachusetts,2013.0,8.020590765701176
477,Massachusetts,2014.0,7.387626828304124
478,Massachusetts,2015.0,6.962011395256393
479,Massachusetts,2016.0,6.042034364261169
480,Massachusetts,2017.0,6.381355218855219
481,Massachusetts,2018.0,6.590550657128598
482,Massachusetts,2019.0,6.413788741302973
483,Massachusetts,2020.0,7.335067712045617
484,Michigan,1999.0,13.770683271625714
485,Michigan,2000.0,13.442629674306392
486,Michigan,2001.0,13.637632179141614
487,Michigan,2002.0,12.738746105919002
488,Michigan,2003.0,13.054738916256158
489,Michigan,2004.0,11.45868075944412
490,Michigan,2005.0,13.77030303030303
491,Michigan,2006.0,11.643228247162673
492,Michigan,2007.0,12.016139978791092
493,Michigan,2008.0,10.590583398590447
494,Michigan,2009.0,9.642198731501058
495,Michigan,2010.0,9.466553242594076
496,Michigan,2011.0,9.088320920785376
497,Michigan,2012.0,9.076172515578879
498,Michigan,2013.0,8.552404586684922
499,Michigan,2014.0,9.118442667834849
500,Michigan,2015.0,8.895378387495784
501,Michigan,2016.0,7.884489884707418
502,Michigan,2017.0,7.857455039732329
503,Michigan,2018.0,8.196187532199897
504,Michigan,2019.0,8.129395702243855
505,Michigan,2020.0,7.64355871886121
506,Minnesota,1999.0,9.801385681293302
507,Minnesota,2000.0,10.879635535307516
508,Minnesota,2001.0,9.87552780255724
509,Minnesota,2002.0,9.406774595267745
510,Minnesota,2003.0,9.892386580914305
511,Minnesota,2004.0,9.00639246778989
512,Minnesota,2005.0,9.35341754385965
513,Minnesota,2006.0,8.137300975860299
514,Minnesota,2007.0,9.01031302766593
515,Minnesota,2008.0,8.845438453159042
516,Minnesota,2009.0,8.621882845188285
517,Minnesota,2010.0,8.468851195065536
518,Minnesota,2011.0,7.9657971459260395
519,Minnesota,2012.0,7.367411371237458
520,Minnesota,2013.0,6.993940484761219
521,Minnesota,2014.0,7.015231014338821
522,Minnesota,2015.0,6.474448897795591
523,Minnesota,2016.0,5.645715242133453
524,Minnesota,2017.0,6.047239594565451
525,Minnesota,2018.0,6.675634517766498
526,Minnesota,2019.0,6.080011540680901
527,Minnesota,2020.0,6.473201621073962
528,Mississippi,1999.0,16.157435897435896
529,Mississippi,2000.0,14.309258446687144
530,Mississippi,2001.0,12.693739703459638
531,Mississippi,2002.0,11.956009698649117
532,Mississippi,2003.0,12.711634709132271
533,Mississippi,2004.0,12.298761695101815
534,Mississippi,2005.0,13.646058091286307
535,Mississippi,2006.0,12.51739618406285
536,Mississippi,2007.0,12.587989991659716
537,Mississippi,2008.0,11.471481383681015
538,Mississippi,2009.0,10.227969882877858
539,Mississippi,2010.0,11.086880856760375
540,Mississippi,2011.0,10.87881067961165
541,Mississippi,2012.0,10.141114457831325
542,Mississippi,2013.0,9.663966142684401
543,Mississippi,2014.0,10.086666666666666
544,Mississippi,2015.0,9.181547845977889
545,Mississippi,2016.0,8.448618572524943
546,Mississippi,2017.0,8.50725865880619
547,Mississippi,2018.0,8.693967758710349
548,Mississippi,2019.0,8.81853896103896
549,Mississippi,2020.0,8.557794676806084
550,Missouri,1999.0,13.555692199578356
551,Missouri,2000.0,14.121736935117394
552,Missouri,2001.0,13.960573394495412
553,Missouri,2002.0,13.692412600845177
554,Missouri,2003.0,13.072198772064468
555,Missouri,2004.0,11.888172273409042
556,Missouri,2005.0,14.443213162351803
557,Missouri,2006.0,11.81031746031746
558,Missouri,2007.0,12.958252427184465
559,Missouri,2008.0,11.96210798577433
560,Missouri,2009.0,10.82856618322012
561,Missouri,2010.0,11.211926977687627
562,Missouri,2011.0,10.95642435349216
563,Missouri,2012.0,10.206800467653936
564,Missouri,2013.0,9.804494007989348
565,Missouri,2014.0,9.941867717052356
566,Missouri,2015.0,9.061819134078211
567,Missouri,2016.0,7.758551646706587
568,Missouri,2017.0,7.966679202707786
569,Missouri,2018.0,8.263381707728653
570,Missouri,2019.0,8.168384602995651
571,Missouri,2020.0,6.942679900744418
572,Montana,1999.0,8.119838056680162
573,Montana,2000.0,9.529791183294664
574,Montana,2001.0,7.268174665617624
575,Montana,2002.0,6.746252465483234
576,Montana,2003.0,7.934959893048129
577,Montana,2004.0,6.512466913710957
578,Montana,2005.0,7.24824133504493
579,Montana,2006.0,7.795487774136627
580,Montana,2007.0,8.628637510513038
581,Montana,2008.0,6.825704526046114
582,Montana,2009.0,7.022179487179487
583,Montana,2010.0,7.425721470482577
584,Montana,2011.0,7.2793315405301575
585,Montana,2012.0,8.760139204925713
586,Montana,2013.0,6.617531107552051
587,Montana,2014.0,6.353388881979853
588,Montana,2015.0,8.138439642903352
589,Montana,2016.0,6.187711968542639
590,Montana,2017.0,10.721649484536082
591,Montana,2018.0,7.080262686567163
592,Montana,2019.0,5.842417953041899
593,Montana,2020.0,5.096944899072559
594,Nebraska,1999.0,9.16773858921162
595,Nebraska,2000.0,9.602511160714286
596,Nebraska,2001.0,9.42319214876033
597,Nebraska,2002.0,8.863599274705349
598,Nebraska,2003.0,9.063555555555556
599,Nebraska,2004.0,8.1480605487228
600,Nebraska,2005.0,9.447050290135396
601,Nebraska,2006.0,8.834178498985802
602,Nebraska,2007.0,9.88842746400886
603,Nebraska,2008.0,10.26497005988024
604,Nebraska,2009.0,7.744693140794223
605,Nebraska,2010.0,8.83614864864865
606,Nebraska,2011.0,8.761377245508982
607,Nebraska,2012.0,8.530663478780633
608,Nebraska,2013.0,8.229869358669834
609,Nebraska,2014.0,7.536200716845879
610,Nebraska,2015.0,7.154979850316638
611,Nebraska,2016.0,6.779615861214374
612,Nebraska,2017.0,7.8430894308943095
613,Nebraska,2018.0,7.650063211125158
614,Nebraska,2019.0,6.6189364461738
615,Nebraska,2020.0,5.994214876033057
616,Nevada,1999.0,8.215452151009657
617,Nevada,2000.0,7.176944444444444
618,Nevada,2001.0,7.6621134020618555
619,Nevada,2002.0,8.090308686288585
620,Nevada,2003.0,8.961330561330561
621,Nevada,2004.0,7.906166666666667
622,Nevada,2005.0,7.736353529738744
623,Nevada,2006.0,8.050689946493945
624,Nevada,2007.0,7.937443473017787
625,Nevada,2008.0,7.853352308665402
626,Nevada,2009.0,6.820384373030876
627,Nevada,2010.0,5.882380632145259
628,Nevada,2011.0,6.354872149274361
629,Nevada,2012.0,7.1812499999999995
630,Nevada,2013.0,9.406435436690346
631,Nevada,2014.0,7.24287752190748
632,Nevada,2015.0,6.776324217787632
633,Nevada,2016.0,6.617996245893947
634,Nevada,2017.0,6.590220463538723
635,Nevada,2018.0,7.019043080442242
636,Nevada,2019.0,5.3335246842709525
637,Nevada,2020.0,6.038442822384428
638,New Hampshire,1999.0,11.584319526627219
639,New Hampshire,2000.0,9.931746031746032
640,New Hampshire,2001.0,9.590649606299213
641,New Hampshire,2002.0,9.376917712691771
642,New Hampshire,2003.0,8.972934040940105
643,New Hampshire,2004.0,8.705725190839695
644,New Hampshire,2005.0,9.284451219512196
645,New Hampshire,2006.0,8.464458955223881
646,New Hampshire,2007.0,8.175315729047073
647,New Hampshire,2008.0,7.61643059490085
648,New Hampshire,2009.0,7.582753824756606
649,New Hampshire,2010.0,7.106434155141311
650,New Hampshire,2011.0,7.527310155535225
651,New Hampshire,2012.0,6.390893470790378
652,New Hampshire,2013.0,6.919517884914463
653,New Hampshire,2014.0,6.852253628724217
654,New Hampshire,2015.0,6.769451269451269
655,New Hampshire,2016.0,4.937429492344884
656,New Hampshire,2017.0,4.752825745682888
657,New Hampshire,2018.0,4.696556068878622
658,New Hampshire,2019.0,4.466694045174538
659,New Hampshire,2020.0,4.964406779661017
660,New Jersey,1999.0,13.701243640474845
661,New Jersey,2000.0,14.541287553648067
662,New Jersey,2001.0,13.733478260869564
663,New Jersey,2002.0,13.523174504950495
664,New Jersey,2003.0,13.786983904828551
665,New Jersey,2004.0,12.535279889426398
666,New Jersey,2005.0,13.867134062927496
667,New Jersey,2006.0,12.376160825475893
668,New Jersey,2007.0,12.415310508374093
669,New Jersey,2008.0,11.646040570999247
670,New Jersey,2009.0,9.54050233117762
671,New Jersey,2010.0,9.18189829529038
672,New Jersey,2011.0,9.496379970934074
673,New Jersey,2012.0,8.70394173093402
674,New Jersey,2013.0,8.566656516443363
675,New Jersey,2014.0,8.7213129336417
676,New Jersey,2015.0,8.797389516957862
677,New Jersey,2016.0,8.408165044312073
678,New Jersey,2017.0,8.355655640874188
679,New Jersey,2018.0,8.145367730900798
680,New Jersey,2019.0,8.008628442945476
681,New Jersey,2020.0,7.464372093023256
682,New Mexico,1999.0,8.045762711864407
683,New Mexico,2000.0,6.882845959014507
684,New Mexico,2001.0,6.613643659711075
685,New Mexico,2002.0,7.021183800623053
686,New Mexico,2003.0,7.170338628762542
687,New Mexico,2004.0,5.679410041023638
688,New Mexico,2005.0,5.749450357703717
689,New Mexico,2006.0,5.640798523737629
690,New Mexico,2007.0,6.050784574468086
691,New Mexico,2008.0,6.102644291889144
692,New Mexico,2009.0,5.347843082507329
693,New Mexico,2010.0,5.076036988110964
694,New Mexico,2011.0,6.225998142989787
695,New Mexico,2012.0,5.858042178155492
696,New Mexico,2013.0,5.614875019168839
697,New Mexico,2014.0,5.057407407407408
698,New Mexico,2015.0,5.070878112712975
699,New Mexico,2016.0,5.278503141218246
700,New Mexico,2017.0,5.485571587125416
701,New Mexico,2018.0,5.781951847086932
702,New Mexico,2019.0,5.635489130434783
703,New Mexico,2020.0,4.64551282051282
704,New York,1999.0,12.453519417475729
705,New York,2000.0,13.085229942933871
706,New York,2001.0,13.132763236168946
707,New York,2002.0,12.557205240174671
708,New York,2003.0,12.361986097318768
709,New York,2004.0,11.66094036230409
710,New York,2005.0,12.701590177133655
711,New York,2006.0,10.749696356275305
712,New York,2007.0,11.661168062373665
713,New York,2008.0,10.75064935064935
714,New York,2009.0,9.288793164324554
715,New York,2010.0,9.28648390415993
716,New York,2011.0,9.445793746761098
717,New York,2012.0,8.485504535677546
718,New York,2013.0,8.062616359675184
719,New York,2014.0,7.666424939568226
720,New York,2015.0,7.815077209591061
721,New York,2016.0,6.568856328856328
722,New York,2017.0,6.539021450952037
723,New York,2018.0,6.680696920583468
724,New York,2019.0,6.2603615694323835
725,New York,2020.0,7.426331360946746
726,North Carolina,1999.0,15.691487620216902
727,North Carolina,2000.0,15.486176668914363
728,North Carolina,2001.0,13.879170638703528
729,North Carolina,2002.0,13.295435008151772
730,North Carolina,2003.0,12.893984293969478
731,North Carolina,2004.0,13.414017504234895
732,North Carolina,2005.0,13.8
733,North Carolina,2006.0,13.413921360255047
734,North Carolina,2007.0,13.203407821229051
735,North Carolina,2008.0,11.961239339644786
736,North Carolina,2009.0,9.631889107710952
737,North Carolina,2010.0,10.42416379181041
738,North Carolina,2011.0,9.893437622213533
739,North Carolina,2012.0,8.857172391857507
740,North Carolina,2013.0,8.480169637948638
741,North Carolina,2014.0,8.702205823373706
742,North Carolina,2015.0,8.012707285261785
743,North Carolina,2016.0,8.054076462459697
744,North Carolina,2017.0,7.737102284860132
745,North Carolina,2018.0,7.494416470851517
746,North Carolina,2019.0,7.663972055888223
747,North Carolina,2020.0,5.886259168704156
748,North Dakota,1999.0,7.915367965367966
749,North Dakota,2000.0,6.480171673819743
750,North Dakota,2001.0,6.623720136518771
751,North Dakota,2002.0,5.917584541062801
752,North Dakota,2003.0,6.491929133858268
753,North Dakota,2004.0,5.832581967213115
754,North Dakota,2005.0,5.827926078028747
755,North Dakota,2006.0,6.537456242707118
756,North Dakota,2007.0,6.8056716417910454
757,North Dakota,2008.0,6.568208092485549
758,North Dakota,2009.0,6.120172910662824
759,North Dakota,2010.0,7.878449258836944
760,North Dakota,2011.0,6.809667067789811
761,North Dakota,2012.0,6.291215786123488
762,North Dakota,2013.0,5.878278451761987
763,North Dakota,2014.0,4.746067098956865
764,North Dakota,2015.0,5.6153379091869065
765,North Dakota,2016.0,3.169426751592357
766,North Dakota,2017.0,5.465698103915292
767,North Dakota,2018.0,5.658729411764705
768,North Dakota,2019.0,4.578798735511064
769,North Dakota,2020.0,4.511806375442739
770,Ohio,1999.0,17.57882279663656
771,Ohio,2000.0,17.15913780918728
772,Ohio,2001.0,16.67947267172117
773,Ohio,2002.0,15.848680108085636
774,Ohio,2003.0,15.305395067941621
775,Ohio,2004.0,14.450365663589498
776,Ohio,2005.0,16.952297367062467
777,Ohio,2006.0,13.467773611855026
778,Ohio,2007.0,14.894395711500973
779,Ohio,2008.0,13.019292517006804
780,Ohio,2009.0,11.831408905745189
781,Ohio,2010.0,12.781969098095582
782,Ohio,2011.0,11.446048664189048
783,Ohio,2012.0,10.723039806996383
784,Ohio,2013.0,10.289923751157986
785,Ohio,2014.0,10.25869517623878
786,Ohio,2015.0,9.481562014643886
787,Ohio,2016.0,8.171254714966906
788,Ohio,2017.0,8.122585468633181
789,Ohio,2018.0,8.425518925518926
790,Ohio,2019.0,8.593542757417103
791,Ohio,2020.0,7.743810848400557
792,Oklahoma,1999.0,10.657617021276597
793,Oklahoma,2000.0,11.045399799263967
794,Oklahoma,2001.0,11.13656006914434
795,Oklahoma,2002.0,10.498448810754912
796,Oklahoma,2003.0,10.611039866183441
797,Oklahoma,2004.0,9.974936779994382
798,Oklahoma,2005.0,11.25691489361702
799,Oklahoma,2006.0,9.62108695652174
800,Oklahoma,2007.0,11.501195344447941
801,Oklahoma,2008.0,10.236702127659575
802,Oklahoma,2009.0,10.32524414962226
803,Oklahoma,2010.0,9.849423393739704
804,Oklahoma,2011.0,10.651333872271625
805,Oklahoma,2012.0,9.700983667409057
806,Oklahoma,2013.0,9.309739099356683
807,Oklahoma,2014.0,8.961237113402062
808,Oklahoma,2015.0,7.945732052006783
809,Oklahoma,2016.0,7.7351855339988695
810,Oklahoma,2017.0,8.194696189495366
811,Oklahoma,2018.0,8.674682367524017
812,Oklahoma,2019.0,8.102552126772311
813,Oklahoma,2020.0,6.899833610648919
814,Oregon,1999.0,8.887490979071446
815,Oregon,2000.0,8.729692886242557
816,Oregon,2001.0,8.125287182587666
817,Oregon,2002.0,9.170439314966494
818,Oregon,2003.0,7.517626471524022
819,Oregon,2004.0,8.409529475392105
820,Oregon,2005.0,7.924431491667351
821,Oregon,2006.0,7.443972737723764
822,Oregon,2007.0,7.4754972660274195
823,Oregon,2008.0,8.072192441704637
824,Oregon,2009.0,7.779040654437283
825,Oregon,2010.0,6.101002116270385
826,Oregon,2011.0,7.103546298902336
827,Oregon,2012.0,6.880288054221971
828,Oregon,2013.0,8.758301953818828
829,Oregon,2014.0,6.795175973048527
830,Oregon,2015.0,7.488232848232848
831,Oregon,2016.0,5.457806324110671
832,Oregon,2017.0,9.466013298240753
833,Oregon,2018.0,8.650588625435251
834,Oregon,2019.0,6.815851236685322
835,Oregon,2020.0,6.185097897026831
836,Pennsylvania,1999.0,14.370467532467533
837,Pennsylvania,2000.0,14.788267979044294
838,Pennsylvania,2001.0,15.826898491434417
839,Pennsylvania,2002.0,14.780619080619081
840,Pennsylvania,2003.0,14.876534788540246
841,Pennsylvania,2004.0,14.127429876060013
842,Pennsylvania,2005.0,15.259191655801827
843,Pennsylvania,2006.0,13.883641905622037
844,Pennsylvania,2007.0,14.555717657155116
845,Pennsylvania,2008.0,13.237182741116753
846,Pennsylvania,2009.0,11.790775350896945
847,Pennsylvania,2010.0,11.928683668212262
848,Pennsylvania,2011.0,11.497776595115605
849,Pennsylvania,2012.0,10.849768314210062
850,Pennsylvania,2013.0,10.483031197301855
851,Pennsylvania,2014.0,10.532911325908804
852,Pennsylvania,2015.0,10.336204533473905
853,Pennsylvania,2016.0,9.166473550273432
854,Pennsylvania,2017.0,9.429092992796333
855,Pennsylvania,2018.0,8.681607546753462
856,Pennsylvania,2019.0,8.662780709924453
857,Pennsylvania,2020.0,8.1636866359447
858,Puerto Rico,1999.0,9.095173041894354
859,Puerto Rico,2000.0,7.5957488554610855
860,Puerto Rico,2001.0,7.925636766334441
861,Puerto Rico,2002.0,7.559688995215311
862,Puerto Rico,2003.0,7.404965357967667
863,Puerto Rico,2004.0,6.318818514007308
864,Puerto Rico,2005.0,6.897022198159177
865,Puerto Rico,2006.0,6.8998795180722885
866,Puerto Rico,2007.0,6.8547045951859955
867,Puerto Rico,2008.0,5.632152588555858
868,Puerto Rico,2009.0,5.731970260223049
869,Puerto Rico,2010.0,7.345077720207254
870,Puerto Rico,2011.0,5.4669658886894075
871,Puerto Rico,2012.0,6.197975708502025
872,Puerto Rico,2013.0,5.357491289198607
873,Puerto Rico,2014.0,5.1422297297297295
874,Puerto Rico,2015.0,6.367670157068062
875,Puerto Rico,2016.0,6.947990543735225
876,Puerto Rico,2017.0,10.612044374009509
877,Puerto Rico,2018.0,11.311501901140685
878,Puerto Rico,2019.0,9.352926829268293
879,Rhode Island,1999.0,11.3006600660066
880,Rhode Island,2000.0,10.745071542130365
881,Rhode Island,2001.0,11.567436305732485
882,Rhode Island,2002.0,10.519954476479514
883,Rhode Island,2003.0,11.08826247689464
884,Rhode Island,2004.0,10.591238095238095
885,Rhode Island,2005.0,10.611121495327103
886,Rhode Island,2006.0,9.788658008658008
887,Rhode Island,2007.0,9.730058774139378
888,Rhode Island,2008.0,9.209388458225668
889,Rhode Island,2009.0,7.729466192170818
890,Rhode Island,2010.0,7.629604822505024
891,Rhode Island,2011.0,8.391724537037037
892,Rhode Island,2012.0,7.346471774193549
893,Rhode Island,2013.0,7.170264765784114
894,Rhode Island,2014.0,5.928636363636364
895,Rhode Island,2015.0,7.29183752417795
896,Rhode Island,2016.0,6.453027950310559
897,Rhode Island,2017.0,6.034281842818428
898,Rhode Island,2018.0,6.694631185807657
899,Rhode Island,2019.0,5.581561181434599
900,Rhode Island,2020.0,4.475232198142415
901,South Carolina,1999.0,14.65794072948328
902,South Carolina,2000.0,14.651716671821838
903,South Carolina,2001.0,13.006678383128296
904,South Carolina,2002.0,12.482125473228773
905,South Carolina,2003.0,12.195908855515277
906,South Carolina,2004.0,13.17551396942541
907,South Carolina,2005.0,13.822471385190376
908,South Carolina,2006.0,13.769199618866127
909,South Carolina,2007.0,12.767347447073474
910,South Carolina,2008.0,11.55829296424452
911,South Carolina,2009.0,9.990119321750052
912,South Carolina,2010.0,10.560947503201024
913,South Carolina,2011.0,10.301716287215411
914,South Carolina,2012.0,9.341065331208743
915,South Carolina,2013.0,8.47112987535183
916,South Carolina,2014.0,8.743858298036196
917,South Carolina,2015.0,7.975764006791172
918,South Carolina,2016.0,8.323639020825722
919,South Carolina,2017.0,7.6998188405797094
920,South Carolina,2018.0,7.023409243134629
921,South Carolina,2019.0,7.457253035772891
922,South Carolina,2020.0,6.357625649913345
923,South Dakota,1999.0,8.936307311028502
924,South Dakota,2000.0,7.5606635071090045
925,South Dakota,2001.0,7.721565617805066
926,South Dakota,2002.0,7.326909350463954
927,South Dakota,2003.0,7.821690351533284
928,South Dakota,2004.0,7.79100642398287
929,South Dakota,2005.0,8.297452229299363
930,South Dakota,2006.0,8.085829307568439
931,South Dakota,2007.0,7.857433056325023
932,South Dakota,2008.0,7.464657534246576
933,South Dakota,2009.0,7.004920966298837
934,South Dakota,2010.0,7.316797110174594
935,South Dakota,2011.0,6.45557251908397
936,South Dakota,2012.0,6.9508254716981135
937,South Dakota,2013.0,7.461390532544379
938,South Dakota,2014.0,5.702867622540848
939,South Dakota,2015.0,6.351440798858773
940,South Dakota,2016.0,4.611380704794916
941,South Dakota,2017.0,5.4363792609567465
942,South Dakota,2018.0,5.441749502982108
943,South Dakota,2019.0,4.589817856076441
944,South Dakota,2020.0,4.7759193357058125
945,Tennessee,1999.0,17.015533980582525
946,Tennessee,2000.0,16.572155023451
947,Tennessee,2001.0,14.957618250313939
948,Tennessee,2002.0,13.986045573704377
949,Tennessee,2003.0,14.289558303886924
950,Tennessee,2004.0,13.312324070732586
951,Tennessee,2005.0,15.002139975442905
952,Tennessee,2006.0,13.978985280300659
953,Tennessee,2007.0,14.151225186104218
954,Tennessee,2008.0,12.515202876219824
955,Tennessee,2009.0,10.782692307692308
956,Tennessee,2010.0,12.46482661004954
957,Tennessee,2011.0,12.127985389154256
958,Tennessee,2012.0,11.109442184776292
959,Tennessee,2013.0,9.522456627342123
960,Tennessee,2014.0,9.267839879154078
961,Tennessee,2015.0,8.653878990348923
962,Tennessee,2016.0,8.471188811188812
963,Tennessee,2017.0,7.7716031149301825
964,Tennessee,2018.0,7.5491587417703
965,Tennessee,2019.0,7.484684684684685
966,Tennessee,2020.0,5.594693314955203
967,Texas,1999.0,11.757059069962295
968,Texas,2000.0,11.487442692608743
969,Texas,2001.0,10.801536125747969
970,Texas,2002.0,10.76340336500741
971,Texas,2003.0,11.479871216999356
972,Texas,2004.0,11.008739319442363
973,Texas,2005.0,11.313792396761963
974,Texas,2006.0,10.522809130220592
975,Texas,2007.0,10.603918655875423
976,Texas,2008.0,10.079023670198746
977,Texas,2009.0,9.3758671124112
978,Texas,2010.0,9.246171608501704
979,Texas,2011.0,10.04053805845173
980,Texas,2012.0,9.51324952661477
981,Texas,2013.0,9.052507721723783
982,Texas,2014.0,8.970362863357723
983,Texas,2015.0,8.60294530884113
984,Texas,2016.0,8.011661921509518
985,Texas,2017.0,8.2051950419249
986,Texas,2018.0,8.57853081385331
987,Texas,2019.0,8.391717706781439
988,Texas,2020.0,7.373993156093709
989,Utah,1999.0,8.536335242061426
990,Utah,2000.0,8.930495867768595
991,Utah,2001.0,10.327827327863005
992,Utah,2002.0,10.634754729079834
993,Utah,2003.0,7.9358259270609866
994,Utah,2004.0,11.424905109489051
995,Utah,2005.0,9.528356785118055
996,Utah,2006.0,8.827348265895953
997,Utah,2007.0,10.533987412069603
998,Utah,2008.0,9.951358321870702
999,Utah,2009.0,9.93598950647647
1000,Utah,2010.0,8.619624681933841
1001,Utah,2011.0,7.539581554227156
1002,Utah,2012.0,7.452464835020376
1003,Utah,2013.0,10.763328057879267
1004,Utah,2014.0,6.998025114155251
1005,Utah,2015.0,6.8024689810753225
1006,Utah,2016.0,6.7877586906533205
1007,Utah,2017.0,7.316575002696
1008,Utah,2018.0,7.520649491659263
1009,Utah,2019.0,6.167856134074005
1010,Utah,2020.0,5.739512195121951
1011,Vermont,1999.0,9.385757575757577
1012,Vermont,2000.0,8.424183006535948
1013,Vermont,2001.0,9.528523489932885
1014,Vermont,2002.0,9.74735135135135
1015,Vermont,2003.0,8.37304347826087
1016,Vermont,2004.0,8.534128289473685
1017,Vermont,2005.0,8.78170829975826
1018,Vermont,2006.0,7.3462783171521036
1019,Vermont,2007.0,7.995747001090513
1020,Vermont,2008.0,7.481166347992352
1021,Vermont,2009.0,6.800375058602907
1022,Vermont,2010.0,6.7464
1023,Vermont,2011.0,7.908534322820037
1024,Vermont,2012.0,6.9446078431372555
1025,Vermont,2013.0,6.209795570698467
1026,Vermont,2014.0,6.109862187769164
1027,Vermont,2015.0,6.226026765113059
1028,Vermont,2016.0,4.683694150161216
1029,Vermont,2017.0,4.97750677506775
1030,Vermont,2018.0,5.667073818374933
1031,Vermont,2019.0,5.715777126099707
1032,Vermont,2020.0,6.820157068062827
1033,Virgin Islands,1999.0,8.43956043956044
1034,Virgin Islands,2000.0,7.613793103448276
1035,Virgin Islands,2001.0,6.840462427745665
1036,Virgin Islands,2002.0,6.98679245283019
1037,Virgin Islands,2003.0,6.844534412955465
1038,Virgin Islands,2004.0,5.161044176706827
1039,Virgin Islands,2005.0,5.883919597989951
1040,Virgin Islands,2006.0,7.323923444976077
1041,Virgin Islands,2007.0,6.656692913385827
1042,Virgin Islands,2008.0,5.725668449197861
1043,Virgin Islands,2009.0,6.330845771144278
1044,Virgin Islands,2010.0,6.8696517412935325
1045,Virgin Islands,2011.0,5.603614457831325
1046,Virgin Islands,2012.0,6.646060606060606
1047,Virgin Islands,2013.0,6.4714285714285715
1048,Virgin Islands,2014.0,6.344666666666667
1049,Virgin Islands,2015.0,7.215107913669065
1050,Virgin Islands,2016.0,6.183653846153846
1051,Virgin Islands,2017.0,6.405494505494505
1052,Virgin Islands,2018.0,8.208212560386473
1053,Virgin Islands,2019.0,7.556410256410257
1054,Virginia,1999.0,14.188759689922481
1055,Virginia,2000.0,14.46484189051343
1056,Virginia,2001.0,13.84483537766301
1057,Virginia,2002.0,13.280489242558208
1058,Virginia,2003.0,13.067213114754098
1059,Virginia,2004.0,13.172063889758848
1060,Virginia,2005.0,13.710813459653709
1061,Virginia,2006.0,12.707596852300243
1062,Virginia,2007.0,12.615958605664488
1063,Virginia,2008.0,11.191508205261787
1064,Virginia,2009.0,9.191882866683791
1065,Virginia,2010.0,10.029715025906736
1066,Virginia,2011.0,9.175673296954761
1067,Virginia,2012.0,8.39222145567437
1068,Virginia,2013.0,7.791876597298284
1069,Virginia,2014.0,7.785613088210491
1070,Virginia,2015.0,7.649260450160772
1071,Virginia,2016.0,6.915866290018832
1072,Virginia,2017.0,6.857368786930831
1073,Virginia,2018.0,6.7567494600431965
1074,Virginia,2019.0,7.021242211838006
1075,Virginia,2020.0,5.335626102292769
1076,Washington,1999.0,9.570955223880597
1077,Washington,2000.0,10.78120766681078
1078,Washington,2001.0,9.304608197069442
1079,Washington,2002.0,9.34612040449863
1080,Washington,2003.0,8.494174250768072
1081,Washington,2004.0,8.459048785683851
1082,Washington,2005.0,7.862428937968506
1083,Washington,2006.0,7.70428162219207
1084,Washington,2007.0,7.196337851180324
1085,Washington,2008.0,6.778218706707781
1086,Washington,2009.0,6.913434513771782
1087,Washington,2010.0,5.561896481178396
1088,Washington,2011.0,6.278407731247123
1089,Washington,2012.0,6.5768287100613385
1090,Washington,2013.0,7.023336609336609
1091,Washington,2014.0,6.258222111553785
1092,Washington,2015.0,6.912392873837843
1093,Washington,2016.0,5.467351088627685
1094,Washington,2017.0,7.744474965061925
1095,Washington,2018.0,7.567143703568662
1096,Washington,2019.0,6.157881478951413
1097,Washington,2020.0,4.875890270914977
1098,West Virginia,1999.0,16.531795984807378
1099,West Virginia,2000.0,15.679615384615383
1100,West Virginia,2001.0,15.56330902461258
1101,West Virginia,2002.0,14.9694799270073
1102,West Virginia,2003.0,14.660018132366273
1103,West Virginia,2004.0,14.113645300825796
1104,West Virginia,2005.0,15.839034045922407
1105,West Virginia,2006.0,14.235433070866142
1106,West Virginia,2007.0,15.164116828929068
1107,West Virginia,2008.0,12.983132060771327
1108,West Virginia,2009.0,11.365259348612785
1109,West Virginia,2010.0,12.564285714285713
1110,West Virginia,2011.0,11.126115775519223
1111,West Virginia,2012.0,10.526380109565949
1112,West Virginia,2013.0,9.585340092944655
1113,West Virginia,2014.0,9.796837209302327
1114,West Virginia,2015.0,9.328659990462565
1115,West Virginia,2016.0,8.158866279069768
1116,West Virginia,2017.0,8.449318463444857
1117,West Virginia,2018.0,7.970541549953316
1118,West Virginia,2019.0,7.93974358974359
1119,West Virginia,2020.0,6.5718749999999995
1120,Wisconsin,1999.0,12.682976827094475
1121,Wisconsin,2000.0,11.965561497326203
1122,Wisconsin,2001.0,12.042683508102956
1123,Wisconsin,2002.0,11.24687426279783
1124,Wisconsin,2003.0,10.747427812811152
1125,Wisconsin,2004.0,10.048261822737237
1126,Wisconsin,2005.0,12.003729116945108
1127,Wisconsin,2006.0,11.457748260594562
1128,Wisconsin,2007.0,12.036604938271605
1129,Wisconsin,2008.0,11.289990789069696
1130,Wisconsin,2009.0,10.188379290939785
1131,Wisconsin,2010.0,9.718349056603774
1132,Wisconsin,2011.0,9.577932489451477
1133,Wisconsin,2012.0,8.613102529960054
1134,Wisconsin,2013.0,8.052160420148006
1135,Wisconsin,2014.0,7.948466760299625
1136,Wisconsin,2015.0,6.8043597800471325
1137,Wisconsin,2016.0,6.498916857360793
1138,Wisconsin,2017.0,6.470208023774146
1139,Wisconsin,2018.0,7.2956453305351525
1140,Wisconsin,2019.0,7.425119339440072
1141,Wisconsin,2020.0,7.976325088339222
1142,Wyoming,1999.0,5.540945945945946
1143,Wyoming,2000.0,6.430546357615895
1144,Wyoming,2001.0,6.091646191646191
1145,Wyoming,2002.0,5.250209205020921
1146,Wyoming,2003.0,5.236070559610706
1147,Wyoming,2004.0,5.028051118210862
1148,Wyoming,2005.0,4.718217306441119
1149,Wyoming,2006.0,5.35026056745802
1150,Wyoming,2007.0,5.337720329024677
1151,Wyoming,2008.0,5.0172359432475035
1152,Wyoming,2009.0,4.5332
1153,Wyoming,2010.0,4.36995561625128
1154,Wyoming,2011.0,4.1517639512508016
1155,Wyoming,2012.0,5.11695486189086
1156,Wyoming,2013.0,3.906759677736294
1157,Wyoming,2014.0,3.8289261979713185
1158,Wyoming,2015.0,4.074191910644779
1159,Wyoming,2016.0,3.646616907350316
1160,Wyoming,2017.0,4.6865407520843965
1161,Wyoming,2018.0,4.2572056833558864
1162,Wyoming,2019.0,2.9359756097560976
1163,Wyoming,2020.0,1.7621505376344087
