,STATE,Year,SO2 (in ppb)
0,Alabama,1980,36.801166747690814
1,Alabama,1981,34.88716448289022
2,Alabama,1982,26.400762388818297
3,Alabama,1983,24.80747290359384
4,Alabama,1984,20.24603814128391
5,Alabama,1985,18.17448923246825
6,Alabama,1986,24.150659133709983
7,Alabama,1987,30.243601895734596
8,Alabama,1988,24.74216765453006
9,Alabama,1989,22.22031772575251
10,Alabama,1990,22.59046232253367
11,Alabama,1991,21.310063784549964
12,Alabama,1992,21.110925073252407
13,Alabama,1993,28.670900692840647
14,Alabama,1994,26.695705521472394
15,Alabama,1995,22.119710906701705
16,Alabama,1996,17.95739988392339
17,Alabama,1997,18.443805541035022
18,Alabama,1998,17.779669260700388
19,Alabama,1999,21.69036954087346
20,Alabama,2000,17.268635724331926
21,Alabama,2001,11.936102236421725
22,Alabama,2002,8.895014662756598
23,Alabama,2003,10.825646794150732
24,Alabama,2004,7.942357512953368
25,Alabama,2005,9.629656160458453
26,Alabama,2006,10.017841213202498
27,Alabama,2007,9.597359735973598
28,Alabama,2008,10.939890710382514
29,Alabama,2009,6.862258953168044
30,Alabama,2010,5.7835616438356166
31,Alabama,2011,6.495520231213872
32,Alabama,2012,6.696411092985318
33,Alabama,2013,3.68562091503268
34,Alabama,2014,5.221203007518797
35,Alabama,2015,4.043944099378883
36,Alabama,2016,3.670816733067729
37,Alabama,2017,6.073325358851675
38,Alabama,2018,4.3297948717948715
39,Alabama,2019,3.9303729146221786
40,Alaska,1980,10.202722772277227
41,Alaska,1981,8.282216494845361
42,Alaska,1982,4.7894736842105265
43,Alaska,1983,3.2527777777777778
44,Alaska,1984,0.6666666666666666
45,Alaska,1985,37.285057471264366
46,Alaska,1986,34.12328767123287
47,Alaska,1988,4.546099290780142
48,Alaska,1989,6.661914460285132
49,Alaska,1990,13.09375
50,Alaska,1991,25.66531440162272
51,Alaska,1992,46.088825214899714
52,Alaska,1993,45.69047619047619
53,Alaska,2011,14.046268656716418
54,Alaska,2012,14.750574712643678
55,Alaska,2013,12.806963788300836
56,Alaska,2014,12.659556786703602
57,Alaska,2015,11.662390670553936
58,Alaska,2016,10.440983606557378
59,Alaska,2017,11.128011204481792
60,Alaska,2018,10.296685082872928
61,Alaska,2019,9.514655172413793
62,Arizona,1980,115.93557957194321
63,Arizona,1981,151.9309429700734
64,Arizona,1982,80.01435664939551
65,Arizona,1983,90.25326203208556
66,Arizona,1984,84.77349989760393
67,Arizona,1985,61.44992990654206
68,Arizona,1986,50.27761607761608
69,Arizona,1987,29.343424787133397
70,Arizona,1988,24.317300694674163
71,Arizona,1989,17.474380871050386
72,Arizona,1990,22.72858660998937
73,Arizona,1991,20.035964391691394
74,Arizona,1992,11.587609970674487
75,Arizona,1993,24.729552889858233
76,Arizona,1994,3.8455465587044535
77,Arizona,1995,11.911254980079681
78,Arizona,1996,14.856440511307769
79,Arizona,1997,10.52030162412993
80,Arizona,1998,10.963108706345302
81,Arizona,1999,19.247296614451745
82,Arizona,2000,16.838690824079485
83,Arizona,2001,20.049605411499435
84,Arizona,2002,16.501936108422072
85,Arizona,2003,16.475970425138634
86,Arizona,2004,18.24812382739212
87,Arizona,2005,12.979830576845503
88,Arizona,2006,12.408033826638478
89,Arizona,2007,14.328223270440251
90,Arizona,2008,17.33237958989032
91,Arizona,2009,14.586765386395188
92,Arizona,2010,16.86786840919333
93,Arizona,2011,13.418602312719958
94,Arizona,2012,16.933563854310744
95,Arizona,2013,14.674442413162705
96,Arizona,2014,16.863400576368875
97,Arizona,2015,16.940513772825753
98,Arizona,2016,17.164802516602588
99,Arizona,2017,16.78415361670395
100,Arizona,2018,11.582868686868686
101,Arizona,2019,7.807199055861527
102,Arkansas,1980,10.55243445692884
103,Arkansas,1981,11.048582995951417
104,Arkansas,1982,7.860215053763441
105,Arkansas,1983,5.315789473684211
106,Arkansas,1984,2.6881405563689604
107,Arkansas,1985,9.27403156384505
108,Arkansas,1986,5.828282828282828
109,Arkansas,1987,8.147321428571429
110,Arkansas,1988,10.397260273972602
111,Arkansas,1989,11.113924050632912
112,Arkansas,1990,15.200842696629213
113,Arkansas,1991,14.068693693693694
114,Arkansas,1992,20.024271844660195
115,Arkansas,1993,25.502739726027396
116,Arkansas,1994,13.274482758620689
117,Arkansas,1995,13.283124128312412
118,Arkansas,1996,12.771857923497267
119,Arkansas,1997,13.045205479452054
120,Arkansas,1998,8.768266320795504
121,Arkansas,1999,10.028092577813249
122,Arkansas,2000,12.761158192090395
123,Arkansas,2001,6.754683195592286
124,Arkansas,2002,5.538582677165354
125,Arkansas,2003,5.3708791208791204
126,Arkansas,2004,4.363896848137536
127,Arkansas,2005,4.1716417910447765
128,Arkansas,2006,5.7027397260273975
129,Arkansas,2007,5.176308539944904
130,Arkansas,2008,3.7240437158469946
131,Arkansas,2009,3.541436464088398
132,Arkansas,2010,3.047981651376147
133,Arkansas,2011,3.229826166514181
134,Arkansas,2012,3.30327868852459
135,Arkansas,2013,2.6665437788018433
136,Arkansas,2014,2.784657534246575
137,Arkansas,2015,2.8310958904109587
138,Arkansas,2016,2.3243169398907106
139,Arkansas,2017,1.3989010989010988
140,Arkansas,2018,1.4162087912087913
141,Arkansas,2019,1.9365384615384615
142,Arkansas,2020,1.4384615384615385
143,California,1980,12.859432968442267
144,California,1981,10.23990914683197
145,California,1982,8.559211479924627
146,California,1983,8.171752489934308
147,California,1984,9.34371466748895
148,California,1985,7.860172739817039
149,California,1986,6.942338519566242
150,California,1987,5.771207443801904
151,California,1988,6.627933398628795
152,California,1989,5.906861082852944
153,California,1990,5.582695847821641
154,California,1991,5.211230191444536
155,California,1992,4.820687772925764
156,California,1993,3.9883114172406597
157,California,1994,3.915152456385567
158,California,1995,4.650768991766351
159,California,1996,4.5020036824434095
160,California,1997,4.232929164007658
161,California,1998,4.704313190756423
162,California,1999,5.442006750536975
163,California,2000,5.184425149236374
164,California,2001,5.068060091443501
165,California,2002,4.665220161404502
166,California,2003,3.977846359782851
167,California,2004,4.496205427579678
168,California,2005,3.5256756756756755
169,California,2006,3.7797921950421336
170,California,2007,2.926285083569852
171,California,2008,2.6284995041574493
172,California,2009,2.1856504133625783
173,California,2010,1.8357154524665142
174,California,2011,1.8113802061510098
175,California,2012,1.5133806059489823
176,California,2013,1.5339171408250356
177,California,2014,1.3909898719663674
178,California,2015,1.2268666479768247
179,California,2016,1.2719275786393562
180,California,2017,1.2258899676375405
181,California,2018,1.1856289156626505
182,California,2019,1.227146535318482
183,Colorado,1980,35.12
184,Colorado,1981,31.01566265060241
185,Colorado,1982,22.560077519379846
186,Colorado,1983,25.296875
187,Colorado,1984,20.411290322580644
188,Colorado,1985,15.9375
189,Colorado,1986,14.734196496572734
190,Colorado,1987,21.913793103448278
191,Colorado,1988,9.327873403664631
192,Colorado,1989,9.52393063583815
193,Colorado,1990,9.51037246581801
194,Colorado,1991,11.385371179039302
195,Colorado,1992,13.291491911324146
196,Colorado,1993,13.451086956521738
197,Colorado,1994,13.947916666666666
198,Colorado,1995,12.070719602977668
199,Colorado,1996,12.993248610007942
200,Colorado,1997,11.669020715630886
201,Colorado,1998,11.671896631287494
202,Colorado,1999,10.257390417940877
203,Colorado,2000,9.777019937040924
204,Colorado,2001,12.492832427088482
205,Colorado,2002,16.370232558139534
206,Colorado,2003,11.37963843958135
207,Colorado,2004,10.30659767141009
208,Colorado,2005,9.10204081632653
209,Colorado,2006,9.247774480712167
210,Colorado,2007,8.945147679324894
211,Colorado,2008,7.598726114649682
212,Colorado,2009,7.454157782515991
213,Colorado,2010,7.333333333333333
214,Colorado,2011,7.233559322033898
215,Colorado,2012,5.2405867970660145
216,Colorado,2013,7.440464547677262
217,Colorado,2014,5.749365482233503
218,Colorado,2015,6.364138908575478
219,Colorado,2016,5.162464589235127
220,Colorado,2017,2.5852941176470585
221,Colorado,2018,1.922344747533372
222,Colorado,2019,2.050422352176738
223,Colorado,2020,2.6289473684210525
224,Connecticut,1980,23.72559802034644
225,Connecticut,1981,25.417301038062284
226,Connecticut,1982,24.96711138690661
227,Connecticut,1983,22.791239257000278
228,Connecticut,1984,21.972089314194577
229,Connecticut,1985,23.19448073154801
230,Connecticut,1986,24.075040518638573
231,Connecticut,1987,22.34685695958948
232,Connecticut,1988,24.127069051997992
233,Connecticut,1989,22.05405863412981
234,Connecticut,1990,19.820010777797737
235,Connecticut,1991,18.365929203539824
236,Connecticut,1992,15.659602649006622
237,Connecticut,1993,14.368585452922803
238,Connecticut,1994,14.58186126669539
239,Connecticut,1995,11.245538593850785
240,Connecticut,1996,10.480442978322337
241,Connecticut,1997,10.640190972222221
242,Connecticut,1998,10.900055370985603
243,Connecticut,1999,11.611593059936908
244,Connecticut,2000,10.460304731355253
245,Connecticut,2001,11.801276935355148
246,Connecticut,2002,10.17611821086262
247,Connecticut,2003,9.386103434662456
248,Connecticut,2004,9.14081713605712
249,Connecticut,2005,9.831711273317113
250,Connecticut,2006,7.4877657440834335
251,Connecticut,2007,6.240433673469388
252,Connecticut,2008,4.89685703334611
253,Connecticut,2009,4.26365818530965
254,Connecticut,2010,2.9563874345549737
255,Connecticut,2011,3.3631948507899354
256,Connecticut,2012,2.2856901408450705
257,Connecticut,2013,1.8885057471264368
258,Connecticut,2014,1.6881587953456538
259,Connecticut,2015,0.9655386740331491
260,Connecticut,2016,0.7446509009009009
261,Connecticut,2017,0.5821180555555556
262,Connecticut,2018,0.5328922495274102
263,Connecticut,2019,0.4263500931098696
264,Delaware,1980,21.91640378548896
265,Delaware,1981,20.37752414398595
266,Delaware,1982,22.994768962510896
267,Delaware,1983,29.916930379746834
268,Delaware,1984,28.219584569732937
269,Delaware,1985,26.85617469879518
270,Delaware,1986,27.796741660201707
271,Delaware,1987,27.16241917078737
272,Delaware,1988,33.10360160071143
273,Delaware,1989,33.07288935500787
274,Delaware,1990,27.52705749718151
275,Delaware,1991,26.83961187214612
276,Delaware,1992,27.753488372093024
277,Delaware,1993,28.494430693069308
278,Delaware,1994,27.77828397873956
279,Delaware,1995,26.587106676899463
280,Delaware,1996,25.076399394856278
281,Delaware,1997,24.11490909090909
282,Delaware,1998,24.419110690633868
283,Delaware,1999,20.897560975609757
284,Delaware,2000,17.335719968178203
285,Delaware,2001,18.049707602339183
286,Delaware,2002,16.890041493775932
287,Delaware,2003,19.397701149425288
288,Delaware,2004,16.372324159021407
289,Delaware,2005,18.719285182427402
290,Delaware,2006,15.711404728789987
291,Delaware,2007,11.90967741935484
292,Delaware,2008,11.412256267409472
293,Delaware,2009,7.11152125279642
294,Delaware,2010,4.152476572958501
295,Delaware,2011,3.5432432432432432
296,Delaware,2012,2.470345489443378
297,Delaware,2013,1.844336569579288
298,Delaware,2014,2.0102857142857142
299,Delaware,2015,1.4496067755595885
300,Delaware,2016,1.043140589569161
301,Delaware,2017,0.7721016738995661
302,Delaware,2018,0.7446630888491353
303,Delaware,2019,0.8939024390243903
304,Delaware,2020,1.1013698630136988
305,District Of Columbia,1980,28.20891719745223
306,District Of Columbia,1981,30.37518910741301
307,District Of Columbia,1982,27.14264264264264
308,District Of Columbia,1983,24.97123519458545
309,District Of Columbia,1984,26.453857791225417
310,District Of Columbia,1985,23.11782032400589
311,District Of Columbia,1986,26.94331395348837
312,District Of Columbia,1987,25.40735294117647
313,District Of Columbia,1989,33.607594936708864
314,District Of Columbia,1990,27.53768115942029
315,District Of Columbia,1991,26.803206997084548
316,District Of Columbia,1992,22.64673157162726
317,District Of Columbia,1993,21.847385272145143
318,District Of Columbia,1994,22.95693779904306
319,District Of Columbia,1995,19.058252427184467
320,District Of Columbia,1996,17.426739926739927
321,District Of Columbia,1997,16.13150684931507
322,District Of Columbia,1998,17.934246575342467
323,District Of Columbia,1999,18.77961432506887
324,District Of Columbia,2000,17.502747252747252
325,District Of Columbia,2001,16.28
326,District Of Columbia,2002,16.873626373626372
327,District Of Columbia,2003,18.127478753541077
328,District Of Columbia,2004,15.0939226519337
329,District Of Columbia,2005,11.717808219178082
330,District Of Columbia,2006,11.364383561643836
331,District Of Columbia,2007,11.66470588235294
332,District Of Columbia,2008,10.647222222222222
333,District Of Columbia,2009,8.813888888888888
334,District Of Columbia,2010,5.743732590529248
335,District Of Columbia,2011,3.9526978417266183
336,District Of Columbia,2012,3.0779220779220777
337,District Of Columbia,2013,2.1604992657856092
338,District Of Columbia,2014,2.8304849884526555
339,District Of Columbia,2015,2.8849582172701953
340,District Of Columbia,2016,1.8124401913875599
341,District Of Columbia,2017,1.62292817679558
342,District Of Columbia,2018,1.5278481012658227
343,District Of Columbia,2019,1.2293201133144476
344,Florida,1980,21.871147318397828
345,Florida,1981,22.18850672028786
346,Florida,1982,21.586795029359553
347,Florida,1983,16.713939629485683
348,Florida,1984,18.988712011577423
349,Florida,1985,18.027970970668278
350,Florida,1986,19.745507669831994
351,Florida,1987,19.345417411284146
352,Florida,1988,18.3814316266197
353,Florida,1989,19.907366684991754
354,Florida,1990,19.135135135135137
355,Florida,1991,17.527857703374313
356,Florida,1992,18.938307934839727
357,Florida,1993,19.08418527018569
358,Florida,1994,18.232394366197184
359,Florida,1995,14.475608514105305
360,Florida,1996,14.682492883285889
361,Florida,1997,14.927554179566563
362,Florida,1998,16.110359187922956
363,Florida,1999,16.23589381245584
364,Florida,2000,14.189947517157853
365,Florida,2001,13.061388526072541
366,Florida,2002,12.429699517998154
367,Florida,2003,10.161338289962826
368,Florida,2004,8.482007792803117
369,Florida,2005,8.153142724852414
370,Florida,2006,7.416619237336369
371,Florida,2007,6.645850451930978
372,Florida,2008,5.370385179261628
373,Florida,2009,4.165618448637317
374,Florida,2010,4.306292325056433
375,Florida,2011,4.264840905493114
376,Florida,2012,2.947051945882746
377,Florida,2013,2.72159739201304
378,Florida,2014,3.6662188386326315
379,Florida,2015,2.846770847738902
380,Florida,2016,2.3746182694883475
381,Florida,2017,2.2899365867107804
382,Florida,2018,2.257276920629871
383,Florida,2019,2.0122366940022514
384,Georgia,1980,22.417898574743123
385,Georgia,1981,26.233753943217668
386,Georgia,1982,29.07391304347826
387,Georgia,1983,18.11399914639351
388,Georgia,1984,29.348377581120946
389,Georgia,1985,31.125833333333333
390,Georgia,1986,33.863259668508285
391,Georgia,1987,26.667889160554196
392,Georgia,1988,24.600217076700435
393,Georgia,1989,21.992585102797438
394,Georgia,1990,24.52137722285282
395,Georgia,1991,18.837551020408164
396,Georgia,1992,18.32183908045977
397,Georgia,1993,16.316623663840765
398,Georgia,1994,14.009645194626248
399,Georgia,1995,11.274626865671642
400,Georgia,1996,12.512596899224807
401,Georgia,1997,13.089838492597577
402,Georgia,1998,10.798783578307146
403,Georgia,1999,11.957610789980732
404,Georgia,2000,12.759734093067426
405,Georgia,2001,11.543790849673202
406,Georgia,2002,10.368932038834952
407,Georgia,2003,10.467136902853479
408,Georgia,2004,10.755911517925249
409,Georgia,2005,11.111371237458194
410,Georgia,2006,11.985476443499822
411,Georgia,2007,10.430123099203476
412,Georgia,2008,8.894417014812001
413,Georgia,2009,5.660869565217391
414,Georgia,2010,6.5318885448916415
415,Georgia,2011,6.0145365168539335
416,Georgia,2012,4.453310225303293
417,Georgia,2013,5.031728045325779
418,Georgia,2014,5.145858585858586
419,Georgia,2015,3.8705740666399038
420,Georgia,2016,3.8932746196957564
421,Georgia,2017,2.834856449656288
422,Georgia,2018,3.1096069868995633
423,Georgia,2019,3.3122481869460114
424,Hawaii,1982,5.848549946294307
425,Hawaii,1983,13.149622512010982
426,Hawaii,1984,19.94345718901454
427,Hawaii,1985,24.086142322097377
428,Hawaii,1987,131.99690402476782
429,Hawaii,1988,103.57037037037037
430,Hawaii,1989,153.85015290519877
431,Hawaii,1990,84.70980392156862
432,Hawaii,1991,27.766666666666666
433,Hawaii,1992,30.245500359971203
434,Hawaii,1993,22.562261753494283
435,Hawaii,1994,16.722694571615435
436,Hawaii,1995,31.838544990427568
437,Hawaii,1996,27.768371546149325
438,Hawaii,1997,17.893772893772894
439,Hawaii,1998,15.299595141700404
440,Hawaii,1999,12.353383458646617
441,Hawaii,2000,14.073157006190208
442,Hawaii,2001,18.249755620723363
443,Hawaii,2002,27.113270142180095
444,Hawaii,2003,34.27289985761747
445,Hawaii,2004,27.699080793420418
446,Hawaii,2005,40.651685393258425
447,Hawaii,2006,44.18366285119667
448,Hawaii,2007,29.285457809694794
449,Hawaii,2008,67.0691502934422
450,Hawaii,2009,84.51963906581742
451,Hawaii,2010,90.15720720720721
452,Hawaii,2011,29.290264451205243
453,Hawaii,2012,47.33660894985383
454,Hawaii,2013,35.06670320035072
455,Hawaii,2014,35.453826975816504
456,Hawaii,2015,39.3882874251497
457,Hawaii,2016,46.887382016890214
458,Hawaii,2017,40.403025618374556
459,Hawaii,2018,29.70538003663004
460,Hawaii,2019,2.652527206771463
461,Hawaii,2020,1.903225806451613
462,Idaho,1980,76.57616073852837
463,Idaho,1981,85.60732113144759
464,Idaho,1982,60.76525821596244
465,Idaho,1983,58.124709976798144
466,Idaho,1984,84.20932277924362
467,Idaho,1985,77.66766020864381
468,Idaho,1986,48.32551319648094
469,Idaho,1987,43.904831625183014
470,Idaho,1988,43.034175334323926
471,Idaho,1989,39.871369294605806
472,Idaho,1990,35.93960923623446
473,Idaho,1994,12.474820143884893
474,Idaho,1995,16.413888888888888
475,Idaho,1996,16.17193947730399
476,Idaho,1997,14.274590163934427
477,Idaho,1998,17.828535669586984
478,Idaho,1999,23.96569250317662
479,Idaho,2000,28.348396501457724
480,Idaho,2001,49.54396135265701
481,Idaho,2002,26.500558659217877
482,Idaho,2003,31.69607843137255
483,Idaho,2004,19.43662100456621
484,Idaho,2005,14.240808823529411
485,Idaho,2006,15.128038897893031
486,Idaho,2007,14.061516452074391
487,Idaho,2008,13.795886075949367
488,Idaho,2009,9.799275362318841
489,Idaho,2010,9.138979591836735
490,Idaho,2011,11.783250743310207
491,Idaho,2012,10.361904761904762
492,Idaho,2013,8.101117886178862
493,Idaho,2014,7.898270893371758
494,Idaho,2015,6.141784037558685
495,Idaho,2016,5.78659217877095
496,Idaho,2017,6.5935361216730035
497,Idaho,2018,7.257934272300469
498,Idaho,2019,6.942748815165877
499,Illinois,1980,40.51035586518547
500,Illinois,1981,32.13111782477341
501,Illinois,1982,27.16078395789856
502,Illinois,1983,31.415504930295818
503,Illinois,1984,33.56668673144724
504,Illinois,1985,32.93731753391722
505,Illinois,1986,33.36250444681608
506,Illinois,1987,32.67012853470437
507,Illinois,1988,33.034888564882316
508,Illinois,1989,29.870650757044018
509,Illinois,1990,26.096317280453256
510,Illinois,1991,28.378924196018378
511,Illinois,1992,24.41404958677686
512,Illinois,1993,23.395359938896316
513,Illinois,1994,25.184051967614383
514,Illinois,1995,23.013935089454282
515,Illinois,1996,22.63831902394939
516,Illinois,1997,21.876406567054048
517,Illinois,1998,21.57693447969167
518,Illinois,1999,22.303883114336145
519,Illinois,2000,18.07321975497703
520,Illinois,2001,17.327592185874465
521,Illinois,2002,15.219570980959267
522,Illinois,2003,14.513313815697755
523,Illinois,2004,14.089021164021164
524,Illinois,2005,14.38842746400886
525,Illinois,2006,13.516004267804748
526,Illinois,2007,13.172764786795048
527,Illinois,2008,11.539231327048586
528,Illinois,2009,7.561529614721104
529,Illinois,2010,7.816679132385938
530,Illinois,2011,7.053140821301332
531,Illinois,2012,6.372739187418087
532,Illinois,2013,5.491885653409091
533,Illinois,2014,5.269607843137255
534,Illinois,2015,4.099465954606141
535,Illinois,2016,3.889114910192599
536,Illinois,2017,4.365200372786579
537,Illinois,2018,4.065952473704713
538,Illinois,2019,2.8036001531980084
539,Illinois,2020,1.551190476190476
540,Indiana,1980,40.99727078645202
541,Indiana,1981,40.314904447967955
542,Indiana,1982,37.012238023952094
543,Indiana,1983,38.44382042315708
544,Indiana,1984,40.474137652866965
545,Indiana,1985,39.5126383265857
546,Indiana,1986,35.267553262762966
547,Indiana,1987,34.4227105392994
548,Indiana,1988,33.82377396258372
549,Indiana,1989,34.084892340275324
550,Indiana,1990,33.601357506080035
551,Indiana,1991,31.564513892099303
552,Indiana,1992,29.959222729280143
553,Indiana,1993,31.545021186440678
554,Indiana,1994,28.59883236030025
555,Indiana,1995,21.93185166994106
556,Indiana,1996,21.29346058677978
557,Indiana,1997,21.761776379839738
558,Indiana,1998,22.020092735703244
559,Indiana,1999,21.104657190635454
560,Indiana,2000,20.089431826871607
561,Indiana,2001,20.640740430521817
562,Indiana,2002,18.964362724613455
563,Indiana,2003,19.59866845483284
564,Indiana,2004,19.090283400809717
565,Indiana,2005,18.0498664947979
566,Indiana,2006,16.240987164967912
567,Indiana,2007,16.006913678355023
568,Indiana,2008,15.08737119578241
569,Indiana,2009,11.280394869215291
570,Indiana,2010,11.03392356687898
571,Indiana,2011,9.429278321281723
572,Indiana,2012,8.16800920598389
573,Indiana,2013,8.006457765667575
574,Indiana,2014,8.576818058934847
575,Indiana,2015,6.2157752930082175
576,Indiana,2016,3.893029533185138
577,Indiana,2017,2.904212816455696
578,Indiana,2018,2.380475675675676
579,Indiana,2019,2.752157510021221
580,Indiana,2020,1.4156378600823045
581,Iowa,1980,20.273637464675012
582,Iowa,1981,23.200879222582138
583,Iowa,1982,23.960383108402265
584,Iowa,1983,23.64611973392461
585,Iowa,1984,30.079646017699115
586,Iowa,1985,32.43198380566802
587,Iowa,1986,35.109869646182496
588,Iowa,1987,30.276427061310784
589,Iowa,1988,35.86602534021586
590,Iowa,1989,29.044026377036463
591,Iowa,1990,29.26632143517662
592,Iowa,1991,24.865489849955868
593,Iowa,1992,21.26829720214934
594,Iowa,1993,19.243733333333335
595,Iowa,1994,20.093209302325583
596,Iowa,1995,18.135403726708073
597,Iowa,1996,15.182717431877567
598,Iowa,1997,14.809464728819567
599,Iowa,1998,12.453307818480043
600,Iowa,1999,13.487550120288692
601,Iowa,2000,10.996449456975773
602,Iowa,2001,6.627955801104973
603,Iowa,2002,8.519021467798302
604,Iowa,2003,9.301574585635358
605,Iowa,2004,9.819603462719911
606,Iowa,2005,11.394782168186422
607,Iowa,2006,8.989717155696537
608,Iowa,2007,8.830238522698128
609,Iowa,2008,6.255574497101943
610,Iowa,2009,2.5590132827324474
611,Iowa,2010,3.231548415885765
612,Iowa,2011,5.595197740112995
613,Iowa,2012,5.811585557299844
614,Iowa,2013,5.845011148272018
615,Iowa,2014,7.308016759776536
616,Iowa,2015,4.262944582299421
617,Iowa,2016,2.4810041841004185
618,Iowa,2017,2.0479520187244002
619,Iowa,2018,1.6698042870456664
620,Iowa,2019,1.7078628333910635
621,Iowa,2020,1.410691823899371
622,Kansas,1980,40.00593471810089
623,Kansas,1981,44.27929465301479
624,Kansas,1982,28.904022988505748
625,Kansas,1983,21.755212922173275
626,Kansas,1984,29.45137085137085
627,Kansas,1985,22.45272206303725
628,Kansas,1986,18.074398625429552
629,Kansas,1987,29.450639853747713
630,Kansas,1988,16.5781127129751
631,Kansas,1989,10.158068057080131
632,Kansas,1990,11.341463414634147
633,Kansas,1991,11.331877729257641
634,Kansas,1992,8.160310277957336
635,Kansas,1993,7.2498215560314065
636,Kansas,1994,7.413235294117647
637,Kansas,1995,7.4478951000690135
638,Kansas,1996,6.537079953650058
639,Kansas,1997,7.336956521739131
640,Kansas,1998,12.097142857142858
641,Kansas,1999,11.716134598792062
642,Kansas,2000,7.860740740740741
643,Kansas,2001,5.264197530864197
644,Kansas,2002,5.393384524512699
645,Kansas,2003,7.486305538648813
646,Kansas,2004,4.359223300970874
647,Kansas,2005,3.5320409262250942
648,Kansas,2006,3.3683473389355743
649,Kansas,2007,3.8769322235434007
650,Kansas,2008,4.345952242283052
651,Kansas,2009,3.7974040632054176
652,Kansas,2010,4.473527662105889
653,Kansas,2011,3.7184016118200134
654,Kansas,2012,3.4745409015025044
655,Kansas,2013,2.5283482142857143
656,Kansas,2014,3.4508902077151338
657,Kansas,2015,2.837472924187726
658,Kansas,2016,1.4425320056899005
659,Kansas,2017,1.5101966496722505
660,Kansas,2018,1.5382394366197185
661,Kansas,2019,1.3178740157480315
662,Kentucky,1980,45.13968815303006
663,Kentucky,1981,39.48439315955504
664,Kentucky,1982,36.211427914463094
665,Kentucky,1983,30.65466006303467
666,Kentucky,1984,29.428623144684444
667,Kentucky,1985,32.42194600374231
668,Kentucky,1986,30.166580976863752
669,Kentucky,1987,30.086442998972956
670,Kentucky,1988,30.33585476550681
671,Kentucky,1989,29.634267470734304
672,Kentucky,1990,28.62579720530276
673,Kentucky,1991,30.673093777388257
674,Kentucky,1992,25.3414595784838
675,Kentucky,1993,26.318037974683545
676,Kentucky,1994,26.043987229514013
677,Kentucky,1995,20.57837738619677
678,Kentucky,1996,19.607094398139175
679,Kentucky,1997,20.31241255246852
680,Kentucky,1998,22.508024691358024
681,Kentucky,1999,20.695224719101123
682,Kentucky,2000,19.281309297912713
683,Kentucky,2001,16.222659486329743
684,Kentucky,2002,13.708569034150429
685,Kentucky,2003,13.563786008230453
686,Kentucky,2004,14.744808491001384
687,Kentucky,2005,15.135261194029852
688,Kentucky,2006,13.551969504447268
689,Kentucky,2007,13.772516248839368
690,Kentucky,2008,10.901930501930503
691,Kentucky,2009,8.363950973323721
692,Kentucky,2010,9.140563839701771
693,Kentucky,2011,7.474384236453202
694,Kentucky,2012,6.075083373034778
695,Kentucky,2013,4.159014393754574
696,Kentucky,2014,5.691740349363813
697,Kentucky,2015,3.046270783847981
698,Kentucky,2016,2.0242274121255015
699,Kentucky,2017,2.5007512341704228
700,Kentucky,2018,2.367113062568606
701,Kentucky,2019,2.2552104899930985
702,Kentucky,2020,0.5966666666666666
703,Louisiana,1980,13.542975206611569
704,Louisiana,1981,11.764493183165383
705,Louisiana,1982,11.819745699326852
706,Louisiana,1983,16.410129986553116
707,Louisiana,1984,14.79740134744947
708,Louisiana,1985,16.68791627021884
709,Louisiana,1986,14.355956336022782
710,Louisiana,1987,13.364960075152654
711,Louisiana,1988,12.715481171548117
712,Louisiana,1989,14.157476403378043
713,Louisiana,1990,13.288443616029824
714,Louisiana,1991,15.014018691588785
715,Louisiana,1992,13.924444444444445
716,Louisiana,1993,13.466374850775965
717,Louisiana,1994,13.42315369261477
718,Louisiana,1995,12.408835341365462
719,Louisiana,1996,13.852156057494867
720,Louisiana,1997,13.447135537959944
721,Louisiana,1998,12.646784715750233
722,Louisiana,1999,12.780442804428045
723,Louisiana,2000,12.871100917431193
724,Louisiana,2001,11.866946778711485
725,Louisiana,2002,12.057889822595705
726,Louisiana,2003,11.440036900369003
727,Louisiana,2004,12.345673299398428
728,Louisiana,2005,12.543437204910292
729,Louisiana,2006,10.167851284855113
730,Louisiana,2007,15.152016129032258
731,Louisiana,2008,14.716572237960339
732,Louisiana,2009,13.862151810584958
733,Louisiana,2010,13.031416490486258
734,Louisiana,2011,15.988054054054055
735,Louisiana,2012,10.50293122886133
736,Louisiana,2013,6.289597780859917
737,Louisiana,2014,5.498334875115633
738,Louisiana,2015,4.207400555041628
739,Louisiana,2016,4.681495504022717
740,Louisiana,2017,3.1802367472979927
741,Louisiana,2018,2.99661188369153
742,Louisiana,2019,2.687001023541453
743,Louisiana,2020,2.867906976744186
744,Maine,1980,34.93659711075441
745,Maine,1981,25.57991900905193
746,Maine,1982,23.64185013518733
747,Maine,1983,23.50887512899897
748,Maine,1984,25.91705217859064
749,Maine,1985,26.408683920029436
750,Maine,1986,28.560842362276823
751,Maine,1987,28.15335807050093
752,Maine,1988,26.974507531865584
753,Maine,1989,24.44154302670623
754,Maine,1990,19.36311586816174
755,Maine,1991,18.692058404558406
756,Maine,1992,17.242783394278337
757,Maine,1993,18.996793403573065
758,Maine,1994,16.666666666666668
759,Maine,1995,15.615139442231076
760,Maine,1996,14.421052631578947
761,Maine,1997,12.419556171983356
762,Maine,1998,13.111641791044777
763,Maine,1999,9.254473161033797
764,Maine,2000,8.399436090225564
765,Maine,2001,8.255963302752294
766,Maine,2002,7.486378205128205
767,Maine,2003,6.431472081218274
768,Maine,2004,6.392972181551976
769,Maine,2005,6.07109756097561
770,Maine,2006,3.8131226053639846
771,Maine,2007,1.8651872399445215
772,Maine,2008,3.460556621880998
773,Maine,2009,3.1476003917727717
774,Maine,2010,2.0397890699904124
775,Maine,2011,1.7202702702702704
776,Maine,2012,1.6837209302325582
777,Maine,2013,1.6397464578672634
778,Maine,2014,1.1773333333333333
779,Maine,2015,1.5564054726368157
780,Maine,2016,0.9399569583931133
781,Maine,2017,1.290091463414634
782,Maine,2018,0.6332621082621083
783,Maine,2019,0.25830230826507816
784,Maine,2020,0.25069444444444444
785,Maryland,1980,28.120383036935703
786,Maryland,1981,32.15060492282019
787,Maryland,1982,29.896768778850188
788,Maryland,1983,27.353246753246754
789,Maryland,1984,27.92609016999261
790,Maryland,1985,23.222425796995235
791,Maryland,1986,27.28276380022531
792,Maryland,1987,26.30828429153463
793,Maryland,1988,26.831047381546135
794,Maryland,1989,25.787733012627783
795,Maryland,1990,21.85053581500282
796,Maryland,1991,20.867618429591175
797,Maryland,1992,19.398709677419355
798,Maryland,1993,20.632596685082873
799,Maryland,1994,21.07112375533428
800,Maryland,1995,16.00357142857143
801,Maryland,1996,15.583459787556905
802,Maryland,1997,15.847918436703484
803,Maryland,1998,18.605063291139242
804,Maryland,1999,21.161643835616438
805,Maryland,2000,19.908077994428968
806,Maryland,2001,19.18904109589041
807,Maryland,2002,19.186301369863013
808,Maryland,2003,18.963276836158194
809,Maryland,2004,16.55191256830601
810,Maryland,2005,18.47658402203857
811,Maryland,2006,13.155569620253164
812,Maryland,2007,13.024521072796935
813,Maryland,2008,9.429356943150047
814,Maryland,2009,7.7194548872180455
815,Maryland,2010,4.809446564885496
816,Maryland,2011,4.203857868020305
817,Maryland,2012,2.801346297681376
818,Maryland,2013,2.3725267379679145
819,Maryland,2014,2.7847477064220185
820,Maryland,2015,2.2713257348530296
821,Maryland,2016,1.4957446808510637
822,Maryland,2017,6.351000909918107
823,Maryland,2018,5.6775295109612145
824,Maryland,2019,2.9970218120805368
825,Massachusetts,1980,27.8068669527897
826,Massachusetts,1981,26.450365525202002
827,Massachusetts,1982,26.346473615745715
828,Massachusetts,1983,23.311446422256278
829,Massachusetts,1984,24.858500458775723
830,Massachusetts,1985,24.380143696930112
831,Massachusetts,1986,28.409134925758554
832,Massachusetts,1987,26.000994282873478
833,Massachusetts,1988,26.145169491525422
834,Massachusetts,1989,23.020591106771988
835,Massachusetts,1990,21.297677631010963
836,Massachusetts,1991,20.286403264700425
837,Massachusetts,1992,19.393945109874565
838,Massachusetts,1993,18.560893854748603
839,Massachusetts,1994,17.023461091753774
840,Massachusetts,1995,13.108626198083067
841,Massachusetts,1996,13.865772703133297
842,Massachusetts,1997,14.363254907837554
843,Massachusetts,1998,15.212051599222477
844,Massachusetts,1999,13.593137077839986
845,Massachusetts,2000,12.654513116940862
846,Massachusetts,2001,11.493573844419391
847,Massachusetts,2002,9.904126213592233
848,Massachusetts,2003,10.045574057843996
849,Massachusetts,2004,8.612642717905876
850,Massachusetts,2005,9.244166666666667
851,Massachusetts,2006,7.126825078728887
852,Massachusetts,2007,7.655806811836962
853,Massachusetts,2008,6.39027193720213
854,Massachusetts,2009,4.773630717108978
855,Massachusetts,2010,4.616912378303199
856,Massachusetts,2011,4.460758643840215
857,Massachusetts,2012,3.4908369694565646
858,Massachusetts,2013,2.9669050456893125
859,Massachusetts,2014,2.2736277873070327
860,Massachusetts,2015,1.3553816974869606
861,Massachusetts,2016,1.2945081184336198
862,Massachusetts,2017,1.0615712257453858
863,Massachusetts,2018,0.895638789122627
864,Massachusetts,2019,0.5735034347399411
865,Massachusetts,2020,0.7338983050847459
866,Michigan,1980,21.256598388179988
867,Michigan,1981,23.24047484187671
868,Michigan,1982,21.162934799362894
869,Michigan,1983,19.452197633789
870,Michigan,1984,20.4415697044157
871,Michigan,1985,18.721594982078855
872,Michigan,1986,18.95834386852086
873,Michigan,1987,20.91313103192279
874,Michigan,1988,20.399593175853017
875,Michigan,1989,22.805245271867612
876,Michigan,1990,22.834835326888417
877,Michigan,1991,20.90823529411765
878,Michigan,1992,15.767574504491659
879,Michigan,1993,16.84282624369142
880,Michigan,1994,17.134894991922454
881,Michigan,1995,15.041091332556979
882,Michigan,1996,16.035264930001773
883,Michigan,1997,15.194444444444445
884,Michigan,1998,17.916327019899306
885,Michigan,1999,18.231341369581944
886,Michigan,2000,16.76606614681366
887,Michigan,2001,14.631119426255067
888,Michigan,2002,12.007628524046435
889,Michigan,2003,12.460684844641724
890,Michigan,2004,13.111697092630155
891,Michigan,2005,12.933960176991151
892,Michigan,2006,12.943242139648836
893,Michigan,2007,13.825822168087697
894,Michigan,2008,12.591699604743084
895,Michigan,2009,7.381185324553151
896,Michigan,2010,8.58844731977819
897,Michigan,2011,7.268945868945869
898,Michigan,2012,8.529179501540185
899,Michigan,2013,6.0503668100177075
900,Michigan,2014,6.798047419804742
901,Michigan,2015,5.270719089498189
902,Michigan,2016,3.927855421686747
903,Michigan,2017,4.136253716551041
904,Michigan,2018,4.335474647350362
905,Michigan,2019,4.04507670353193
906,Minnesota,1980,17.591998754669987
907,Minnesota,1981,22.91358399029715
908,Minnesota,1982,26.571316203460935
909,Minnesota,1983,24.567258156840296
910,Minnesota,1984,14.252258610954263
911,Minnesota,1985,11.995801360938179
912,Minnesota,1986,12.553453947368421
913,Minnesota,1987,15.353714981729597
914,Minnesota,1988,15.578188857818885
915,Minnesota,1989,13.411365399534523
916,Minnesota,1990,11.668676835757362
917,Minnesota,1991,11.955293709928956
918,Minnesota,1992,8.966651155576237
919,Minnesota,1993,12.545064377682403
920,Minnesota,1994,7.445821968757748
921,Minnesota,1995,6.534662437698233
922,Minnesota,1996,7.013888888888889
923,Minnesota,1997,7.172930597186996
924,Minnesota,1998,7.133696309739867
925,Minnesota,1999,5.552315608919383
926,Minnesota,2000,5.883735705209657
927,Minnesota,2001,4.152059461133478
928,Minnesota,2002,3.183787128712871
929,Minnesota,2003,4.364013579781215
930,Minnesota,2004,3.555599525128611
931,Minnesota,2005,3.434283452098179
932,Minnesota,2006,3.0661124307205068
933,Minnesota,2007,2.5057049714751427
934,Minnesota,2008,2.59175704989154
935,Minnesota,2009,1.8943466172381835
936,Minnesota,2010,1.6210229561014902
937,Minnesota,2011,1.2536149471974005
938,Minnesota,2012,1.1917678300455234
939,Minnesota,2013,1.3416592328278323
940,Minnesota,2014,1.3646728971962616
941,Minnesota,2015,1.2974903474903474
942,Minnesota,2016,1.6646604310695405
943,Minnesota,2017,1.699063231850117
944,Minnesota,2018,1.5029556650246305
945,Minnesota,2019,1.3070253164556962
946,Mississippi,1980,12.019418758256275
947,Mississippi,1981,10.815782664941786
948,Mississippi,1982,13.154647435897436
949,Mississippi,1983,13.824159021406729
950,Mississippi,1984,14.324888226527571
951,Mississippi,1985,19.57397504456328
952,Mississippi,1986,20.70212765957447
953,Mississippi,1987,15.72984441301273
954,Mississippi,1988,17.324675324675326
955,Mississippi,1989,14.33910533910534
956,Mississippi,1990,17.353448275862068
957,Mississippi,1991,11.679069767441861
958,Mississippi,1992,11.495918367346938
959,Mississippi,1993,12.110287303058387
960,Mississippi,1994,11.493470149253731
961,Mississippi,1995,10.797922568460812
962,Mississippi,1996,10.378378378378379
963,Mississippi,1997,6.595348837209302
964,Mississippi,1998,7.790504898266767
965,Mississippi,1999,8.57094017094017
966,Mississippi,2000,8.945116279069767
967,Mississippi,2001,6.487294469357249
968,Mississippi,2002,7.425366695427092
969,Mississippi,2003,5.983463035019455
970,Mississippi,2004,5.440548780487805
971,Mississippi,2005,6.78581173260573
972,Mississippi,2006,10.022346368715084
973,Mississippi,2007,8.2033426183844
974,Mississippi,2008,7.634375
975,Mississippi,2009,5.184126984126984
976,Mississippi,2010,5.543556701030928
977,Mississippi,2011,3.7686111111111114
978,Mississippi,2012,3.1853333333333333
979,Mississippi,2013,3.7626617375231053
980,Mississippi,2014,3.2938718662952646
981,Mississippi,2015,2.1411927877947297
982,Mississippi,2016,1.2257575757575758
983,Mississippi,2017,0.837829457364341
984,Mississippi,2018,1.201716738197425
985,Mississippi,2019,1.144927536231884
986,Mississippi,2020,0.6581196581196581
987,Missouri,1980,38.23987435939825
988,Missouri,1981,31.659906462585038
989,Missouri,1982,33.41481865284974
990,Missouri,1983,36.54869325997249
991,Missouri,1984,33.883037917881985
992,Missouri,1985,33.80539088919833
993,Missouri,1986,34.107032520325205
994,Missouri,1987,30.292683353754597
995,Missouri,1988,30.07383598255732
996,Missouri,1989,29.329450757575756
997,Missouri,1990,25.81729540614542
998,Missouri,1991,24.141016305208165
999,Missouri,1992,21.04420731707317
1000,Missouri,1993,22.029794364051792
1001,Missouri,1994,24.131943237764265
1002,Missouri,1995,22.163742307188688
1003,Missouri,1996,24.556574155469043
1004,Missouri,1997,21.71372595582997
1005,Missouri,1998,21.284484568549235
1006,Missouri,1999,21.140794223826713
1007,Missouri,2000,18.76597784405624
1008,Missouri,2001,17.342881521209165
1009,Missouri,2002,16.150176893985606
1010,Missouri,2003,16.068371674591955
1011,Missouri,2004,12.240386188839796
1012,Missouri,2005,14.521363418146903
1013,Missouri,2006,16.942307692307693
1014,Missouri,2007,14.464365671641792
1015,Missouri,2008,18.687458526874586
1016,Missouri,2009,15.966031673169612
1017,Missouri,2010,16.02030801357348
1018,Missouri,2011,14.984846483988115
1019,Missouri,2012,13.583624958732257
1020,Missouri,2013,10.229968847352024
1021,Missouri,2014,7.586342837029215
1022,Missouri,2015,5.282115721800118
1023,Missouri,2016,2.6705136908802896
1024,Missouri,2017,3.573247096869028
1025,Missouri,2018,5.5292389068469
1026,Missouri,2019,13.125445859872611
1027,Montana,1980,68.90385429902584
1028,Montana,1981,20.91746738784601
1029,Montana,1982,28.099383477188656
1030,Montana,1983,43.67194899817851
1031,Montana,1984,32.83676975945017
1032,Montana,1985,26.998870834480858
1033,Montana,1986,33.39825970548862
1034,Montana,1987,29.865594506685945
1035,Montana,1988,34.03906976744186
1036,Montana,1989,28.191326154300043
1037,Montana,1990,27.758928571428573
1038,Montana,1991,23.40989351664645
1039,Montana,1992,28.199236794537054
1040,Montana,1993,26.55437531613556
1041,Montana,1994,30.3998266897747
1042,Montana,1995,26.459520859149112
1043,Montana,1996,18.892900457132196
1044,Montana,1997,16.504131282992883
1045,Montana,1998,16.8400641492929
1046,Montana,1999,15.241684147437818
1047,Montana,2000,18.228996639462313
1048,Montana,2001,14.616053169734151
1049,Montana,2002,12.801444748145256
1050,Montana,2003,11.740635756225956
1051,Montana,2004,13.43316036570299
1052,Montana,2005,14.385182584269662
1053,Montana,2006,12.398031896844248
1054,Montana,2007,13.172047970479705
1055,Montana,2008,12.681383705052344
1056,Montana,2009,8.08030112923463
1057,Montana,2010,6.661512976256212
1058,Montana,2011,5.255091969493046
1059,Montana,2012,4.306416666666666
1060,Montana,2013,4.094462674323215
1061,Montana,2014,4.599011532125206
1062,Montana,2015,2.978512795750845
1063,Montana,2016,1.8916286149162862
1064,Montana,2017,2.7784930853600383
1065,Montana,2018,2.6195242814667985
1066,Montana,2019,2.0012645914396887
1067,Montana,2020,2.214444444444444
1068,Nebraska,1980,14.596639999999999
1069,Nebraska,1981,9.702575107296136
1070,Nebraska,1982,11.242902208201892
1071,Nebraska,1983,8.972027972027972
1072,Nebraska,1984,7.785714285714286
1073,Nebraska,1985,5.597014925373134
1074,Nebraska,1986,2.6785714285714284
1075,Nebraska,1987,4.821428571428571
1076,Nebraska,1988,7.484641638225256
1077,Nebraska,1989,6.592476489028213
1078,Nebraska,1990,5.8054794520547945
1079,Nebraska,1991,6.809917355371901
1080,Nebraska,1992,7.832740213523132
1081,Nebraska,1993,7.0606060606060606
1082,Nebraska,1994,12.296610169491526
1083,Nebraska,1995,13.46376811594203
1084,Nebraska,1996,16.673529411764704
1085,Nebraska,1997,15.641456582633053
1086,Nebraska,1998,6.133956386292835
1087,Nebraska,1999,2.8786610878661087
1088,Nebraska,2000,1.8739054290718038
1089,Nebraska,2001,0.8603773584905661
1090,Nebraska,2002,2.0605612998522895
1091,Nebraska,2003,3.158307210031348
1092,Nebraska,2004,4.521538461538461
1093,Nebraska,2005,6.239038189533239
1094,Nebraska,2006,4.017167381974249
1095,Nebraska,2007,4.202836879432624
1096,Nebraska,2008,2.7127222982216144
1097,Nebraska,2009,3.53566229985444
1098,Nebraska,2010,3.2405255878284924
1099,Nebraska,2011,6.577908937605396
1100,Nebraska,2012,6.405424200278164
1101,Nebraska,2013,5.139511494252873
1102,Nebraska,2014,4.877618364418938
1103,Nebraska,2015,4.839643347050754
1104,Nebraska,2016,3.970708446866485
1105,Nebraska,2017,4.12354694485842
1106,Nebraska,2018,2.1204110559886606
1107,Nebraska,2019,1.750567375886525
1108,Nevada,1981,2.9931818181818186
1109,Nevada,1998,1.897119341563786
1110,Nevada,1999,1.736986301369863
1111,Nevada,2000,0.9832962138084632
1112,Nevada,2001,2.1567614125753662
1113,Nevada,2002,1.3737997256515775
1114,Nevada,2003,1.7566079295154184
1115,Nevada,2004,2.0722222222222224
1116,Nevada,2005,5.4714285714285715
1117,Nevada,2006,2.0192837465564737
1118,Nevada,2007,1.0
1119,Nevada,2008,0.125
1120,Nevada,2010,1.3222222222222222
1121,Nevada,2011,2.010460251046025
1122,Nevada,2012,1.917123287671233
1123,Nevada,2013,2.0820768136557612
1124,Nevada,2014,1.830115273775216
1125,Nevada,2015,1.8199395770392748
1126,Nevada,2016,1.4424242424242424
1127,Nevada,2017,1.382788051209104
1128,Nevada,2018,1.2076246334310852
1129,Nevada,2019,0.9342406876790831
1130,Nevada,2020,3.32
1131,New Hampshire,1980,54.70421106037544
1132,New Hampshire,1981,39.6036036036036
1133,New Hampshire,1982,37.23454472843451
1134,New Hampshire,1983,25.15945541591861
1135,New Hampshire,1984,25.594812899300273
1136,New Hampshire,1985,23.24606811145511
1137,New Hampshire,1986,24.838732633005762
1138,New Hampshire,1987,22.666291097155522
1139,New Hampshire,1988,24.66366391184573
1140,New Hampshire,1989,23.853085760085495
1141,New Hampshire,1990,24.29029957203994
1142,New Hampshire,1991,21.016468203699013
1143,New Hampshire,1992,21.67900024503798
1144,New Hampshire,1993,19.43049095607235
1145,New Hampshire,1994,17.117711771177117
1146,New Hampshire,1995,14.135365538620512
1147,New Hampshire,1996,14.720504894384337
1148,New Hampshire,1997,13.394750254841998
1149,New Hampshire,1998,15.376366013071895
1150,New Hampshire,1999,14.328443305573352
1151,New Hampshire,2000,12.004107981220658
1152,New Hampshire,2001,12.585013541980139
1153,New Hampshire,2002,10.826086956521738
1154,New Hampshire,2003,13.769859282796187
1155,New Hampshire,2004,16.122552574329223
1156,New Hampshire,2005,16.38397212543554
1157,New Hampshire,2006,14.730287398673545
1158,New Hampshire,2007,18.224653739612187
1159,New Hampshire,2008,15.60678899082569
1160,New Hampshire,2009,19.157326007326006
1161,New Hampshire,2010,19.22495769881557
1162,New Hampshire,2011,9.396973995271868
1163,New Hampshire,2012,2.370383631713555
1164,New Hampshire,2013,2.392864864864865
1165,New Hampshire,2014,2.108022284122563
1166,New Hampshire,2015,1.7859313449634215
1167,New Hampshire,2016,1.4166944908180301
1168,New Hampshire,2017,1.4536568213783403
1169,New Hampshire,2018,1.6621464829586656
1170,New Hampshire,2019,1.463041880969875
1171,New Jersey,1980,23.130263896687254
1172,New Jersey,1981,27.495099303585246
1173,New Jersey,1982,25.771799888205702
1174,New Jersey,1983,26.191848617176127
1175,New Jersey,1984,27.89042675893887
1176,New Jersey,1985,25.007246376811594
1177,New Jersey,1986,22.71852970795569
1178,New Jersey,1987,22.16544875398164
1179,New Jersey,1988,24.01207860104561
1180,New Jersey,1989,23.164110989412194
1181,New Jersey,1990,20.420161883738043
1182,New Jersey,1991,19.475251209527354
1183,New Jersey,1992,17.37383532991063
1184,New Jersey,1993,15.540464063384267
1185,New Jersey,1994,15.80712507182532
1186,New Jersey,1995,12.55110701107011
1187,New Jersey,1996,12.983393093036423
1188,New Jersey,1997,12.546549416937488
1189,New Jersey,1998,12.22577519379845
1190,New Jersey,1999,11.749601910828025
1191,New Jersey,2000,11.592021950189954
1192,New Jersey,2001,12.399789029535865
1193,New Jersey,2002,11.237942122186496
1194,New Jersey,2003,11.82943925233645
1195,New Jersey,2004,11.349881796690307
1196,New Jersey,2005,11.472649572649573
1197,New Jersey,2006,9.227332170880558
1198,New Jersey,2007,7.777473155129083
1199,New Jersey,2008,6.340484429065744
1200,New Jersey,2009,4.595033112582781
1201,New Jersey,2010,4.018979087024961
1202,New Jersey,2011,6.598200514138818
1203,New Jersey,2012,3.267270929466051
1204,New Jersey,2013,2.1088158750813273
1205,New Jersey,2014,2.207897181790028
1206,New Jersey,2015,0.9624770642201835
1207,New Jersey,2016,0.8707489257213015
1208,New Jersey,2017,0.5588089330024814
1209,New Jersey,2018,0.8508527131782946
1210,New Jersey,2019,0.8749154626498616
1211,New Mexico,1980,28.64963503649635
1212,New Mexico,1981,38.536569148936174
1213,New Mexico,1982,36.31389252948886
1214,New Mexico,1983,44.01984126984127
1215,New Mexico,1984,34.726676602086435
1216,New Mexico,1985,30.702979814162127
1217,New Mexico,1986,38.38662533215235
1218,New Mexico,1987,43.0699481865285
1219,New Mexico,1988,30.457987738910926
1220,New Mexico,1989,36.59442724458204
1221,New Mexico,1990,33.75678015002885
1222,New Mexico,1991,30.76309729418538
1223,New Mexico,1992,30.225512528473804
1224,New Mexico,1993,23.832122470160872
1225,New Mexico,1994,20.268972914990613
1226,New Mexico,1995,20.57517155333749
1227,New Mexico,1996,18.129804849201655
1228,New Mexico,1997,21.32349360925137
1229,New Mexico,1998,20.96343692870201
1230,New Mexico,1999,14.754828660436138
1231,New Mexico,2000,10.330932999373825
1232,New Mexico,2001,8.455342643715491
1233,New Mexico,2002,4.714767616191904
1234,New Mexico,2003,5.605014191106906
1235,New Mexico,2004,3.906470211402947
1236,New Mexico,2005,3.796067415730337
1237,New Mexico,2006,3.504088785046729
1238,New Mexico,2007,3.0940525587828493
1239,New Mexico,2008,1.1772625280478684
1240,New Mexico,2009,1.6661184210526316
1241,New Mexico,2010,2.675539568345324
1242,New Mexico,2011,2.6280858676207512
1243,New Mexico,2012,1.9386240193120097
1244,New Mexico,2013,1.3537075537075538
1245,New Mexico,2014,0.7291050035236081
1246,New Mexico,2015,0.7243956043956044
1247,New Mexico,2016,1.1563480741797432
1248,New Mexico,2017,1.3622157006603082
1249,New Mexico,2018,0.9569767441860465
1250,New Mexico,2019,0.6869429241594996
1251,New Mexico,2020,14.163157894736843
1252,New York,1980,36.37499237944279
1253,New York,1981,36.84241010982398
1254,New York,1982,33.909939911677405
1255,New York,1983,33.54645967436577
1256,New York,1984,33.982300884955755
1257,New York,1985,32.538475499092556
1258,New York,1986,30.677711893965817
1259,New York,1987,28.331568016614746
1260,New York,1988,30.861047561709814
1261,New York,1989,30.750877192982458
1262,New York,1990,27.82219733731492
1263,New York,1991,27.702162864909585
1264,New York,1992,23.149686803269987
1265,New York,1993,20.874463157894738
1266,New York,1994,20.348127282211788
1267,New York,1995,15.743136460338365
1268,New York,1996,15.7892523364486
1269,New York,1997,16.09888731539551
1270,New York,1998,15.184070531978483
1271,New York,1999,15.130323712948519
1272,New York,2000,15.327242351467056
1273,New York,2001,14.701435087328958
1274,New York,2002,12.91457560296846
1275,New York,2003,12.580492764023441
1276,New York,2004,10.553190763280629
1277,New York,2005,9.606313645621182
1278,New York,2006,7.972043131528699
1279,New York,2007,7.615957225913621
1280,New York,2008,6.360161890177204
1281,New York,2009,4.7718115446041525
1282,New York,2010,3.708241379310345
1283,New York,2011,3.4080766028309744
1284,New York,2012,2.8174612927009095
1285,New York,2013,2.434272083718067
1286,New York,2014,2.246753438840408
1287,New York,2015,2.006294536817102
1288,New York,2016,1.125949649932966
1289,New York,2017,1.869718746128113
1290,New York,2018,1.6732721870559357
1291,New York,2019,1.6616728767827316
1292,New York,2020,2.234967012252592
1293,North Carolina,1980,42.48169826875515
1294,North Carolina,1981,51.43685258964143
1295,North Carolina,1982,20.061667971808927
1296,North Carolina,1983,10.038432554634515
1297,North Carolina,1984,10.330434782608695
1298,North Carolina,1985,12.537933450087566
1299,North Carolina,1986,13.213818722139672
1300,North Carolina,1987,12.654015345268542
1301,North Carolina,1988,13.634390075809787
1302,North Carolina,1989,13.30659574468085
1303,North Carolina,1990,10.036483516483516
1304,North Carolina,1991,10.930130220026943
1305,North Carolina,1992,9.90027079303675
1306,North Carolina,1993,8.289137772322798
1307,North Carolina,1994,9.65440414507772
1308,North Carolina,1995,10.890259067357514
1309,North Carolina,1996,10.179838506182184
1310,North Carolina,1997,13.335363690124186
1311,North Carolina,1998,11.491496108388585
1312,North Carolina,1999,9.668633815284744
1313,North Carolina,2000,11.711682743837084
1314,North Carolina,2001,11.64102564102564
1315,North Carolina,2002,14.297790585975024
1316,North Carolina,2003,12.821931101407085
1317,North Carolina,2004,11.094940915805022
1318,North Carolina,2005,10.567783891945973
1319,North Carolina,2006,10.429057835820895
1320,North Carolina,2007,9.228833693304535
1321,North Carolina,2008,9.29441340782123
1322,North Carolina,2009,6.47943585077343
1323,North Carolina,2010,5.5216989436619714
1324,North Carolina,2011,2.970592948717949
1325,North Carolina,2012,2.298928737773638
1326,North Carolina,2013,1.6602439024390243
1327,North Carolina,2014,1.4418488444722048
1328,North Carolina,2015,1.1614018087855296
1329,North Carolina,2016,1.0695679398872886
1330,North Carolina,2017,4.3662793399953514
1331,North Carolina,2018,3.9454746747854967
1332,North Carolina,2019,2.029914970368462
1333,North Carolina,2020,0.5516666666666666
1334,North Dakota,1980,4.518760195758564
1335,North Dakota,1981,6.368433734939759
1336,North Dakota,1982,11.548585256887565
1337,North Dakota,1983,7.618460388639761
1338,North Dakota,1984,11.031848086124402
1339,North Dakota,1985,10.9969723183391
1340,North Dakota,1986,9.598958333333334
1341,North Dakota,1987,7.151551312649165
1342,North Dakota,1988,10.107097322566936
1343,North Dakota,1989,9.066973180076628
1344,North Dakota,1990,10.053712220762154
1345,North Dakota,1991,8.188546110928783
1346,North Dakota,1992,7.792940793754067
1347,North Dakota,1993,7.549655520080659
1348,North Dakota,1994,8.139991371872304
1349,North Dakota,1995,7.514790468364832
1350,North Dakota,1996,9.306107827332974
1351,North Dakota,1997,8.17103900586814
1352,North Dakota,1998,8.22790357925493
1353,North Dakota,1999,8.10363098020882
1354,North Dakota,2000,7.965970610982212
1355,North Dakota,2001,7.506360078277886
1356,North Dakota,2002,6.7354432324473805
1357,North Dakota,2003,7.202519534364535
1358,North Dakota,2004,7.1041791942273
1359,North Dakota,2005,5.477232565478069
1360,North Dakota,2006,3.8897787318361954
1361,North Dakota,2007,4.28501478803812
1362,North Dakota,2008,4.204235018413123
1363,North Dakota,2009,4.225292780982346
1364,North Dakota,2010,4.726112084063047
1365,North Dakota,2011,3.5552299769135143
1366,North Dakota,2012,4.311352282515074
1367,North Dakota,2013,3.4483692746391017
1368,North Dakota,2014,2.830665969316597
1369,North Dakota,2015,2.6107810961601574
1370,North Dakota,2016,2.2049328147100424
1371,North Dakota,2017,2.6908751997159595
1372,North Dakota,2018,2.7529584462511294
1373,North Dakota,2019,2.827820349084717
1374,Ohio,1980,41.969074221867515
1375,Ohio,1981,41.253359375
1376,Ohio,1982,39.59101796407186
1377,Ohio,1983,36.49008039419087
1378,Ohio,1984,39.50619244204509
1379,Ohio,1985,36.66795865633075
1380,Ohio,1986,33.81498799443953
1381,Ohio,1987,33.402575331721025
1382,Ohio,1988,34.69421191958217
1383,Ohio,1989,35.760077325123504
1384,Ohio,1990,34.85510428100988
1385,Ohio,1991,39.177097203728366
1386,Ohio,1992,31.44915514592934
1387,Ohio,1993,31.368025100472398
1388,Ohio,1994,28.587805609719513
1389,Ohio,1995,20.16119975452593
1390,Ohio,1996,21.31814339506647
1391,Ohio,1997,21.58844793713163
1392,Ohio,1998,21.258972104547997
1393,Ohio,1999,21.7068220718885
1394,Ohio,2000,20.136295054484492
1395,Ohio,2001,20.277822711096732
1396,Ohio,2002,19.68951899534002
1397,Ohio,2003,19.614035087719298
1398,Ohio,2004,19.35040326234708
1399,Ohio,2005,19.853243364822312
1400,Ohio,2006,16.617048203982876
1401,Ohio,2007,15.368916269952395
1402,Ohio,2008,13.587593254982115
1403,Ohio,2009,11.47828309168666
1404,Ohio,2010,10.532558639982785
1405,Ohio,2011,10.4851292504401
1406,Ohio,2012,8.693273174733388
1407,Ohio,2013,6.194172151021823
1408,Ohio,2014,6.298693201229929
1409,Ohio,2015,4.863409830450419
1410,Ohio,2016,2.88826487131413
1411,Ohio,2017,2.1826369618647425
1412,Ohio,2018,2.0657964135021096
1413,Ohio,2019,2.3503684474962316
1414,Ohio,2020,1.342359630419332
1415,Oklahoma,1980,15.113009845288326
1416,Oklahoma,1981,15.147725774555042
1417,Oklahoma,1982,14.624115176964608
1418,Oklahoma,1983,20.719764177428413
1419,Oklahoma,1984,26.872293676312967
1420,Oklahoma,1985,31.27173219978746
1421,Oklahoma,1986,33.161366806136684
1422,Oklahoma,1987,25.76705931846866
1423,Oklahoma,1988,29.79412915851272
1424,Oklahoma,1989,27.134538878842676
1425,Oklahoma,1990,25.49138638228056
1426,Oklahoma,1991,20.267441860465116
1427,Oklahoma,1992,20.945054945054945
1428,Oklahoma,1993,13.78699660359049
1429,Oklahoma,1994,11.507549926936191
1430,Oklahoma,1995,13.499280575539569
1431,Oklahoma,1996,13.855198693522047
1432,Oklahoma,1997,18.342400946185688
1433,Oklahoma,1998,19.000580720092916
1434,Oklahoma,1999,14.96348195329087
1435,Oklahoma,2000,11.144569560479477
1436,Oklahoma,2001,10.761703511053316
1437,Oklahoma,2002,9.901850109752273
1438,Oklahoma,2003,11.890603566529492
1439,Oklahoma,2004,10.80390924002187
1440,Oklahoma,2005,10.981433323253704
1441,Oklahoma,2006,9.649617385981022
1442,Oklahoma,2007,7.4708935417281035
1443,Oklahoma,2008,9.184319440396386
1444,Oklahoma,2009,5.994321558270056
1445,Oklahoma,2010,6.796449067431851
1446,Oklahoma,2011,7.384469153515065
1447,Oklahoma,2012,6.315919452887538
1448,Oklahoma,2013,4.564458464773922
1449,Oklahoma,2014,3.1508999280057597
1450,Oklahoma,2015,2.5085084033613447
1451,Oklahoma,2016,2.746936581870297
1452,Oklahoma,2017,3.0494117647058823
1453,Oklahoma,2018,2.384399773499434
1454,Oklahoma,2019,1.474000583600817
1455,Oklahoma,2020,1.3528827037773359
1456,Oregon,1980,31.62883435582822
1457,Oregon,1981,21.998287345385346
1458,Oregon,1982,17.309680638722554
1459,Oregon,1983,10.025185185185185
1460,Oregon,1984,10.408127721335267
1461,Oregon,1985,12.850964187327822
1462,Oregon,1986,19.700831024930746
1463,Oregon,1987,17.781564245810056
1464,Oregon,1988,12.215256588072123
1465,Oregon,1989,17.578787878787878
1466,Oregon,1990,16.474855491329482
1467,Oregon,1991,16.998214285714283
1468,Oregon,1992,17.484873949579832
1469,Oregon,1993,16.716618911174788
1470,Oregon,1994,13.516224188790561
1471,Oregon,1995,11.340782122905027
1472,Oregon,2003,2.375
1473,Oregon,2004,3.568345323741007
1474,Oregon,2005,3.6234177215189876
1475,Oregon,2006,3.314917127071823
1476,Oregon,2007,2.500749625187406
1477,Oregon,2008,2.013554987212276
1478,Oregon,2009,2.7983471074380164
1479,Oregon,2010,2.4232876712328766
1480,Oregon,2011,2.0075301204819276
1481,Oregon,2012,1.4667655786350149
1482,Oregon,2013,1.9798245614035088
1483,Oregon,2014,1.4813411078717202
1484,Oregon,2015,1.1885793871866295
1485,Oregon,2016,0.6606232294617563
1486,Oregon,2017,0.8168674698795181
1487,Oregon,2018,0.9201166180758018
1488,Oregon,2019,0.5721739130434783
1489,Pennsylvania,1980,42.88580100540643
1490,Pennsylvania,1981,39.80437878248487
1491,Pennsylvania,1982,44.128259788247
1492,Pennsylvania,1983,43.52432901506229
1493,Pennsylvania,1984,44.05409582689335
1494,Pennsylvania,1985,37.699094382340455
1495,Pennsylvania,1986,35.50931959387786
1496,Pennsylvania,1987,36.535070443872144
1497,Pennsylvania,1988,38.57163142947302
1498,Pennsylvania,1989,37.06058765469592
1499,Pennsylvania,1990,35.95741717971269
1500,Pennsylvania,1991,31.512152144853566
1501,Pennsylvania,1992,29.846300715990452
1502,Pennsylvania,1993,29.550823020545476
1503,Pennsylvania,1994,30.61545566502463
1504,Pennsylvania,1995,23.896246566981997
1505,Pennsylvania,1996,23.98860466496528
1506,Pennsylvania,1997,25.39821846628219
1507,Pennsylvania,1998,23.142958052597262
1508,Pennsylvania,1999,22.5757870426644
1509,Pennsylvania,2000,21.410890446521286
1510,Pennsylvania,2001,21.709484477356877
1511,Pennsylvania,2002,20.41885366365736
1512,Pennsylvania,2003,20.077698736100558
1513,Pennsylvania,2004,18.492339121552604
1514,Pennsylvania,2005,20.087440273037544
1515,Pennsylvania,2006,16.92922487766825
1516,Pennsylvania,2007,16.56678445229682
1517,Pennsylvania,2008,14.228725246592878
1518,Pennsylvania,2009,12.415265957446808
1519,Pennsylvania,2010,9.862367159824963
1520,Pennsylvania,2011,7.224494197391393
1521,Pennsylvania,2012,6.689737894269214
1522,Pennsylvania,2013,5.499190325972661
1523,Pennsylvania,2014,6.113342562027473
1524,Pennsylvania,2015,5.481069182389938
1525,Pennsylvania,2016,3.327267009120453
1526,Pennsylvania,2017,3.355083494263319
1527,Pennsylvania,2018,2.7238107449673037
1528,Pennsylvania,2019,2.81598167705815
1529,Puerto Rico,1980,32.89718804920914
1530,Puerto Rico,1981,31.862488306828812
1531,Puerto Rico,1982,29.83085714285714
1532,Puerto Rico,1983,28.384485666104553
1533,Puerto Rico,1984,21.681914893617023
1534,Puerto Rico,1985,13.943974630021142
1535,Puerto Rico,1986,13.033915724563206
1536,Puerto Rico,1987,13.469182389937107
1537,Puerto Rico,1988,8.668981481481481
1538,Puerto Rico,1989,6.071243523316062
1539,Puerto Rico,1990,17.676171079429736
1540,Puerto Rico,1991,27.88203125
1541,Puerto Rico,1992,24.561695685087056
1542,Puerto Rico,1993,19.61
1543,Puerto Rico,1994,25.18
1544,Puerto Rico,1995,18.482758620689655
1545,Puerto Rico,1996,14.04418762746431
1546,Puerto Rico,1997,13.737129012719564
1547,Puerto Rico,1998,13.348306841741534
1548,Puerto Rico,1999,15.73777315296566
1549,Puerto Rico,2000,16.28637413394919
1550,Puerto Rico,2001,13.938665063138906
1551,Puerto Rico,2002,14.448846153846153
1552,Puerto Rico,2003,5.924225663716814
1553,Puerto Rico,2004,8.749499799919969
1554,Puerto Rico,2005,6.9743589743589745
1555,Puerto Rico,2006,6.783812010443865
1556,Puerto Rico,2007,5.029126213592233
1557,Puerto Rico,2008,4.608560794044665
1558,Puerto Rico,2009,4.889473684210526
1559,Puerto Rico,2010,4.466718872357087
1560,Puerto Rico,2011,2.9180537772087067
1561,Puerto Rico,2012,3.445791245791246
1562,Puerto Rico,2013,7.646101113967438
1563,Puerto Rico,2014,3.8862762237762234
1564,Puerto Rico,2015,4.390495867768595
1565,Puerto Rico,2016,5.741573033707865
1566,Puerto Rico,2017,3.277186311787072
1567,Puerto Rico,2018,1.2282225237449118
1568,Puerto Rico,2019,2.5088
1569,Rhode Island,1980,35.20951035781544
1570,Rhode Island,1981,32.15233358837031
1571,Rhode Island,1982,30.351174743024966
1572,Rhode Island,1983,23.85203716940672
1573,Rhode Island,1984,24.542947813822288
1574,Rhode Island,1985,23.63071161048689
1575,Rhode Island,1986,29.44645222327342
1576,Rhode Island,1987,28.354326923076922
1577,Rhode Island,1988,32.33003913894325
1578,Rhode Island,1989,25.89462686567164
1579,Rhode Island,1990,21.986338289962823
1580,Rhode Island,1991,21.24467289719626
1581,Rhode Island,1992,21.49306466729147
1582,Rhode Island,1993,19.61559723593287
1583,Rhode Island,1994,17.635029354207436
1584,Rhode Island,1995,12.52819253438114
1585,Rhode Island,1996,16.112702960840497
1586,Rhode Island,1997,13.95690499510284
1587,Rhode Island,1998,14.465909090909092
1588,Rhode Island,1999,14.413294797687861
1589,Rhode Island,2000,12.610872675250357
1590,Rhode Island,2001,13.432203389830509
1591,Rhode Island,2002,11.639652677279305
1592,Rhode Island,2003,12.017167381974248
1593,Rhode Island,2004,12.479827089337176
1594,Rhode Island,2005,11.77565982404692
1595,Rhode Island,2006,8.657894736842104
1596,Rhode Island,2007,8.642166344294004
1597,Rhode Island,2008,5.485207100591716
1598,Rhode Island,2009,4.7485207100591715
1599,Rhode Island,2010,2.91812865497076
1600,Rhode Island,2011,3.943307086614173
1601,Rhode Island,2012,3.2797317436661695
1602,Rhode Island,2013,1.8119359534206696
1603,Rhode Island,2014,1.5823196605374823
1604,Rhode Island,2015,0.9230876216968011
1605,Rhode Island,2016,0.6588720770288858
1606,Rhode Island,2017,0.6068917018284107
1607,Rhode Island,2018,0.5460451977401131
1608,Rhode Island,2019,0.4707736389684814
1609,South Carolina,1980,14.268494516450648
1610,South Carolina,1981,20.582926829268295
1611,South Carolina,1982,13.426871508379888
1612,South Carolina,1983,13.732778027915353
1613,South Carolina,1984,12.038635112823336
1614,South Carolina,1985,8.885856992639328
1615,South Carolina,1986,9.876218990590248
1616,South Carolina,1987,7.791535732387228
1617,South Carolina,1988,8.006645569620254
1618,South Carolina,1989,7.677734939759036
1619,South Carolina,1990,8.86179092382496
1620,South Carolina,1991,8.402628774422736
1621,South Carolina,1992,7.914480963228116
1622,South Carolina,1993,7.0995581737849776
1623,South Carolina,1994,6.3998279816513755
1624,South Carolina,1995,5.1550537042137154
1625,South Carolina,1996,7.006015646074993
1626,South Carolina,1997,6.6815595631191265
1627,South Carolina,1998,7.602607709750567
1628,South Carolina,1999,7.650678994510257
1629,South Carolina,2000,7.2770983879933295
1630,South Carolina,2001,7.813985627418464
1631,South Carolina,2002,6.949780581459134
1632,South Carolina,2003,7.047150781643974
1633,South Carolina,2004,6.979733196511031
1634,South Carolina,2005,7.665141113653699
1635,South Carolina,2006,6.8433367243133265
1636,South Carolina,2007,6.09375
1637,South Carolina,2008,5.917986195696305
1638,South Carolina,2009,3.942798541476755
1639,South Carolina,2010,4.174752475247525
1640,South Carolina,2011,3.311925111925112
1641,South Carolina,2012,1.7786936936936937
1642,South Carolina,2013,1.521046511627907
1643,South Carolina,2014,2.3109782144382742
1644,South Carolina,2015,1.088857938718663
1645,South Carolina,2016,0.6859521776259607
1646,South Carolina,2017,0.662
1647,South Carolina,2018,0.5393410852713179
1648,South Carolina,2019,0.5391767210787793
1649,South Carolina,2020,0.5145454545454545
1650,South Dakota,2001,0.39344262295081966
1651,South Dakota,2002,2.335676625659051
1652,South Dakota,2003,3.3652694610778444
1653,South Dakota,2004,2.038567493112948
1654,South Dakota,2005,1.79097605893186
1655,South Dakota,2006,1.2949438202247192
1656,South Dakota,2007,1.2254716981132074
1657,South Dakota,2008,1.6829268292682926
1658,South Dakota,2009,1.042672919109027
1659,South Dakota,2010,1.114079822616408
1660,South Dakota,2011,1.134413407821229
1661,South Dakota,2012,1.0747513812154696
1662,South Dakota,2013,0.8234540389972145
1663,South Dakota,2014,0.8418572418572419
1664,South Dakota,2015,1.1732962447844228
1665,South Dakota,2016,0.5455479452054794
1666,South Dakota,2017,0.7023239436619718
1667,South Dakota,2018,0.609855272226051
1668,South Dakota,2019,1.1744933612858142
1669,Tennessee,1980,40.559557695585475
1670,Tennessee,1981,36.059757379346586
1671,Tennessee,1982,30.247051047386616
1672,Tennessee,1983,29.7040158845573
1673,Tennessee,1984,31.857558139534884
1674,Tennessee,1985,30.53610031790887
1675,Tennessee,1986,32.45003802763341
1676,Tennessee,1987,32.23841180371353
1677,Tennessee,1988,32.294159667163825
1678,Tennessee,1989,27.45914287998721
1679,Tennessee,1990,29.257775606578733
1680,Tennessee,1991,25.60438715131023
1681,Tennessee,1992,25.40024809160305
1682,Tennessee,1993,23.952894873122734
1683,Tennessee,1994,22.239449455965776
1684,Tennessee,1995,17.38551673944687
1685,Tennessee,1996,19.018014227031358
1686,Tennessee,1997,21.95316893018823
1687,Tennessee,1998,19.53661013166704
1688,Tennessee,1999,19.197134167738916
1689,Tennessee,2000,18.25733302731237
1690,Tennessee,2001,18.504466763578694
1691,Tennessee,2002,15.99392258064516
1692,Tennessee,2003,15.971500569013168
1693,Tennessee,2004,16.66432593574031
1694,Tennessee,2005,14.045908543922984
1695,Tennessee,2006,14.610591471801927
1696,Tennessee,2007,14.159115444889432
1697,Tennessee,2008,14.747782579031158
1698,Tennessee,2009,8.87215863721054
1699,Tennessee,2010,10.88408325681053
1700,Tennessee,2011,8.621966527196653
1701,Tennessee,2012,7.059527326440177
1702,Tennessee,2013,3.8217808219178084
1703,Tennessee,2014,7.566400336417158
1704,Tennessee,2015,6.002943581357318
1705,Tennessee,2016,6.292853598014888
1706,Tennessee,2017,7.454147031102734
1707,Tennessee,2018,5.9814557255447385
1708,Tennessee,2019,6.5903515064562415
1709,Tennessee,2020,0.18214285714285713
1710,Texas,1980,20.859530441703143
1711,Texas,1981,25.03711558854719
1712,Texas,1982,24.52262693156733
1713,Texas,1983,25.187064794051693
1714,Texas,1984,25.985376442362618
1715,Texas,1985,28.482316903369536
1716,Texas,1986,24.489255225198704
1717,Texas,1987,21.88403674610571
1718,Texas,1988,23.74498021398212
1719,Texas,1989,25.51893063583815
1720,Texas,1990,22.611103016173686
1721,Texas,1991,22.684532431997425
1722,Texas,1992,25.591692159072615
1723,Texas,1993,20.77810945273632
1724,Texas,1994,17.568302153194495
1725,Texas,1995,16.66636798088411
1726,Texas,1996,16.03175281218852
1727,Texas,1997,14.128096792778951
1728,Texas,1998,13.086189634864546
1729,Texas,1999,11.59183149630077
1730,Texas,2000,10.525536894273127
1731,Texas,2001,9.311520483915315
1732,Texas,2002,7.24265800514278
1733,Texas,2003,8.372068920844669
1734,Texas,2004,7.364373528642427
1735,Texas,2005,7.7472874085288925
1736,Texas,2006,7.275935162094763
1737,Texas,2007,5.546650124069479
1738,Texas,2008,4.436972360356193
1739,Texas,2009,3.726072836928787
1740,Texas,2010,3.9266394874781594
1741,Texas,2011,3.411833203948098
1742,Texas,2012,2.4600198631648644
1743,Texas,2013,2.2764150943396224
1744,Texas,2014,1.9661708156243676
1745,Texas,2015,1.7553304792732587
1746,Texas,2016,2.0504729935916997
1747,Texas,2017,4.770164753650348
1748,Texas,2018,5.549607436151971
1749,Texas,2019,4.646239529495634
1750,Utah,1980,33.39622641509434
1751,Utah,1981,62.379478107032284
1752,Utah,1982,47.756
1753,Utah,1983,35.23450134770889
1754,Utah,1984,36.415410385259634
1755,Utah,1985,26.08447488584475
1756,Utah,1986,22.96565389696169
1757,Utah,1987,39.41990771259064
1758,Utah,1988,50.36236119228521
1759,Utah,1989,45.140073081607795
1760,Utah,1990,46.89970326409495
1761,Utah,1991,39.5026455026455
1762,Utah,1992,40.30679156908665
1763,Utah,1993,30.7810888252149
1764,Utah,1994,20.296511627906977
1765,Utah,1995,11.528334287349743
1766,Utah,1996,8.102908277404921
1767,Utah,1997,7.082920792079208
1768,Utah,1998,6.936292054402291
1769,Utah,1999,7.625264643613267
1770,Utah,2000,8.253638253638254
1771,Utah,2001,8.226666666666667
1772,Utah,2002,8.643002028397566
1773,Utah,2003,6.718097447795824
1774,Utah,2004,6.8638583638583635
1775,Utah,2005,7.482183908045977
1776,Utah,2006,6.921244209133024
1777,Utah,2007,6.552354181307098
1778,Utah,2008,6.2668052668052665
1779,Utah,2009,6.242149337055129
1780,Utah,2010,5.30766073871409
1781,Utah,2011,3.349748743718593
1782,Utah,2012,2.7663148636763415
1783,Utah,2013,3.286989657049537
1784,Utah,2014,1.3112121212121213
1785,Utah,2015,1.071137026239067
1786,Utah,2016,1.9676470588235295
1787,Utah,2017,1.0371527777777778
1788,Utah,2018,0.8165206508135169
1789,Utah,2019,1.3899014778325123
1790,Utah,2020,1.0305084745762711
1791,Vermont,1980,18.089579524680072
1792,Vermont,1981,18.210898082744702
1793,Vermont,1982,21.942222222222224
1794,Vermont,1983,19.68103448275862
1795,Vermont,1984,20.691964285714285
1796,Vermont,1985,18.03726708074534
1797,Vermont,1986,17.10929648241206
1798,Vermont,1987,16.913425345043915
1799,Vermont,1988,17.93103448275862
1800,Vermont,1989,16.42031523642732
1801,Vermont,1990,15.157566302652105
1802,Vermont,1991,17.146198830409357
1803,Vermont,1992,13.535864978902953
1804,Vermont,1993,14.019471488178025
1805,Vermont,1994,19.472027972027973
1806,Vermont,1995,8.355244755244755
1807,Vermont,1996,9.015172413793103
1808,Vermont,1997,10.828410689170182
1809,Vermont,1998,8.176066024759285
1810,Vermont,1999,7.121122599704579
1811,Vermont,2000,8.202330097087378
1812,Vermont,2001,11.669827586206896
1813,Vermont,2002,12.045915492957747
1814,Vermont,2003,10.992307692307692
1815,Vermont,2004,7.365507246376811
1816,Vermont,2005,12.57388888888889
1817,Vermont,2006,11.000550964187328
1818,Vermont,2007,11.51949860724234
1819,Vermont,2008,8.632596685082873
1820,Vermont,2009,6.592541436464089
1821,Vermont,2010,5.876854599406528
1822,Vermont,2011,4.633790737564323
1823,Vermont,2012,2.203677758318739
1824,Vermont,2013,1.6509337860780984
1825,Vermont,2014,1.276197604790419
1826,Vermont,2015,0.5497902097902099
1827,Vermont,2016,0.33512747875354104
1828,Vermont,2017,0.41473533619456365
1829,Vermont,2018,0.5743338008415148
1830,Vermont,2019,0.4906976744186047
1831,Virgin Islands,1983,33.393893129770994
1832,Virgin Islands,1984,31.16920731707317
1833,Virgin Islands,1985,24.978930307941653
1834,Virgin Islands,1986,29.584795321637426
1835,Virgin Islands,1987,25.357798165137616
1836,Virgin Islands,1988,19.31869688385269
1837,Virgin Islands,1989,27.05785123966942
1838,Virgin Islands,1990,18.01510574018127
1839,Virgin Islands,1991,23.57758620689655
1840,Virgin Islands,1992,27.356435643564357
1841,Virgin Islands,1993,21.867977528089888
1842,Virgin Islands,1994,25.439606741573034
1843,Virgin Islands,1995,9.587436332767403
1844,Virgin Islands,1996,9.417952314165499
1845,Virgin Islands,1997,9.7012012012012
1846,Virgin Islands,1998,10.699933906146729
1847,Virgin Islands,1999,7.04224502112251
1848,Virgin Islands,2000,7.3991031390134525
1849,Virgin Islands,2001,5.759902498476539
1850,Virgin Islands,2002,7.451216814159292
1851,Virgin Islands,2003,7.411469933184855
1852,Virgin Islands,2004,5.903569436698271
1853,Virgin Islands,2005,4.436256983240224
1854,Virgin Islands,2006,5.339174107142857
1855,Virgin Islands,2007,5.063583815028902
1856,Virgin Islands,2008,5.775439591605219
1857,Virgin Islands,2009,3.8780957622454597
1858,Virgin Islands,2010,3.508314606741573
1859,Virgin Islands,2011,4.85072869955157
1860,Virgin Islands,2012,2.2299120234604106
1861,Virgin Islands,2013,1.1982142857142857
1862,Virginia,1980,24.25213210702341
1863,Virginia,1981,21.172059138632953
1864,Virginia,1982,19.552800642441277
1865,Virginia,1983,17.47230861244019
1866,Virginia,1984,17.447256925583922
1867,Virginia,1985,16.815324427480917
1868,Virginia,1986,17.772132439889635
1869,Virginia,1987,16.597729132569558
1870,Virginia,1988,16.895667951916533
1871,Virginia,1989,22.342168391345247
1872,Virginia,1990,19.852228248054704
1873,Virginia,1991,18.82883008356546
1874,Virginia,1992,16.787978011472273
1875,Virginia,1993,18.85213322323149
1876,Virginia,1994,17.6927600554785
1877,Virginia,1995,15.215548517132161
1878,Virginia,1996,16.126796116504853
1879,Virginia,1997,16.301845121610288
1880,Virginia,1998,14.951941352158567
1881,Virginia,1999,13.891488250652742
1882,Virginia,2000,14.377334337349398
1883,Virginia,2001,13.468736383442264
1884,Virginia,2002,12.57850078084331
1885,Virginia,2003,11.954417773237997
1886,Virginia,2004,12.008150229943793
1887,Virginia,2005,11.68956896551724
1888,Virginia,2006,9.67992489890237
1889,Virginia,2007,10.65086932136848
1890,Virginia,2008,8.416619559072922
1891,Virginia,2009,6.914387211367673
1892,Virginia,2010,5.77331515387612
1893,Virginia,2011,4.70268012530456
1894,Virginia,2012,3.080612600069614
1895,Virginia,2013,3.2612128612128615
1896,Virginia,2014,2.9375516956162118
1897,Virginia,2015,1.7178257394084733
1898,Virginia,2016,1.251971037811746
1899,Virginia,2017,7.500647887323943
1900,Virginia,2018,2.346844319775596
1901,Virginia,2019,3.3364739069111424
1902,Washington,1980,34.92537313432836
1903,Washington,1981,34.07295597484277
1904,Washington,1982,29.42810072958343
1905,Washington,1983,29.786990380210717
1906,Washington,1984,32.90828214361364
1907,Washington,1985,29.97319034852547
1908,Washington,1986,31.97671194898808
1909,Washington,1987,29.784172661870503
1910,Washington,1988,28.48379052369077
1911,Washington,1989,28.951592356687897
1912,Washington,1990,24.766389066837498
1913,Washington,1991,23.37211807800043
1914,Washington,1992,23.94184251158003
1915,Washington,1993,18.951798010711553
1916,Washington,1994,21.86770637268083
1917,Washington,1995,20.18635088812714
1918,Washington,1996,16.96150234741784
1919,Washington,1997,15.541368078175896
1920,Washington,1998,15.208020050125313
1921,Washington,1999,13.085267645665562
1922,Washington,2000,7.296308724832215
1923,Washington,2001,6.718246110325318
1924,Washington,2002,5.354794520547945
1925,Washington,2003,6.28
1926,Washington,2004,5.36264367816092
1927,Washington,2005,6.790063091482649
1928,Washington,2006,5.563583815028902
1929,Washington,2007,4.444391025641026
1930,Washington,2008,2.4757383966244726
1931,Washington,2009,2.577932960893855
1932,Washington,2010,3.311504424778761
1933,Washington,2011,2.1282087447108604
1934,Washington,2012,1.909004739336493
1935,Washington,2013,1.2767201834862385
1936,Washington,2014,1.0199115044247788
1937,Washington,2015,1.099284862932062
1938,Washington,2016,0.8450000000000001
1939,Washington,2017,5.66957424714434
1940,Washington,2018,5.524783445620789
1941,Washington,2019,4.920835356969403
1942,West Virginia,1980,55.4544776119403
1943,West Virginia,1981,40.21986607142857
1944,West Virginia,1982,57.74476513865309
1945,West Virginia,1983,60.22650334075724
1946,West Virginia,1984,63.15646940822467
1947,West Virginia,1985,54.672238805970146
1948,West Virginia,1986,61.41633545310016
1949,West Virginia,1987,64.46703082325399
1950,West Virginia,1988,63.696693907875186
1951,West Virginia,1989,57.90926083262532
1952,West Virginia,1990,57.93089229754247
1953,West Virginia,1991,53.62323943661972
1954,West Virginia,1992,46.51710697271546
1955,West Virginia,1993,54.236942362049895
1956,West Virginia,1994,52.572931187428715
1957,West Virginia,1995,32.43123856009762
1958,West Virginia,1996,31.21550686250903
1959,West Virginia,1997,33.76328931306181
1960,West Virginia,1998,36.0361459786146
1961,West Virginia,1999,37.59022646007151
1962,West Virginia,2000,35.06
1963,West Virginia,2001,32.86857419980601
1964,West Virginia,2002,30.047343238478973
1965,West Virginia,2003,31.378130326471744
1966,West Virginia,2004,30.789646426972997
1967,West Virginia,2005,29.802801724137932
1968,West Virginia,2006,28.262446422683812
1969,West Virginia,2007,28.95256985167299
1970,West Virginia,2008,25.60885989010989
1971,West Virginia,2009,19.872177839527613
1972,West Virginia,2010,14.090356211989574
1973,West Virginia,2011,12.29506757942777
1974,West Virginia,2012,9.379123951537744
1975,West Virginia,2013,7.565259117082533
1976,West Virginia,2014,7.428756957328386
1977,West Virginia,2015,5.9014
1978,West Virginia,2016,4.705841307814992
1979,West Virginia,2017,5.224458747805734
1980,West Virginia,2018,5.439034992392958
1981,West Virginia,2019,5.221824607908107
1982,West Virginia,2020,1.2131147540983607
1983,Wisconsin,1980,24.248945369558868
1984,Wisconsin,1981,28.868271621995024
1985,Wisconsin,1982,29.47831409097232
1986,Wisconsin,1983,27.502799298348194
1987,Wisconsin,1984,29.87445487824288
1988,Wisconsin,1985,25.807177260165812
1989,Wisconsin,1986,23.07126498963123
1990,Wisconsin,1987,18.187776517300055
1991,Wisconsin,1988,21.874717514124296
1992,Wisconsin,1989,20.393094308035717
1993,Wisconsin,1990,22.050215384615385
1994,Wisconsin,1991,18.586974557522122
1995,Wisconsin,1992,15.467866323907455
1996,Wisconsin,1993,14.127564979480164
1997,Wisconsin,1994,13.650757077024359
1998,Wisconsin,1995,13.133489461358314
1999,Wisconsin,1996,13.069656488549619
2000,Wisconsin,1997,14.071776694727514
2001,Wisconsin,1998,13.345454545454546
2002,Wisconsin,1999,16.05833716123105
2003,Wisconsin,2000,15.278134110787173
2004,Wisconsin,2001,14.899069434502506
2005,Wisconsin,2002,15.47918593894542
2006,Wisconsin,2003,9.22975301550833
2007,Wisconsin,2004,11.0784069695084
2008,Wisconsin,2005,12.657784011220196
2009,Wisconsin,2006,11.972972972972974
2010,Wisconsin,2007,14.625336322869956
2011,Wisconsin,2008,12.170034843205574
2012,Wisconsin,2009,10.153037037037038
2013,Wisconsin,2010,9.422851002865329
2014,Wisconsin,2011,8.164273696017947
2015,Wisconsin,2012,8.454330708661416
2016,Wisconsin,2013,6.555721625408687
2017,Wisconsin,2014,7.0444960520204365
2018,Wisconsin,2015,6.146915887850467
2019,Wisconsin,2016,2.977695511337344
2020,Wisconsin,2017,2.4390243902439024
2021,Wisconsin,2018,2.420509757068897
2022,Wisconsin,2019,1.2523884721673906
2023,Wyoming,1994,48.904761904761905
2024,Wyoming,1995,78.71990291262135
2025,Wyoming,2002,14.473972602739726
2026,Wyoming,2003,10.881542699724518
2027,Wyoming,2004,10.654616588419406
2028,Wyoming,2005,10.681593927893738
2029,Wyoming,2006,6.558880778588807
2030,Wyoming,2007,3.970876132930514
2031,Wyoming,2008,4.388636363636364
2032,Wyoming,2009,3.7399244332493704
2033,Wyoming,2010,5.694800884955753
2034,Wyoming,2011,4.946078961600865
2035,Wyoming,2012,5.039191419141914
2036,Wyoming,2013,4.198109412711182
2037,Wyoming,2014,4.223809523809524
2038,Wyoming,2015,3.015245641838352
2039,Wyoming,2016,2.6105542296473083
2040,Wyoming,2017,3.2539715639810427
2041,Wyoming,2018,2.7703793381759483
2042,Wyoming,2019,2.0932157676348546
